STATUS	https://gamesdb.launchbox-app.com/	200
STATUS	https://gamesdb.launchbox-app.com/Metadata.zip	200
STATUS	https://images.launchbox-app.com/	404
STATUS	https://gamesdb.launchbox-app.com/games/search?search=pokemon	200
GAME	172065	Bag Monster Ultimate Collector’s Edition	Nintendo Game Boy Advance
GAME	173394	Countryball: Catch 'em All!	Nintendo Game Boy Advance
GAME	474560	Digimon Adventure TCG Remastered	Nintendo Game Boy Color
GAME	173899	Digimon Escape from Server Island	Nintendo Game Boy Advance
GAME	464423	Freezai's Mountain	Nintendo Game Boy Advance
GAME	480759	Game Boy Advance Video: Pokemon: Volume 3	Nintendo Game Boy Advance
GAME	179925	Game Boy Advance Video: Pokémon: Volume 1	Nintendo Game Boy Advance
GAME	204441	Game Boy Advance Video: Pokémon: Volume 2	Nintendo Game Boy Advance
GAME	453494	Game Boy Advance Video: Pokémon: Volume 3	Nintendo Game Boy Advance
GAME	195827	Game Boy Advance Video: Pokémon: Volume 4	Nintendo Game Boy Advance
GAME	424017	Kanto Expansion Pak	Nintendo Game Boy
GAME	454474	Karpe Diem: Pokémon Fishing Contest	Nintendo Game Boy Color
GAME	453502	Pocket Monsters Ao	Nintendo Game Boy
GAME	466036	Pocket Monsters Diamond: Pocket Monsters Pearl: Manaphy Present Campaign Senyou Cartridge	Nintendo Game Boy Advance
GAME	466044	Pocket Monsters Diamond: Tomodachi to Issho ni!: Present Campaign Senyou Cartridge	Nintendo Game Boy Advance
GAME	456746	Pocket Monsters Gin (Spaceworld 1997 Demo)	Nintendo Game Boy
GAME	183081	Pocket Monsters Go! Go!	Nintendo Game Boy Color
GAME	451809	PokeMetroid	Nintendo Game Boy Advance
GAME	478399	Pokemon Crystal Leaf	Nintendo Game Boy Color
GAME	479928	Pokemon Evergreen Version	Nintendo Game Boy Advance
GAME	476027	Pokemon Heart & Soul	Nintendo Game Boy Advance
GAME	454417	Pokettohiro!	Nintendo Game Boy Color
GAME	469011	PokéEscape	Nintendo Game Boy Advance
GAME	173244	Pokémon 2awesome	Nintendo Game Boy Advance
GAME	456888	Pokémon : Evolved	Nintendo Game Boy Advance
GAME	173246	Pokémon A GRAND DAY OUT	Nintendo Game Boy Advance
GAME	173250	Pokémon Abandoned Ruby	Nintendo Game Boy Advance
GAME	173251	Pokémon Adamantite	Nintendo Game Boy Advance
GAME	173252	Pokémon Advanced	Nintendo Game Boy Advance
GAME	128645	Pokémon Advanced Adventure	Nintendo Game Boy Advance
GAME	183082	Pokémon Adventure	Nintendo Game Boy Color
GAME	173278	Pokémon Adventure Blue Chapter	Nintendo Game Boy Advance
GAME	173294	Pokémon Adventure Green Chapter	Nintendo Game Boy Advance
GAME	173279	Pokémon Adventures Gold Chapter	Nintendo Game Boy Advance
GAME	173292	Pokémon Adventures Red Chapter	Nintendo Game Boy Advance
GAME	173290	Pokémon Adventures Yellow Chapter	Nintendo Game Boy Advance
GAME	464465	Pokémon Aesthetic Red	Nintendo Game Boy Advance
GAME	173289	Pokémon Alpha	Nintendo Game Boy Advance
GAME	128739	Pokémon Altair	Nintendo Game Boy Advance
GAME	451430	Pokémon AlteRed	Nintendo Game Boy Advance
GAME	173288	Pokémon Alternate Evolutions	Nintendo Game Boy Advance
GAME	173287	Pokémon Alternate Nusantara	Nintendo Game Boy Advance
GAME	173286	Pokémon Amaryllis	Nintendo Game Boy Advance
GAME	173285	Pokémon Amazing Cortana	Nintendo Game Boy Advance
GAME	173284	Pokémon Amnesia	Nintendo Game Boy Advance
GAME	212677	Pokémon Ancient	Nintendo Game Boy Advance
GAME	451439	Pokémon Anniversary Crystal	Nintendo Game Boy Color
GAME	420610	Pokémon Apocalypse	Nintendo Game Boy Advance
GAME	151813	Pokémon Apollo	Nintendo Game Boy Advance
GAME	173283	Pokémon Aqua Blue	Nintendo Game Boy Advance
GAME	173282	Pokémon Aquamarine	Nintendo Game Boy Advance
GAME	173281	Pokémon Arcoiris	Nintendo Game Boy Advance
GAME	182126	Pokémon Ash Journey	Nintendo Game Boy Advance
GAME	173280	Pokémon Ash's Quest	Nintendo Game Boy Advance
GAME	122179	Pokémon AshGray	Nintendo Game Boy Advance
GAME	423265	Pokémon Atlas Emerald	Nintendo Game Boy Advance
GAME	165260	Pokémon Avventura a Fento	Nintendo Game Boy Advance
GAME	423025	Pokémon Azure Horizons	Nintendo Game Boy Advance
GAME	419728	Pokémon Battle Factory	Nintendo Game Boy
GAME	173314	Pokémon Battle Ultimate	Nintendo Game Boy Advance
GAME	173312	Pokémon Bidoof Version	Nintendo Game Boy Advance
GAME	213413	Pokémon Black	Nintendo Game Boy
GAME	212678	Pokémon Black Dark	Nintendo Game Boy Advance
GAME	423282	Pokémon Black and White 3 Genesis	Nintendo Game Boy Color
GAME	173313	Pokémon Blast Burn	Nintendo Game Boy Advance
GAME	128695	Pokémon Blazed Glazed	Nintendo Game Boy Advance
GAME	182095	Pokémon Blue Before Elite	Nintendo Game Boy
GAME	453706	Pokémon Blue DX	Nintendo Game Boy
GAME	182094	Pokémon Blue Edition: Enhanced	Nintendo Game Boy
GAME	206742	Pokémon Blue Kaizo	Nintendo Game Boy
GAME	212679	Pokémon Blue Stars 2	Nintendo Game Boy Advance
GAME	174212	Pokémon Blue Tears	Nintendo Game Boy
GAME	182093	Pokémon Blue Upgrade	Nintendo Game Boy
GAME	2357	Pokémon Blue Version	Nintendo Game Boy
GAME	200075	Pokémon Blue Version Full Color Hack	Nintendo Game Boy Color
GAME	419731	Pokémon Blue: 151	Nintendo Game Boy
GAME	182092	Pokémon Breeders Edition	Nintendo Game Boy
GAME	215351	Pokémon Bronze 2 Version	Nintendo Game Boy Color
GAME	168028	Pokémon Bronze Version	Nintendo Game Boy Color
GAME	128627	Pokémon Brown Version	Nintendo Game Boy
GAME	173310	Pokémon Brutal Version	Nintendo Game Boy Advance
GAME	173315	Pokémon Bug Version	Nintendo Game Boy Advance
GAME	173316	Pokémon Burning Ruby Advanced	Nintendo Game Boy Advance
GAME	128752	Pokémon CAWPS	Nintendo Game Boy Advance
GAME	107332	Pokémon Card GB2: GR-dan Sanjou!	Nintendo Game Boy Color
GAME	206981	Pokémon Catastrophe	Nintendo Game Boy Advance
GAME	473386	Pokémon Celadon Version	Nintendo Game Boy
GAME	458186	Pokémon Celebrations: Blue Version	Nintendo Game Boy
GAME	458188	Pokémon Celebrations: Green Version	Nintendo Game Boy
GAME	458185	Pokémon Celebrations: Red Version	Nintendo Game Boy
GAME	173317	Pokémon Cerice	Nintendo Game Boy Advance
GAME	190732	Pokémon Chaos 2	Nintendo Game Boy Advance
GAME	128742	Pokémon Chaos Black	Nintendo Game Boy Advance
GAME	202267	Pokémon Chileno Version	Nintendo Game Boy Advance
GAME	128631	Pokémon Christmas	Nintendo Game Boy Color
GAME	173318	Pokémon Chrome	Nintendo Game Boy Advance
GAME	172076	Pokémon Chronicles of Soala	Nintendo Game Boy Advance
GAME	173320	Pokémon Cintrine	Nintendo Game Boy Advance
GAME	204437	Pokémon Classic 151	Nintendo Game Boy Advance
GAME	173321	Pokémon Classified	Nintendo Game Boy Advance
GAME	173386	Pokémon Clay's Calamity II	Nintendo Game Boy Advance
GAME	173371	Pokémon Clays' Calamity	Nintendo Game Boy Advance
GAME	173389	Pokémon Clays' Calamity III	Nintendo Game Boy Advance
GAME	173375	Pokémon Clear Ocean	Nintendo Game Boy Advance
GAME	128744	Pokémon Cloud White	Nintendo Game Boy Advance
GAME	136247	Pokémon Cloud White 2	Nintendo Game Boy Advance
GAME	136224	Pokémon Cloud White 3	Nintendo Game Boy Advance
GAME	140146	Pokémon Clover	Nintendo Game Boy Advance
GAME	451429	Pokémon Coastal Version	Nintendo Game Boy Advance
GAME	173387	Pokémon Cobalt	Nintendo Game Boy Advance
GAME	173390	Pokémon Conversion Emerald	Nintendo Game Boy Advance
GAME	423248	Pokémon Coral Version	Nintendo Game Boy Color
GAME	173391	Pokémon Cosmic Emerald	Nintendo Game Boy Advance
GAME	173417	Pokémon Creepy Black	Nintendo Game Boy Advance
GAME	173418	Pokémon Crimson	Nintendo Game Boy Advance
GAME	463291	Pokémon Crimson Red	Nintendo Game Boy Advance
GAME	173414	Pokémon Crono	Nintendo Game Boy Advance
GAME	470283	Pokémon Crossroads	Nintendo Game Boy Advance
GAME	421018	Pokémon Crown	Nintendo Game Boy Advance
GAME	173440	Pokémon Crush	Nintendo Game Boy Advance
GAME	478391	Pokémon Crystal Awakening	Nintendo Game Boy Color
GAME	155591	Pokémon Crystal Clear	Nintendo Game Boy Color
GAME	478394	Pokémon Crystal Inheritance	Nintendo Game Boy Color
GAME	206608	Pokémon Crystal Kaizo	Nintendo Game Boy Color
GAME	449720	Pokémon Crystal Legacy	Nintendo Game Boy Color
GAME	217738	Pokémon Crystal Maeson	Nintendo Game Boy Color
GAME	478469	Pokémon Crystal Mirror	Nintendo Game Boy Color
GAME	478476	Pokémon Crystal Prodigy	Nintendo Game Boy Color
GAME	173419	Pokémon Crystal Shards	Nintendo Game Boy Advance
GAME	423249	Pokémon Crystal Ultimate	Nintendo Game Boy Color
GAME	2362	Pokémon Crystal Version	Nintendo Game Boy Color
GAME	217876	Pokémon Crystal Version: Dunsparce Edition	Nintendo Game Boy Color
GAME	217877	Pokémon Crystal Version: Emu Edition	Nintendo Game Boy Color
GAME	128630	Pokémon Crystal World	Nintendo Game Boy Color
GAME	173412	Pokémon CrystalDust	Nintendo Game Boy Advance
GAME	173421	Pokémon Crystallos	Nintendo Game Boy Advance
GAME	128746	Pokémon Cyan	Nintendo Game Boy Advance
GAME	173693	Pokémon DPS Edition	Nintendo Game Boy Advance
GAME	173694	Pokémon DR	Nintendo Game Boy Advance
GAME	173425	Pokémon Daia	Nintendo Game Boy Advance
GAME	173428	Pokémon Dardusk	Nintendo Game Boy Advance
GAME	173447	Pokémon Dark	Nintendo Game Boy Advance
GAME	173429	Pokémon Dark Begin	Nintendo Game Boy Advance
GAME	173448	Pokémon Dark Blue	Nintendo Game Boy Advance
GAME	219569	Pokémon Dark Cry Version	Nintendo Game Boy Advance
GAME	173431	Pokémon Dark Cry: The Legend of Giratina	Nintendo Game Boy Advance
GAME	173434	Pokémon Dark Crystal	Nintendo Game Boy Advance
GAME	140880	Pokémon Dark Energy	Nintendo Game Boy Color
GAME	173438	Pokémon Dark Knight	Nintendo Game Boy Advance
GAME	173441	Pokémon Dark Realm	Nintendo Game Boy Advance
GAME	128290	Pokémon Dark Rising	Nintendo Game Boy Advance
GAME	128800	Pokémon Dark Rising II	Nintendo Game Boy Advance
GAME	128803	Pokémon Dark Rising Origins: Worlds Collide	Nintendo Game Boy Advance
GAME	128802	Pokémon Dark Rising: Order Destroyed	Nintendo Game Boy Advance
GAME	173446	Pokémon Dark Violet	Nintendo Game Boy Advance
GAME	173450	Pokémon DarkJasper	Nintendo Game Boy Advance
GAME	173449	Pokémon Darkfire	Nintendo Game Boy Advance
GAME	173452	Pokémon Darkness Falls	Nintendo Game Boy Advance
GAME	173514	Pokémon Delta Emerald	Nintendo Game Boy Advance
GAME	173550	Pokémon Delta Fusion	Nintendo Game Boy Advance
GAME	173551	Pokémon Delta Green	Nintendo Game Boy Advance
GAME	173552	Pokémon Deneb	Nintendo Game Boy Advance
GAME	173668	Pokémon Derp Emerald	Nintendo Game Boy Advance
GAME	173669	Pokémon Derpizard	Nintendo Game Boy Advance
GAME	173675	Pokémon Desert Version	Nintendo Game Boy Advance
GAME	173681	Pokémon Diabound	Nintendo Game Boy Advance
GAME	128620	Pokémon Diamond	Nintendo Game Boy Color
GAME	173682	Pokémon Digimon FireRed	Nintendo Game Boy Advance
GAME	173690	Pokémon Dimension Legends	Nintendo Game Boy Advance
GAME	173667	Pokémon Discovery	Nintendo Game Boy Advance
GAME	173691	Pokémon Distortion Black	Nintendo Game Boy Advance
GAME	173686	Pokémon Drab Conspiracy	Nintendo Game Boy Advance
GAME	142463	Pokémon Dragon Ball Z Team Training	Nintendo Game Boy Advance
GAME	173685	Pokémon Dragonstone	Nintendo Game Boy Advance
GAME	173684	Pokémon Dragonstone 2	Nintendo Game Boy Advance
GAME	173687	Pokémon Dream Seasons	Nintendo Game Boy Advance
GAME	173688	Pokémon Dreary	Nintendo Game Boy Advance
GAME	173726	Pokémon Easter Revolution	Nintendo Game Boy Advance
GAME	173735	Pokémon Eccentric Emerald	Nintendo Game Boy Advance
GAME	173727	Pokémon Echo Emerald	Nintendo Game Boy Advance
GAME	173731	Pokémon Eclipse	Nintendo Game Boy Advance
GAME	204549	Pokémon Edición Team Rocket	Nintendo Game Boy Advance
GAME	173736	Pokémon Electric Yellow	Nintendo Game Boy Advance
GAME	173737	Pokémon Electro Ball	Nintendo Game Boy Advance
GAME	173740	Pokémon Elegant Emerald	Nintendo Game Boy Advance
GAME	173776	Pokémon Elemental Rift	Nintendo Game Boy Advance
GAME	173777	Pokémon Elite Quest	Nintendo Game Boy Advance
GAME	423576	Pokémon Elite Redux	Nintendo Game Boy Advance
GAME	470710	Pokémon Emerald 386	Nintendo Game Boy Advance
GAME	173780	Pokémon Emerald 802	Nintendo Game Boy Advance
GAME	173782	Pokémon Emerald Advanced	Nintendo Game Boy Advance
GAME	418594	Pokémon Emerald Ambulation	Nintendo Game Boy Advance
GAME	173784	Pokémon Emerald Balanced	Nintendo Game Boy Advance
GAME	418556	Pokémon Emerald Chaos Ambulation	Nintendo Game Boy Advance
GAME	423009	Pokémon Emerald Crest	Nintendo Game Boy Advance
GAME	453805	Pokémon Emerald DX	Nintendo Game Boy Advance
GAME	173695	Pokémon Emerald Double Version	Nintendo Game Boy Advance
GAME	171873	Pokémon Emerald Enhanced	Nintendo Game Boy Advance
GAME	173788	Pokémon Emerald Epsilon	Nintendo Game Boy Advance
GAME	173895	Pokémon Emerald Expert	Nintendo Game Boy Advance
GAME	423022	Pokémon Emerald Final	Nintendo Game Boy Advance
GAME	173790	Pokémon Emerald Genesis	Nintendo Game Boy Advance
GAME	173791	Pokémon Emerald Green	Nintendo Game Boy Advance
GAME	173792	Pokémon Emerald Hard Edition	Nintendo Game Boy Advance
GAME	422998	Pokémon Emerald Horizons	Nintendo Game Boy Advance
GAME	470705	Pokémon Emerald Imperium	Nintendo Game Boy Advance
GAME	206778	Pokémon Emerald Kaizo	Nintendo Game Boy Advance
GAME	478239	Pokémon Emerald Legacy Enhanced	Nintendo Game Boy Advance
GAME	173902	Pokémon Emerald Lucario	Nintendo Game Boy Advance
GAME	173905	Pokémon Emerald Omega	Nintendo Game Boy Advance
GAME	173904	Pokémon Emerald Renewal	Nintendo Game Boy Advance
GAME	421083	Pokémon Emerald Rogue	Nintendo Game Boy Advance
GAME	450813	Pokémon Emerald Seaglass	Nintendo Game Boy Advance
GAME	2365	Pokémon Emerald Version	Nintendo Game Boy Advance
GAME	471349	Pokémon Emerald Version: Party Randomizer	Nintendo Game Boy Advance
GAME	173787	Pokémon Emerald of Dreams	Nintendo Game Boy Advance
GAME	174576	Pokémon Emerald: Wally Version	Nintendo Game Boy Advance
GAME	173900	Pokémon Eruption	Nintendo Game Boy Advance
GAME	165012	Pokémon Eternal Snow	Nintendo Game Boy Advance
GAME	173897	Pokémon Evil Drill 1 Star Stone	Nintendo Game Boy Advance
GAME	463299	Pokémon Evo-Yellow	Nintendo Game Boy
GAME	173894	Pokémon Extra	Nintendo Game Boy Advance
GAME	173892	Pokémon Extreme Red	Nintendo Game Boy Advance
GAME	207220	Pokémon Factory Adventure	Nintendo Game Boy Color
GAME	173890	Pokémon Fantasia	Nintendo Game Boy Advance
GAME	463050	Pokémon Faria Version	Nintendo Game Boy Advance
GAME	173888	Pokémon Fat Kid	Nintendo Game Boy Advance
GAME	173887	Pokémon Final Red	Nintendo Game Boy Advance
GAME	173886	Pokémon Fire Blast	Nintendo Game Boy Advance
GAME	423007	Pokémon Fire Gold 	Nintendo Game Boy Advance
GAME	443861	Pokémon Fire Red Extended	Nintendo Game Boy Advance
GAME	423018	Pokémon Fire Red Legacy	Nintendo Game Boy Advance
GAME	463052	Pokémon Fire Red Legends	Nintendo Game Boy Advance
GAME	451436	Pokémon Fire Red Multiverse	Nintendo Game Boy Advance
GAME	197826	Pokémon Fire Red Omega	Nintendo Game Boy Advance
GAME	421176	Pokémon Fire of Victory	Nintendo Game Boy Advance
GAME	173884	Pokémon FireRed Backwards Edition	Nintendo Game Boy Advance
GAME	463079	Pokémon FireRed Bill's Secret Garden	Nintendo Game Boy Advance
GAME	173883	Pokémon FireRed Evolution	Nintendo Game Boy Advance
GAME	463084	Pokémon FireRed Reignited	Nintendo Game Boy Advance
GAME	165406	Pokémon FireRed Remixed	Nintendo Game Boy Advance
GAME	184862	Pokémon FireRed Rocket Edition	Nintendo Game Boy Advance
GAME	3490	Pokémon FireRed Version	Nintendo Game Boy Advance
GAME	468156	Pokémon FireRed: VR Missions	Nintendo Game Boy Advance
GAME	174549	Pokémon Flare	Nintendo Game Boy Advance
GAME	128817	Pokémon Flora Sky	Nintendo Game Boy Advance
GAME	212772	Pokémon Fool's Gold	Nintendo Game Boy Color
GAME	463303	Pokémon Forever Yellow	Nintendo Game Boy
GAME	128819	Pokémon Fuligin	Nintendo Game Boy Advance
GAME	417967	Pokémon Fusion Origins	Nintendo Game Boy Advance
GAME	194615	Pokémon GS Chronicles	Nintendo Game Boy Advance
GAME	155525	Pokémon Gaia	Nintendo Game Boy Advance
GAME	172157	Pokémon Galacta	Nintendo Game Boy Advance
GAME	478474	Pokémon Gauntlet Gold	Nintendo Game Boy Color
GAME	423008	Pokémon Genesis	Nintendo Game Boy Advance
GAME	173456	Pokémon Giratina Strikes Back	Nintendo Game Boy Advance
GAME	213496	Pokémon Girls Hunter	Nintendo Game Boy Advance
GAME	213497	Pokémon Girls Hunter 2	Nintendo Game Boy Advance
GAME	213498	Pokémon Girls Hunter Halloween 	Nintendo Game Boy Advance
GAME	128291	Pokémon Glazed	Nintendo Game Boy Advance
GAME	423016	Pokémon Glimmering Emerald	Nintendo Game Boy Advance
GAME	206917	Pokémon God of Arena	Nintendo Game Boy Color
GAME	207791	Pokémon Gold 97: Reforged	Nintendo Game Boy Color
GAME	478479	Pokémon Gold Sinnoh	Nintendo Game Boy Color
GAME	478717	Pokémon Gold Unova	Nintendo Game Boy Color
GAME	2360	Pokémon Gold Version	Nintendo Game Boy Color
GAME	165402	Pokémon Gold Version (Spaceworld 1997 Demo)	Nintendo Game Boy
GAME	468526	Pokémon Grand Dad Version	Nintendo Game Boy Advance
GAME	209622	Pokémon Grape	Nintendo Game Boy
GAME	455671	Pokémon Green Version	Nintendo Game Boy
GAME	182091	Pokémon Grey	Nintendo Game Boy
GAME	172160	Pokémon HarvestCraft	Nintendo Game Boy Advance
GAME	462955	Pokémon Heart & Soul	Nintendo Game Boy Advance
GAME	158678	Pokémon Hoenn Adventures	Nintendo Game Boy Advance
GAME	173424	Pokémon Holidays Hacks Halloween (Cursed Version)	Nintendo Game Boy Advance
GAME	172161	Pokémon Hollow Mysteries	Nintendo Game Boy Advance
GAME	420312	Pokémon Hypno's Lullaby	Nintendo Game Boy Advance
GAME	423253	Pokémon Inflamed Red	Nintendo Game Boy Advance
GAME	463628	Pokémon Intense Indigo	Nintendo Game Boy
GAME	204440	Pokémon Islas Doradas	Nintendo Game Boy Advance
GAME	215176	Pokémon Jade Version: Special Pikachu Edition	Nintendo Game Boy Color
GAME	172162	Pokémon Joel's Bizarre PokeVenture	Nintendo Game Boy Color
GAME	423578	Pokémon Johto Legends	Nintendo Game Boy Color
GAME	162120	Pokémon Jupiter	Nintendo Game Boy Advance
GAME	423252	Pokémon Kalos Crystal	Nintendo Game Boy Color
GAME	172164	Pokémon Kanlara Ultimate	Nintendo Game Boy Advance
GAME	204504	Pokémon Kanto Adventures	Nintendo Game Boy Advance
GAME	163489	Pokémon Korosu	Nintendo Game Boy Advance
GAME	463423	Pokémon Lazarus	Nintendo Game Boy Advance
GAME	463087	Pokémon LeafGreen Regrown	Nintendo Game Boy Advance
GAME	2314	Pokémon LeafGreen Version	Nintendo Game Boy Advance
GAME	206508	Pokémon Legends Red	Nintendo Game Boy Advance
GAME	205122	Pokémon Let's Go Eevee!	Nintendo Game Boy Advance
GAME	206425	Pokémon Let's Go Lugia!	Nintendo Game Boy Advance
GAME	205123	Pokémon Let's Go Pikachu!	Nintendo Game Boy Advance
GAME	155579	Pokémon Life	Nintendo Game Boy Advance
GAME	128292	Pokémon Light Platinum	Nintendo Game Boy Advance
GAME	165706	Pokémon Liquid Crystal	Nintendo Game Boy Advance
GAME	172220	Pokémon Liquid Ocean	Nintendo Game Boy Advance
GAME	456996	Pokémon Little Cup Red	Nintendo Game Boy
GAME	478484	Pokémon Lunatic Crystal	Nintendo Game Boy Color
GAME	172223	Pokémon Magikarp’s Adventure	Nintendo Game Boy Advance
GAME	206209	Pokémon Mansion Mystery	Nintendo Game Boy Advance
GAME	128618	Pokémon Marble	Nintendo Game Boy Advance
GAME	458404	Pokémon Marron Merda	Nintendo Game Boy Advance
GAME	462830	Pokémon Maxie's Island	Nintendo Game Boy Advance
GAME	463180	Pokémon Mega Blue	Nintendo Game Boy Advance
GAME	155061	Pokémon Mega Fire Red	Nintendo Game Boy Advance
GAME	128822	Pokémon Mega Power	Nintendo Game Boy Advance
GAME	182090	Pokémon Meowth	Nintendo Game Boy
GAME	172037	Pokémon Mirage of Tales	Nintendo Game Boy Advance
GAME	423271	Pokémon Modern Emerald	Nintendo Game Boy Advance
GAME	419173	Pokémon Moon Emerald	Nintendo Game Boy Advance
GAME	451438	Pokémon Moon Galaxy	Nintendo Game Boy Advance
GAME	2372	Pokémon Mystery Dungeon: Red Rescue Team	Nintendo Game Boy Advance
GAME	476152	Pokémon Mystery Dungeon: Red Rescue Team EX	Nintendo Game Boy Advance
GAME	206404	Pokémon Mystical	Nintendo Game Boy Advance
GAME	423250	Pokémon Mythic Legends	Nintendo Game Boy Advance
GAME	174552	Pokémon Nameless	Nintendo Game Boy Advance
GAME	128619	Pokémon Naranja	Nintendo Game Boy Advance
GAME	419820	Pokémon Naranja '99	Nintendo Game Boy
GAME	182089	Pokémon Neo: Rocket Edition	Nintendo Game Boy
GAME	423254	Pokémon Neon Blue	Nintendo Game Boy Advance
GAME	423264	Pokémon New Gold Era	Nintendo Game Boy Color
GAME	423246	Pokémon Normal Version	Nintendo Game Boy Advance
GAME	423262	Pokémon Odyssey	Nintendo Game Boy Advance
GAME	206405	Pokémon Omega Red	Nintendo Game Boy Advance
GAME	128294	Pokémon Orange	Nintendo Game Boy Color
GAME	172075	Pokémon Orange Islands	Nintendo Game Boy Advance
GAME	466767	Pokémon Orb	Nintendo Game Boy Color
GAME	128828	Pokémon Order & Chaos	Nintendo Game Boy Advance
GAME	128829	Pokémon Outlaw	Nintendo Game Boy Advance
GAME	165780	Pokémon Perfect Crystal	Nintendo Game Boy Color
GAME	423255	Pokémon Peridot Version	Nintendo Game Boy Color
GAME	457147	Pokémon Periwinkle Version: Special Blobbos Edition	Nintendo Game Boy
GAME	206403	Pokémon Pesadilla	Nintendo Game Boy Advance
GAME	198155	Pokémon Picross	Nintendo Game Boy Color
GAME	128734	Pokémon Pikachu Edition	Nintendo Game Boy Color
GAME	8639	Pokémon Pinball	Nintendo Game Boy Color
GAME	217878	Pokémon Pinball Generations	Nintendo Game Boy Color
GAME	3533	Pokémon Pinball: Ruby & Sapphire	Nintendo Game Boy Advance
GAME	145867	Pokémon Pink	Nintendo Game Boy Color
GAME	455839	Pokémon Pink Version: Special Clefairy Edition	Nintendo Game Boy
GAME	462837	Pokémon Pisces	Nintendo Game Boy Advance
GAME	463634	Pokémon Play as Blue!	Nintendo Game Boy
GAME	419738	Pokémon Polished Blue	Nintendo Game Boy
GAME	145866	Pokémon Polished Crystal	Nintendo Game Boy Color
GAME	174555	Pokémon Polka Aqua	Nintendo Game Boy Advance
GAME	123007	Pokémon Prism	Nintendo Game Boy Color
GAME	457239	Pokémon Professor Oak Challenge 	Nintendo Game Boy
GAME	471750	Pokémon Puffy Pink	Nintendo Game Boy Advance
GAME	478507	Pokémon Pure Silver	Nintendo Game Boy Color
GAME	470489	Pokémon PureBlue	Nintendo Game Boy
GAME	470490	Pokémon PureGreen	Nintendo Game Boy
GAME	452984	Pokémon PureRed	Nintendo Game Boy
GAME	19067	Pokémon Puzzle Challenge	Nintendo Game Boy Color
GAME	128735	Pokémon Pyrite	Nintendo Game Boy Color
GAME	128830	Pokémon Quartz	Nintendo Game Boy Advance
GAME	471846	Pokémon Quartz Minus	Nintendo Game Boy Advance
GAME	423954	Pokémon Quetzal	Nintendo Game Boy Advance
GAME	212287	Pokémon R.O.W.E.	Nintendo Game Boy Advance
GAME	194616	Pokémon Radical Red	Nintendo Game Boy Advance
GAME	451034	Pokémon Recharged Emerald	Nintendo Game Boy Advance
GAME	451024	Pokémon Recharged Yellow	Nintendo Game Boy Advance
GAME	470696	Pokémon Record Keepers	Nintendo Game Boy Advance
GAME	463032	Pokémon Red & Blue G1S	Nintendo Game Boy Color
GAME	218000	Pokémon Red Advanced	Nintendo Game Boy
GAME	174211	Pokémon Red Blood	Nintendo Game Boy
GAME	179943	Pokémon Red DX	Nintendo Game Boy
GAME	463702	Pokémon Red Rumor	Nintendo Game Boy
GAME	182088	Pokémon Red Upgrade	Nintendo Game Boy
GAME	2356	Pokémon Red Version	Nintendo Game Boy
GAME	479986	Pokémon Red Version Full Color Hack	Nintendo Game Boy Color
GAME	128628	Pokémon Red++	Nintendo Game Boy Color
GAME	128831	Pokémon Resolute	Nintendo Game Boy Advance
GAME	450832	Pokémon Revelation	Nintendo Game Boy Advance
GAME	423565	Pokémon Rising Crystal	Nintendo Game Boy Color
GAME	463709	Pokémon Roaming Red	Nintendo Game Boy
GAME	128832	Pokémon Rocket Science	Nintendo Game Boy Advance
GAME	174556	Pokémon Rocket Strike	Nintendo Game Boy Advance
GAME	182087	Pokémon Rocket: James Version	Nintendo Game Boy
GAME	454098	Pokémon Ruby	Nintendo Game Boy Color
GAME	128836	Pokémon Ruby Destiny Life of Guardians	Nintendo Game Boy Advance
GAME	128834	Pokémon Ruby Destiny Reign of Legends	Nintendo Game Boy Advance
GAME	128835	Pokémon Ruby Destiny Rescue Ranges	Nintendo Game Boy Advance
GAME	212676	Pokémon Ruby Stars	Nintendo Game Boy Advance
GAME	2363	Pokémon Ruby Version	Nintendo Game Boy Advance
GAME	457185	Pokémon Run & Bun	Nintendo Game Boy Advance
GAME	467389	Pokémon STRIKE! Yellow Version	Nintendo Game Boy
GAME	173233	Pokémon Saffron	Nintendo Game Boy Advance
GAME	174571	Pokémon Saiph	Nintendo Game Boy Advance
GAME	478520	Pokémon Salt Crystal Version	Nintendo Game Boy Color
GAME	2364	Pokémon Sapphire Version	Nintendo Game Boy Advance
GAME	421049	Pokémon Scarlet Blaze	Nintendo Game Boy Advance
GAME	455311	Pokémon Scorched Silver	Nintendo Game Boy Advance
GAME	174572	Pokémon Septo Conquest	Nintendo Game Boy Advance
GAME	423243	Pokémon Sevii	Nintendo Game Boy Advance
GAME	172077	Pokémon Shining Victory	Nintendo Game Boy Advance
GAME	128837	Pokémon Shiny Gold Sigma	Nintendo Game Boy Advance
GAME	150790	Pokémon Sienna Version	Nintendo Game Boy Advance
GAME	212684	Pokémon Sigma Red	Nintendo Game Boy Advance
GAME	209641	Pokémon Silver 97: Reforged	Nintendo Game Boy Color
GAME	2361	Pokémon Silver Version	Nintendo Game Boy Color
GAME	128838	Pokémon Sirius	Nintendo Game Boy Advance
GAME	478560	Pokémon Small Crystal Cappuccino Deluxe Edition​	Nintendo Game Boy Color
GAME	128839	Pokémon Snakewood	Nintendo Game Boy Advance
GAME	455476	Pokémon Solus Blue	Nintendo Game Boy
GAME	423270	Pokémon Sors	Nintendo Game Boy Advance
GAME	423552	Pokémon Soul Crystal	Nintendo Game Boy Color
GAME	480556	Pokémon SoulGold	Nintendo Game Boy Advance
GAME	423258	Pokémon Sovereign of the Skies	Nintendo Game Boy Advance
GAME	470175	Pokémon Special Silver Quest	Nintendo Game Boy Color
GAME	470685	Pokémon Star Twinkle	Nintendo Game Boy Advance
GAME	174573	Pokémon Stigma Version	Nintendo Game Boy Advance
GAME	212685	Pokémon Stone Dragon	Nintendo Game Boy Advance
GAME	212688	Pokémon Stone Dragon 2	Nintendo Game Boy Advance
GAME	451432	Pokémon Sun Sky	Nintendo Game Boy Advance
GAME	130557	Pokémon Super Fire Red	Nintendo Game Boy Advance
GAME	216710	Pokémon Super Gold 97	Nintendo Game Boy Color
GAME	172039	Pokémon Super Rising Thunder	Nintendo Game Boy Advance
GAME	174577	Pokémon Sweet Version	Nintendo Game Boy Advance
GAME	140929	Pokémon Sweet: 2th Edition	Nintendo Game Boy Advance
GAME	423256	Pokémon Sword and Shield GBA	Nintendo Game Boy Advance
GAME	468163	Pokémon Sword and Shield Ultimate Plus	Nintendo Game Boy Advance
GAME	473623	Pokémon TCG Generations	Nintendo Game Boy Color
GAME	423544	Pokémon TCG Neo	Nintendo Game Boy Color
GAME	419735	Pokémon TRE: Team Rocket Edition	Nintendo Game Boy
GAME	463706	Pokémon Team Rocket Jessie&James	Nintendo Game Boy Advance
GAME	212682	Pokémon The Fall of Heroes	Nintendo Game Boy Advance
GAME	140878	Pokémon Theta Emerald	Nintendo Game Boy Advance
GAME	179937	Pokémon Theta Emerald EX	Nintendo Game Boy Advance
GAME	194632	Pokémon Theta Emerald Renev	Nintendo Game Boy Advance
GAME	463264	Pokémon Thief Ruby & Sapphire	Nintendo Game Boy Advance
GAME	453500	Pokémon Throwback	Nintendo Game Boy Advance
GAME	177162	Pokémon ThunderYellow	Nintendo Game Boy Advance
GAME	466561	Pokémon Too Many Types	Nintendo Game Boy Advance
GAME	128841	Pokémon Topaz	Nintendo Game Boy Advance
GAME	457439	Pokémon Tourmaline	Nintendo Game Boy Advance
GAME	8640	Pokémon Trading Card Game	Nintendo Game Boy Color
GAME	173885	Pokémon Trashlocke	Nintendo Game Boy Advance
GAME	206382	Pokémon Triángulo Origen	Nintendo Game Boy Advance
GAME	128736	Pokémon Ultimate End	Nintendo Game Boy Color
GAME	128293	Pokémon Ultra Violet	Nintendo Game Boy Advance
GAME	204122	Pokémon Unbound	Nintendo Game Boy Advance
GAME	173415	Pokémon Unbound Battle Frontier	Nintendo Game Boy Advance
GAME	458256	Pokémon Unova Red	Nintendo Game Boy
GAME	128842	Pokémon Vega	Nintendo Game Boy Advance
GAME	467400	Pokémon Velvet: Special Hatenna Edition	Nintendo Game Boy
GAME	212709	Pokémon Verde Musgo	Nintendo Game Boy Advance
GAME	201422	Pokémon Version Émeraude Plus	Nintendo Game Boy Advance
GAME	128843	Pokémon Victory Fire	Nintendo Game Boy Advance
GAME	423296	Pokémon Wasteland	Nintendo Game Boy Color
GAME	260636	Pokémon WaterBlue Version	Nintendo Game Boy Advance
GAME	182086	Pokémon White Version	Nintendo Game Boy
GAME	423026	Pokémon Wish	Nintendo Game Boy Advance
GAME	423579	Pokémon World Stadium	Nintendo Game Boy Advance
GAME	140879	Pokémon XY Naturia Version	Nintendo Game Boy Color
GAME	190693	Pokémon Yellow Chaos	Nintendo Game Boy Color
GAME	2359	Pokémon Yellow Version	Nintendo Game Boy
GAME	419817	Pokémon Yellow: Cramorant Edition	Nintendo Game Boy
GAME	172281	Pokémon Zandite	Nintendo Game Boy Advance
GAME	172292	Pokémon Zephyr	Nintendo Game Boy Advance
GAME	172277	Pokémon Zero Negative	Nintendo Game Boy Advance
GAME	173248	Pokémon: A New Dawn	Nintendo Game Boy Advance
GAME	197370	Pokémon: Altered Emerald	Nintendo Game Boy Advance
GAME	468785	Pokémon: Cave Escape	Nintendo Game Boy Advance
GAME	478377	Pokémon: Crib Crystal	Nintendo Game Boy Color
GAME	478364	Pokémon: Cubic Crystal	Nintendo Game Boy Color
GAME	463550	Pokémon: DX Violet	Nintendo Game Boy
GAME	420311	Pokémon: Dreams	Nintendo Game Boy Advance
GAME	151889	Pokémon: Edición Chileno	Nintendo Game Boy Advance
GAME	463294	Pokémon: Emerald Legacy	Nintendo Game Boy Advance
GAME	172066	Pokémon: Fire Red 20XX	Nintendo Game Boy Advance
GAME	453598	Pokémon: Jade Version	Nintendo Game Boy Color
GAME	182101	Pokémon: Meowth's Adventure	Nintendo Game Boy
GAME	172071	Pokémon: Mirage of Tales The Ages of Faith	Nintendo Game Boy Advance
GAME	464522	Pokémon: My Ass Version	Nintendo Game Boy Advance
GAME	468782	Pokémon: National History Museum	Nintendo Game Boy Advance
GAME	419873	Pokémon: New Hoenn	Nintendo Game Boy Advance
GAME	182096	Pokémon: Oak's Dream	Nintendo Game Boy
GAME	468160	Pokémon: Pit of 100 Trials	Nintendo Game Boy Advance
GAME	459081	Pokémon: Regulation Blue	Nintendo Game Boy
GAME	459080	Pokémon: Regulation Red	Nintendo Game Boy
GAME	470184	Pokémon: Ruby Version	Nintendo Game Boy Advance
GAME	464992	Pokémon: Sour Crystal	Nintendo Game Boy Color
GAME	456257	Pokémon: Static Yellow	Nintendo Game Boy Color
GAME	174574	Pokémon: The Darkest Timeline	Nintendo Game Boy Advance
GAME	468548	Pokémon: Too Many Types 2	Nintendo Game Boy Advance
GAME	201383	Pokémon: Version Éclat Pourpre	Nintendo Game Boy Advance
GAME	455989	Pokémon: Yellow Legacy	Nintendo Game Boy Color
GAME	443969	Shin Pokémon Blue	Nintendo Game Boy
GAME	443913	Shin Pokémon Green	Nintendo Game Boy
GAME	443904	Shin Pokémon Red	Nintendo Game Boy
GAME	451434	Star Beasts Asteroid Version	Nintendo Game Boy
GAME	456870	Super MarioMon	Nintendo Game Boy Advance
GAME	467396	Twitch Plays Pokémon: Anniversary Red	Nintendo Game Boy
IMG	Pokémon LeafGreen Version	Nintendo Game Boy Advance	Banner		Pok_mon_LeafGreen_Version__Banner____ba82aceb-40f2-4376-915d-9bcc542dfd1b.jpg
IMG	Pokémon LeafGreen Version	Nintendo Game Boy Advance	Banner	North America	Pok_mon_LeafGreen_Version__Banner__North_America__c29ad6cf-fb06-4a36-9172-46f31abb12b8.jpg
IMG	Pokémon LeafGreen Version	Nintendo Game Boy Advance	Box - 3D	Japan	Pok_mon_LeafGreen_Version__Box_-_3D__Japan__r2_239479ef-6b05-458d-9d8b-64d837ecb410.png
IMG	Pokémon LeafGreen Version	Nintendo Game Boy Advance	Box - 3D	North America	Pok_mon_LeafGreen_Version__Box_-_3D__North_America__r2_084527d1-0b62-4dee-9513-46e941c337f1.png
IMG	Pokémon LeafGreen Version	Nintendo Game Boy Advance	Box - Back	Japan	Pok_mon_LeafGreen_Version__Box_-_Back__Japan__r2_b1ed6301-d72d-4169-b278-131e8283b75b.png
IMG	Pokémon LeafGreen Version	Nintendo Game Boy Advance	Box - Back	Japan	Pok_mon_LeafGreen_Version__Box_-_Back__Japan__7c5bc356-cbe0-40c1-9c80-7131ccaaa83c.jpg
IMG	Pokémon LeafGreen Version	Nintendo Game Boy Advance	Box - Back	North America	Pok_mon_LeafGreen_Version__Box_-_Back__North_America__r2_dd152233-f4b0-4c9b-8f5a-7c598def469b.png
IMG	Pokémon LeafGreen Version	Nintendo Game Boy Advance	Box - Front	North America	Pok_mon_LeafGreen_Version__Box_-_Front__North_America__eae41cfd-4297-494b-bb2b-20daa982bfae.jpg
IMG	Pokémon LeafGreen Version	Nintendo Game Boy Advance	Box - Front	Germany	Pok_mon_LeafGreen_Version__Box_-_Front__Germany__f4cbb5ae-6cc5-4518-9223-827998b1d31e.jpg
IMG	Pokémon LeafGreen Version	Nintendo Game Boy Advance	Box - Front	Japan	Pok_mon_LeafGreen_Version__Box_-_Front__Japan__6d2db888-960c-4685-9d90-d20fc81ba5c3.jpg
IMG	Pokémon LeafGreen Version	Nintendo Game Boy Advance	Box - Front	Japan	Pok_mon_LeafGreen_Version__Box_-_Front__Japan__r2_643d632a-3e2e-492c-8197-7be8b2cdb279.png
IMG	Pokémon LeafGreen Version	Nintendo Game Boy Advance	Box - Front	Spain	Pok_mon_LeafGreen_Version__Box_-_Front__Spain__c4ef73b0-0507-40ea-8310-89d5d3698a71.png
IMG	Pokémon LeafGreen Version	Nintendo Game Boy Advance	Box - Front	Europe	Pok_mon_LeafGreen_Version__Box_-_Front__Europe__ca7e44be-b441-42d9-acaa-6fb34e6d3f11.jpg
IMG	Pokémon LeafGreen Version	Nintendo Game Boy Advance	Box - Front	Italy	Pok_mon_LeafGreen_Version__Box_-_Front__Italy__579864e2-b82a-4e1a-bf17-db1421a168a5.jpg
IMG	Pokémon LeafGreen Version	Nintendo Game Boy Advance	Box - Front	Australia	Pok_mon_LeafGreen_Version__Box_-_Front__Australia__a543b4c1-0549-408e-9d02-b18643aec0c2.jpg
IMG	Pokémon LeafGreen Version	Nintendo Game Boy Advance	Box - Spine	Japan	Pok_mon_LeafGreen_Version__Box_-_Spine__Japan__r2_b3ddab12-a838-48a3-a93c-b551d8594c2a.png
IMG	Pokémon LeafGreen Version	Nintendo Game Boy Advance	Box - Spine	Japan	Pok_mon_LeafGreen_Version__Box_-_Spine__Japan__r2_2b83d8a9-71af-43b4-b3d7-f16faa383d21.png
IMG	Pokémon LeafGreen Version	Nintendo Game Boy Advance	Box - Spine	Japan	Pok_mon_LeafGreen_Version__Box_-_Spine__Japan__r2_c948f2b0-5fb9-4a90-9c84-3852a3234a81.png
IMG	Pokémon LeafGreen Version	Nintendo Game Boy Advance	Box - Spine	Japan	Pok_mon_LeafGreen_Version__Box_-_Spine__Japan__r2_a1608e53-f5e0-4cce-b6ef-ad488b494749.png
IMG	Pokémon LeafGreen Version	Nintendo Game Boy Advance	Cart - Front	Japan	Pok_mon_LeafGreen_Version__Cart_-_Front__Japan__r2_1cae7994-5ebb-40c6-a9d3-7679ccbb6e9a.png
IMG	Pokémon LeafGreen Version	Nintendo Game Boy Advance	Cart - Front	North America	Pok_mon_LeafGreen_Version__Cart_-_Front__North_America__r2_e74dca29-0431-49e2-8b25-a70828dc9f08.png
IMG	Pokémon LeafGreen Version	Nintendo Game Boy Advance	Cart - Front	Spain	Pok_mon_LeafGreen_Version__Cart_-_Front__Spain__r2_a027c84b-26dc-4cd1-9627-8e4f2b82d273.png
IMG	Pokémon LeafGreen Version	Nintendo Game Boy Advance	Clear Logo	Germany	Pok_mon_LeafGreen_Version__Clear_Logo__Germany__1a86fdb0-8729-4cef-8b2b-7599ba958ea2.png
IMG	Pokémon LeafGreen Version	Nintendo Game Boy Advance	Clear Logo	World	Pok_mon_LeafGreen_Version__Clear_Logo__World__da8ce781-6412-4745-8caf-a2f7c4d5e803.png
IMG	Pokémon LeafGreen Version	Nintendo Game Boy Advance	Clear Logo	World	Pok_mon_LeafGreen_Version__Clear_Logo__World__1b5e82db-b49a-4860-911b-b4029e0ecebd.png
IMG	Pokémon LeafGreen Version	Nintendo Game Boy Advance	Clear Logo	World	Pok_mon_LeafGreen_Version__Clear_Logo__World__d5fe229f-548d-421a-b922-3ce240245ed0.png
IMG	Pokémon LeafGreen Version	Nintendo Game Boy Advance	Clear Logo	France	Pok_mon_LeafGreen_Version__Clear_Logo__France__9fc8bb55-fce8-4457-b986-669f4ff057f8.png
IMG	Pokémon LeafGreen Version	Nintendo Game Boy Advance	Clear Logo	Japan	Pok_mon_LeafGreen_Version__Clear_Logo__Japan__r2_9c46f8e1-a1b4-446c-a5d3-11c109d57684.png
IMG	Pokémon LeafGreen Version	Nintendo Game Boy Advance	Clear Logo	Spain	Pok_mon_LeafGreen_Version__Clear_Logo__Spain__r2_d7f924a1-2850-47ff-8505-bb69f2a8e32d.png
IMG	Pokémon LeafGreen Version	Nintendo Game Boy Advance	Clear Logo		Pok_mon_LeafGreen_Version__Clear_Logo____55db7874-dfd8-4728-8150-012d0fd95d63.png
IMG	Pokémon LeafGreen Version	Nintendo Game Boy Advance	Fanart - Background	World	Pok_mon_LeafGreen_Version__Fanart_-_Background__World__r2_94f2a5c1-93fa-40bd-bcd1-ace86a4c0eb7.png
IMG	Pokémon LeafGreen Version	Nintendo Game Boy Advance	Fanart - Background		Pok_mon_LeafGreen_Version__Fanart_-_Background____a11178c3-00f6-4001-8178-2a732f740c58.jpg
IMG	Pokémon LeafGreen Version	Nintendo Game Boy Advance	Fanart - Background		Pok_mon_LeafGreen_Version__Fanart_-_Background____75c73f09-32c4-4d08-944d-9f807c61a63a.jpg
IMG	Pokémon LeafGreen Version	Nintendo Game Boy Advance	Fanart - Background		Pok_mon_LeafGreen_Version__Fanart_-_Background____ff966173-6dd4-4595-85d3-881c78e31f10.jpg
IMG	Pokémon LeafGreen Version	Nintendo Game Boy Advance	Fanart - Background		Pok_mon_LeafGreen_Version__Fanart_-_Background____e302774f-ea49-479b-bccb-2014bb1b136f.jpg
IMG	Pokémon LeafGreen Version	Nintendo Game Boy Advance	Fanart - Box - Front		Pok_mon_LeafGreen_Version__Fanart_-_Box_-_Front____38623f94-c3ff-43ef-8951-19ecc13d9cec.png
IMG	Pokémon LeafGreen Version	Nintendo Game Boy Advance	Fanart - Cart - Front	United States	Pok_mon_LeafGreen_Version__Fanart_-_Cart_-_Front__United_States__d50a0c99-ff06-4c6b-8219-8bcd508f35b6.png
IMG	Pokémon LeafGreen Version	Nintendo Game Boy Advance	Icon	World	Pok_mon_LeafGreen_Version__Icon__World__r2_1e40ff25-7ce0-4b34-85a0-b68fc6576b1a.png
IMG	Pokémon LeafGreen Version	Nintendo Game Boy Advance	Screenshot - Gameplay	World	Pok_mon_LeafGreen_Version__Screenshot_-_Gameplay__World__c12dfe7c-a32e-4371-81d5-fe6e2d013018.png
IMG	Pokémon LeafGreen Version	Nintendo Game Boy Advance	Screenshot - Gameplay	World	Pok_mon_LeafGreen_Version__Screenshot_-_Gameplay__World__4711b4e6-ae58-4f60-bfb7-ff651cac8a2d.jpg
IMG	Pokémon LeafGreen Version	Nintendo Game Boy Advance	Screenshot - Gameplay	Spain	Pok_mon_LeafGreen_Version__Screenshot_-_Gameplay__Spain__2345e86d-4f9b-4443-8de3-a264559e4d7e.jpg
IMG	Pokémon LeafGreen Version	Nintendo Game Boy Advance	Screenshot - Gameplay	World	Pok_mon_LeafGreen_Version__Screenshot_-_Gameplay__World__f7660d28-eecf-48b7-8ab0-7d8fa82fd921.png
IMG	Pokémon LeafGreen Version	Nintendo Game Boy Advance	Screenshot - Game Title	World	Pok_mon_LeafGreen_Version__Screenshot_-_Game_Title__World__3c71821d-ce3f-464c-910a-ccbad1acf195.png
IMG	Pokémon LeafGreen Version	Nintendo Game Boy Advance	Screenshot - Game Title	Japan	Pok_mon_LeafGreen_Version__Screenshot_-_Game_Title__Japan__r2_8cefbec8-1c45-471d-92ae-962325aa38f7.png
IMG	Pokémon LeafGreen Version	Nintendo Game Boy Advance	Screenshot - Game Title	United States	Pok_mon_LeafGreen_Version__Screenshot_-_Game_Title__United_States__r2_23d4034d-4f3e-4472-b796-4f6f4e750191.png
IMG	Pokémon LeafGreen Version	Nintendo Game Boy Advance	Screenshot - Game Title	Spain	Pok_mon_LeafGreen_Version__Screenshot_-_Game_Title__Spain__a27a75c4-9e4e-4b57-9d2d-3dee78c93cd4.png
IMG	Pokémon LeafGreen Version	Nintendo Game Boy Advance	Screenshot - Game Title	Italy	Pok_mon_LeafGreen_Version__Screenshot_-_Game_Title__Italy__85e875e5-644d-47a7-b504-91159330f1c9.png
IMG	Pokémon LeafGreen Version	Nintendo Game Boy Advance	Square	World	Pok_mon_LeafGreen_Version__Square__World__r2_f855e5e6-2a6a-46cf-a157-5ce7832dd9fc.jpg
IMG	Pokémon Red Version	Nintendo Game Boy	Advertisement Flyer - Front	North America	Pok_mon_Red_Version__Advertisement_Flyer_-_Front__North_America__a18dadc9-e118-4f48-9532-1bdb1116cdda.jpg
IMG	Pokémon Red Version	Nintendo Game Boy	Advertisement Flyer - Front	North America	Pok_mon_Red_Version__Advertisement_Flyer_-_Front__North_America__a38476fd-5939-4eca-a213-b02f4821d2a0.jpg
IMG	Pokémon Red Version	Nintendo Game Boy	Advertisement Flyer - Front	North America	Pok_mon_Red_Version__Advertisement_Flyer_-_Front__North_America__dc4028e6-a8a7-4f19-a19c-44b00ebac42c.jpg
IMG	Pokémon Red Version	Nintendo Game Boy	Advertisement Flyer - Front	North America	Pok_mon_Red_Version__Advertisement_Flyer_-_Front__North_America__733109e8-f1db-4b84-b803-aefe55c8f5f5.jpg
IMG	Pokémon Red Version	Nintendo Game Boy	Banner		Pok_mon_Red_Version__Banner____a135817e-c110-4aa1-9dfa-4815d996d440.png
IMG	Pokémon Red Version	Nintendo Game Boy	Box - 3D	Korea	Pok_mon_Red_Version__Box_-_3D__Korea__r2_4afcc500-1576-49b8-b74f-28b91557f463.png
IMG	Pokémon Red Version	Nintendo Game Boy	Box - 3D	North America	Pok_mon_Red_Version__Box_-_3D__North_America__r2_e5be1367-1b9d-4a8a-b18a-a6adfa31c25a.png
IMG	Pokémon Red Version	Nintendo Game Boy	Box - Back	North America	Pok_mon_Red_Version__Box_-_Back__North_America__ef3897c8-fb89-42bb-a0f8-0e742938e9d6.jpg
IMG	Pokémon Red Version	Nintendo Game Boy	Box - Back	Japan	Pok_mon_Red_Version__Box_-_Back__Japan__b9ebc2f5-e68b-4dbc-b4de-46009d17d904.jpg
IMG	Pokémon Red Version	Nintendo Game Boy	Box - Front	Spain	Pok_mon_Red_Version__Box_-_Front__Spain__cd0e1f59-4101-4e87-86e9-a9296bfb3a64.png
IMG	Pokémon Red Version	Nintendo Game Boy	Box - Front	Japan	Pok_mon_Red_Version__Box_-_Front__Japan__ca8ef47d-4f88-445d-9075-d58f8df708f7.png
IMG	Pokémon Red Version	Nintendo Game Boy	Box - Front	Germany	Pok_mon_Red_Version__Box_-_Front__Germany__f78294b9-9ef4-4fe0-9600-d035ddf61d86.jpg
IMG	Pokémon Red Version	Nintendo Game Boy	Box - Front	North America	Pok_mon_Red_Version__Box_-_Front__North_America__7b8101cd-ea45-4189-b9e6-45e170aa42dc.png
IMG	Pokémon Red Version	Nintendo Game Boy	Box - Front	France	Pok_mon_Red_Version__Box_-_Front__France__b0507b81-4366-45e0-abff-09a555a90102.jpg
IMG	Pokémon Red Version	Nintendo Game Boy	Box - Front	Korea	Pok_mon_Red_Version__Box_-_Front__Korea__r2_89ebdb1e-2f29-4840-8c0b-1131f0ed66d6.png
IMG	Pokémon Red Version	Nintendo Game Boy	Box - Front	Italy	Pok_mon_Red_Version__Box_-_Front__Italy__3b072e1c-64f1-4dcd-b97c-bea140806798.png
IMG	Pokémon Red Version	Nintendo Game Boy	Box - Front - Reconstructed		Pok_mon_Red_Version__Box_-_Front_-_Reconstructed____84aef3a0-b5fb-43d9-830f-5391025cd722.jpg
IMG	Pokémon Red Version	Nintendo Game Boy	Box - Spine	North America	Pok_mon_Red_Version__Box_-_Spine__North_America__5882fcc5-cb56-4583-a8a2-2515b2cabfa7.jpg
IMG	Pokémon Red Version	Nintendo Game Boy	Box - Spine	Japan	Pok_mon_Red_Version__Box_-_Spine__Japan__e48cf579-f390-4cc5-baf4-6e0fe1edbb13.png
IMG	Pokémon Red Version	Nintendo Game Boy	Box - Spine	Japan	Pok_mon_Red_Version__Box_-_Spine__Japan__795291da-ab7d-431a-b623-621350716ff9.png
IMG	Pokémon Red Version	Nintendo Game Boy	Cart - Front	Europe	Pok_mon_Red_Version__Cart_-_Front__Europe__284a5b07-0bfc-4dd7-a486-7989616d1f07.png
IMG	Pokémon Red Version	Nintendo Game Boy	Cart - Front	Japan	Pok_mon_Red_Version__Cart_-_Front__Japan__d9174a01-8593-4523-9716-31824cc0747f.png
IMG	Pokémon Red Version	Nintendo Game Boy	Cart - Front	North America	Pok_mon_Red_Version__Cart_-_Front__North_America__b020ecb1-1ce5-4a0c-a031-e508e498961a.png
IMG	Pokémon Red Version	Nintendo Game Boy	Clear Logo	Japan	Pok_mon_Red_Version__Clear_Logo__Japan__r2_575cf9d0-f0c3-4819-84ee-b23963732a0f.png
IMG	Pokémon Red Version	Nintendo Game Boy	Clear Logo	Germany	Pok_mon_Red_Version__Clear_Logo__Germany__96435d2f-f14c-4ec7-9e82-04c3766c5a93.png
IMG	Pokémon Red Version	Nintendo Game Boy	Clear Logo	World	Pok_mon_Red_Version__Clear_Logo__World__63579904-d809-40d0-8da4-7d0ae5c46af9.png
IMG	Pokémon Red Version	Nintendo Game Boy	Clear Logo	Korea	Pok_mon_Red_Version__Clear_Logo__Korea__r2_ebe891f4-d404-4021-aada-3bc6768d495d.png
IMG	Pokémon Red Version	Nintendo Game Boy	Clear Logo		Pok_mon_Red_Version__Clear_Logo____2eec8639-10e4-4eab-a238-03f6435961b4.png
IMG	Pokémon Red Version	Nintendo Game Boy	Clear Logo	Spain	Pok_mon_Red_Version__Clear_Logo__Spain__r2_d22d8fab-c6a9-4cbd-99c0-5df31ecd91c9.png
IMG	Pokémon Red Version	Nintendo Game Boy	Clear Logo		Pok_mon_Red_Version__Clear_Logo____ec3f1419-609d-482b-b926-37ee146545a2.png
IMG	Pokémon Red Version	Nintendo Game Boy	Clear Logo		Pok_mon_Red_Version__Clear_Logo____be160077-5a04-4e03-917c-c1f3a18a3c56.png
IMG	Pokémon Red Version	Nintendo Game Boy	Clear Logo	Japan	Pok_mon_Red_Version__Clear_Logo__Japan__954b59bd-ca36-4720-b41f-8e248dc09b2b.png
IMG	Pokémon Red Version	Nintendo Game Boy	Clear Logo	World	Pok_mon_Red_Version__Clear_Logo__World__8293251a-9a7d-49dd-aca5-2c349e3635f0.png
IMG	Pokémon Red Version	Nintendo Game Boy	Fanart - Background		Pok_mon_Red_Version__Fanart_-_Background____84f55ed0-613b-4259-9c51-0a098a018a08.jpg
IMG	Pokémon Red Version	Nintendo Game Boy	Fanart - Background		Pok_mon_Red_Version__Fanart_-_Background____232790c3-00cf-423c-8e83-5cacc4bf8274.jpg
IMG	Pokémon Red Version	Nintendo Game Boy	Fanart - Background		Pok_mon_Red_Version__Fanart_-_Background____a95b47ac-7e9e-4b95-9e5a-4a281b5334d0.jpg
IMG	Pokémon Red Version	Nintendo Game Boy	Fanart - Background		Pok_mon_Red_Version__Fanart_-_Background____d75d9277-129c-4fc9-9fe3-0aee198fb566.jpg
IMG	Pokémon Red Version	Nintendo Game Boy	Fanart - Background		Pok_mon_Red_Version__Fanart_-_Background____dbd7f71b-1ba6-4406-ba3e-c8162e203be2.jpg
IMG	Pokémon Red Version	Nintendo Game Boy	Fanart - Background		Pok_mon_Red_Version__Fanart_-_Background____39da8ad3-ecd3-4f0c-bb4e-675242919055.jpg
IMG	Pokémon Red Version	Nintendo Game Boy	Fanart - Box - Back		Pok_mon_Red_Version__Fanart_-_Box_-_Back____e463ef0b-2049-4879-b40e-10b73cf3197a.jpg
IMG	Pokémon Red Version	Nintendo Game Boy	Fanart - Box - Front		Pok_mon_Red_Version__Fanart_-_Box_-_Front____2e132f35-a411-4c4b-b75d-084c9d41a442.png
IMG	Pokémon Red Version	Nintendo Game Boy	Fanart - Box - Front		Pok_mon_Red_Version__Fanart_-_Box_-_Front____339a1b6b-7e7d-4463-b6b2-079743509118.png
IMG	Pokémon Red Version	Nintendo Game Boy	Icon	World	Pok_mon_Red_Version__Icon__World__r2_0f2cca80-01fb-4338-b5e5-b6e7876192a3.png
IMG	Pokémon Red Version	Nintendo Game Boy	Screenshot - Gameplay	Spain	Pok_mon_Red_Version__Screenshot_-_Gameplay__Spain__f0737349-6390-4c96-83d8-917ed3b1e1ea.png
IMG	Pokémon Red Version	Nintendo Game Boy	Screenshot - Gameplay	Spain	Pok_mon_Red_Version__Screenshot_-_Gameplay__Spain__7a212aef-5d26-4a63-a197-d8ddd4f52523.png
IMG	Pokémon Red Version	Nintendo Game Boy	Screenshot - Gameplay	Spain	Pok_mon_Red_Version__Screenshot_-_Gameplay__Spain__d4e00ccd-2baa-4bc5-889e-43d0c6337010.jpg
IMG	Pokémon Red Version	Nintendo Game Boy	Screenshot - Gameplay	North America	Pok_mon_Red_Version__Screenshot_-_Gameplay__North_America__7728b45f-7e75-4002-9fcb-0250abbd6c06.jpg
IMG	Pokémon Red Version	Nintendo Game Boy	Screenshot - Gameplay	Spain	Pok_mon_Red_Version__Screenshot_-_Gameplay__Spain__f75f50ba-7888-475f-bfd4-4a7da18e6405.png
IMG	Pokémon Red Version	Nintendo Game Boy	Screenshot - Gameplay	Spain	Pok_mon_Red_Version__Screenshot_-_Gameplay__Spain__3ca0cea3-3690-4e67-b39c-f427a776ad85.png
IMG	Pokémon Red Version	Nintendo Game Boy	Screenshot - Game Title	Italy	Pok_mon_Red_Version__Screenshot_-_Game_Title__Italy__be89012d-c7ad-4f61-a1eb-9e663ff4939f.png
IMG	Pokémon Red Version	Nintendo Game Boy	Screenshot - Game Title	North America	Pok_mon_Red_Version__Screenshot_-_Game_Title__North_America__ce845584-e75d-44ff-9c4e-5de92d5b6cf2.jpg
IMG	Pokémon Red Version	Nintendo Game Boy	Screenshot - Game Title	Spain	Pok_mon_Red_Version__Screenshot_-_Game_Title__Spain__fc392a08-a60c-4beb-b8ff-5d3067daf106.png
IMG	Pokémon Blue Version	Nintendo Game Boy	Advertisement Flyer - Front	North America	Pok_mon_Blue_Version__Advertisement_Flyer_-_Front__North_America__83e567c0-42a0-490e-8e04-8c4b6e81efce.jpg
IMG	Pokémon Blue Version	Nintendo Game Boy	Advertisement Flyer - Front	North America	Pok_mon_Blue_Version__Advertisement_Flyer_-_Front__North_America__cd7d4cae-5d25-4f69-8f78-370658edd518.jpg
IMG	Pokémon Blue Version	Nintendo Game Boy	Advertisement Flyer - Front	North America	Pok_mon_Blue_Version__Advertisement_Flyer_-_Front__North_America__b7ee6d10-c1f6-428f-aa24-abe79f64379d.jpg
IMG	Pokémon Blue Version	Nintendo Game Boy	Advertisement Flyer - Front	North America	Pok_mon_Blue_Version__Advertisement_Flyer_-_Front__North_America__ff34256c-395f-4c0b-afe2-26f7a84c972d.jpg
IMG	Pokémon Blue Version	Nintendo Game Boy	Banner	North America	Pok_mon_Blue_Version__Banner__North_America__d71fd633-c929-457f-833b-2836c12f1866.jpg
IMG	Pokémon Blue Version	Nintendo Game Boy	Banner		Pok_mon_Blue_Version__Banner____6481c51e-d218-4a6f-a65d-8a298f553f9d.jpg
IMG	Pokémon Blue Version	Nintendo Game Boy	Box - 3D	Korea	Pok_mon_Blue_Version__Box_-_3D__Korea__r2_6ea80d94-9afa-459d-b7c5-a71196c6fb29.png
IMG	Pokémon Blue Version	Nintendo Game Boy	Box - 3D	North America	Pok_mon_Blue_Version__Box_-_3D__North_America__r2_871bc2dc-115c-449b-b74e-ac7c7f1cc0a0.png
IMG	Pokémon Blue Version	Nintendo Game Boy	Box - Back	Europe	Pok_mon_Blue_Version__Box_-_Back__Europe__84ffe39a-e885-4ecf-9582-c0eaa13eb934.jpg
IMG	Pokémon Blue Version	Nintendo Game Boy	Box - Back	North America	Pok_mon_Blue_Version__Box_-_Back__North_America__a80a4371-5734-48ff-985e-69baa44e7c4d.jpg
IMG	Pokémon Blue Version	Nintendo Game Boy	Box - Back	Japan	Pok_mon_Blue_Version__Box_-_Back__Japan__r2_dea98154-ee89-41f4-840b-775974b7307e.png
IMG	Pokémon Blue Version	Nintendo Game Boy	Box - Front	Germany	Pok_mon_Blue_Version__Box_-_Front__Germany__55d45df4-b9d7-4c23-b002-2fc68f6e1d13.jpg
IMG	Pokémon Blue Version	Nintendo Game Boy	Box - Front	Spain	Pok_mon_Blue_Version__Box_-_Front__Spain__cdce1822-8589-48ab-8ce2-8480338d5be6.png
IMG	Pokémon Blue Version	Nintendo Game Boy	Box - Front	Europe	Pok_mon_Blue_Version__Box_-_Front__Europe__6a3986c8-4f92-4973-a8d9-d34d6e14ce09.jpg
IMG	Pokémon Blue Version	Nintendo Game Boy	Box - Front	Japan	Pok_mon_Blue_Version__Box_-_Front__Japan__5d82613e-2313-46b8-bce6-63b1bf5c88a5.jpg
IMG	Pokémon Blue Version	Nintendo Game Boy	Box - Front	Korea	Pok_mon_Blue_Version__Box_-_Front__Korea__r2_56caeadd-7bf8-4776-a6fb-329b0a91a8a7.png
IMG	Pokémon Blue Version	Nintendo Game Boy	Box - Front	France	Pok_mon_Blue_Version__Box_-_Front__France__641dd6d3-5ab8-47a2-80f5-a37313dd9661.jpg
IMG	Pokémon Blue Version	Nintendo Game Boy	Box - Front	Italy	Pok_mon_Blue_Version__Box_-_Front__Italy__9b7a1075-85db-4f02-acb3-112ee8782d8d.png
IMG	Pokémon Blue Version	Nintendo Game Boy	Box - Front	North America	Pok_mon_Blue_Version__Box_-_Front__North_America__22bbf1b4-fe67-45b3-96cd-26134e29591e.jpg
IMG	Pokémon Blue Version	Nintendo Game Boy	Box - Front - Reconstructed	North America	Pok_mon_Blue_Version__Box_-_Front_-_Reconstructed__North_America__ad27f07b-f9ed-47b3-b6a0-5fefc7f3c811.jpg
IMG	Pokémon Blue Version	Nintendo Game Boy	Box - Spine	Europe	Pok_mon_Blue_Version__Box_-_Spine__Europe__b66e57db-c55d-4208-acce-7f317c8aa6e8.jpg
IMG	Pokémon Blue Version	Nintendo Game Boy	Box - Spine	North America	Pok_mon_Blue_Version__Box_-_Spine__North_America__d0d56b0f-d328-43fe-acc2-7ed5dcf00c0a.jpg
IMG	Pokémon Blue Version	Nintendo Game Boy	Cart - Front	North America	Pok_mon_Blue_Version__Cart_-_Front__North_America__f27eb5ca-0747-40e7-a498-4a166c08557f.png
IMG	Pokémon Blue Version	Nintendo Game Boy	Clear Logo		Pok_mon_Blue_Version__Clear_Logo____ca3dacb0-87d2-49e2-9849-c2201a3aa4b7.png
IMG	Pokémon Blue Version	Nintendo Game Boy	Clear Logo	World	Pok_mon_Blue_Version__Clear_Logo__World__361be18c-47df-489f-8a40-0b06f87edde0.png
IMG	Pokémon Blue Version	Nintendo Game Boy	Clear Logo		Pok_mon_Blue_Version__Clear_Logo____fd7f81d5-c148-412d-bd06-dbb849923d74.png
IMG	Pokémon Blue Version	Nintendo Game Boy	Clear Logo	Japan	Pok_mon_Blue_Version__Clear_Logo__Japan__e703d200-de6e-4808-9535-bfd59ea3c70e.png
IMG	Pokémon Blue Version	Nintendo Game Boy	Clear Logo		Pok_mon_Blue_Version__Clear_Logo____8443de2f-ce68-4917-b89f-ae0cc115540b.png
IMG	Pokémon Blue Version	Nintendo Game Boy	Clear Logo	World	Pok_mon_Blue_Version__Clear_Logo__World__3dd928e8-b275-4f37-9087-c94959d91a9f.png
IMG	Pokémon Blue Version	Nintendo Game Boy	Clear Logo	Spain	Pok_mon_Blue_Version__Clear_Logo__Spain__r2_e697beb8-da5f-42e4-ab74-b5315e966ab3.png
IMG	Pokémon Blue Version	Nintendo Game Boy	Clear Logo	Germany	Pok_mon_Blue_Version__Clear_Logo__Germany__88c05fe0-3aec-407b-8a5c-3587c6de9b41.png
IMG	Pokémon Blue Version	Nintendo Game Boy	Clear Logo	Korea	Pok_mon_Blue_Version__Clear_Logo__Korea__r2_269114cc-3ce5-4d19-84e4-ea589ecb92d5.png
IMG	Pokémon Blue Version	Nintendo Game Boy	Fanart - Background		Pok_mon_Blue_Version__Fanart_-_Background____4d878b79-1974-4ef3-ad82-5593aa31cfc5.jpg
IMG	Pokémon Blue Version	Nintendo Game Boy	Fanart - Background		Pok_mon_Blue_Version__Fanart_-_Background____a7b43a84-a845-494f-aaeb-98dad6b7ad33.jpg
IMG	Pokémon Blue Version	Nintendo Game Boy	Fanart - Background		Pok_mon_Blue_Version__Fanart_-_Background____49ea8049-1510-4c45-a788-5cc4dc3a8dd7.jpg
IMG	Pokémon Blue Version	Nintendo Game Boy	Fanart - Background		Pok_mon_Blue_Version__Fanart_-_Background____442e84a6-6316-4796-9d2e-d1342130d3eb.jpg
IMG	Pokémon Blue Version	Nintendo Game Boy	Fanart - Background		Pok_mon_Blue_Version__Fanart_-_Background____ce81d3a4-7e4d-41bb-aa29-2d5a2a988e9c.jpg
IMG	Pokémon Blue Version	Nintendo Game Boy	Icon	World	Pok_mon_Blue_Version__Icon__World__r2_a7f2a97b-578e-4518-b159-b316e7e5d91e.png
IMG	Pokémon Blue Version	Nintendo Game Boy	Poster	Japan	Pok_mon_Blue_Version__Poster__Japan__r2_eecfe002-4908-41f1-8d03-4841a58aecbd.png
IMG	Pokémon Blue Version	Nintendo Game Boy	Poster	North America	Pok_mon_Blue_Version__Poster__North_America__r2_182e2469-427c-4374-9a47-5c23bcfd3da4.png
IMG	Pokémon Blue Version	Nintendo Game Boy	Poster	Germany	Pok_mon_Blue_Version__Poster__Germany__f14f0dc1-8a56-4090-99b4-bffce652ce34.jpg
IMG	Pokémon Blue Version	Nintendo Game Boy	Poster	North America	Pok_mon_Blue_Version__Poster__North_America__r2_e0c332d3-0ce0-4e4d-8417-5ac48e13706a.png
IMG	Pokémon Blue Version	Nintendo Game Boy	Poster	Brazil	Pok_mon_Blue_Version__Poster__Brazil__7d29c372-428c-49c1-b2ef-fdc25bb2adcd.png
IMG	Pokémon Blue Version	Nintendo Game Boy	Poster	Brazil	Pok_mon_Blue_Version__Poster__Brazil__d82a49c3-1e27-431d-af55-4d8286f11a24.png
IMG	Pokémon Blue Version	Nintendo Game Boy	Screenshot - Gameplay	Spain	Pok_mon_Blue_Version__Screenshot_-_Gameplay__Spain__37561574-8fa2-4f4f-b9e3-6c7caf3f9d84.png
IMG	Pokémon Blue Version	Nintendo Game Boy	Screenshot - Gameplay	Spain	Pok_mon_Blue_Version__Screenshot_-_Gameplay__Spain__0479d395-bced-423d-b330-2373f1e9be5b.jpg
IMG	Pokémon Blue Version	Nintendo Game Boy	Screenshot - Gameplay	Spain	Pok_mon_Blue_Version__Screenshot_-_Gameplay__Spain__5e2bf6bb-152c-4c52-ad7f-c7a955b53e24.png
IMG	Pokémon Blue Version	Nintendo Game Boy	Screenshot - Gameplay	Spain	Pok_mon_Blue_Version__Screenshot_-_Gameplay__Spain__be2918c3-368c-4c34-a3e9-db7104600a71.png
IMG	Pokémon Blue Version	Nintendo Game Boy	Screenshot - Gameplay	Spain	Pok_mon_Blue_Version__Screenshot_-_Gameplay__Spain__545aea70-a7f5-435b-a4b7-456b28731575.png
IMG	Pokémon Blue Version	Nintendo Game Boy	Screenshot - Gameplay	North America	Pok_mon_Blue_Version__Screenshot_-_Gameplay__North_America__e119b4d6-ac6f-4461-b695-d3bc3f6059cf.jpg
IMG	Pokémon Blue Version	Nintendo Game Boy	Screenshot - Game Title	Italy	Pok_mon_Blue_Version__Screenshot_-_Game_Title__Italy__4c85c809-6a87-4a05-b461-ab83bdac79af.png
IMG	Pokémon Blue Version	Nintendo Game Boy	Screenshot - Game Title	Spain	Pok_mon_Blue_Version__Screenshot_-_Game_Title__Spain__593f434a-adeb-4cdc-b0f0-56689d393c3d.png
IMG	Pokémon Blue Version	Nintendo Game Boy	Screenshot - Game Title	North America	Pok_mon_Blue_Version__Screenshot_-_Game_Title__North_America__r2_707bc45f-9112-4585-94ab-7312d084466c.png
IMG	Pokémon Blue Version	Nintendo Game Boy	Screenshot - Game Title	North America	Pok_mon_Blue_Version__Screenshot_-_Game_Title__North_America__r2_b84aac91-2c25-484a-b27f-911f54e4a50f.png
IMG	Pokémon Blue Version	Nintendo Game Boy	Screenshot - Game Title	North America	Pok_mon_Blue_Version__Screenshot_-_Game_Title__North_America__r2_1ae74b80-c8af-4075-b512-f7b1f814099e.png
IMG	Pokémon Yellow Version	Nintendo Game Boy	Advertisement Flyer - Front	North America	Pok_mon_Yellow_Version__Advertisement_Flyer_-_Front__North_America__r2_27fbfec8-f1d1-4779-9558-59a1c5ca5398.png
IMG	Pokémon Yellow Version	Nintendo Game Boy	Advertisement Flyer - Front	North America	Pok_mon_Yellow_Version__Advertisement_Flyer_-_Front__North_America__e61dc27e-ca9f-404a-983c-4c3d1a6e1756.jpg
IMG	Pokémon Yellow Version	Nintendo Game Boy	Banner	Australia	Pok_mon_Yellow_Version__Banner__Australia__8bdd9fbc-ca23-498e-b32d-e4942ee48131.jpg
IMG	Pokémon Yellow Version	Nintendo Game Boy	Banner		Pok_mon_Yellow_Version__Banner____04fd5287-a2a7-46ed-8e98-794911c63b87.jpg
IMG	Pokémon Yellow Version	Nintendo Game Boy	Box - 3D	North America	Pok_mon_Yellow_Version__Box_-_3D__North_America__r2_f897ad12-dc13-4e99-90f0-afdae05969fe.png
IMG	Pokémon Yellow Version	Nintendo Game Boy	Box - Back	Australia	Pok_mon_Yellow_Version__Box_-_Back__Australia__e50fa7b8-2d54-4a38-93bd-8b72d985ece1.jpg
IMG	Pokémon Yellow Version	Nintendo Game Boy	Box - Back	Germany	Pok_mon_Yellow_Version__Box_-_Back__Germany__654c6aa2-6fb8-4b02-ba18-c5aac345e359.jpg
IMG	Pokémon Yellow Version	Nintendo Game Boy	Box - Back	Japan	Pok_mon_Yellow_Version__Box_-_Back__Japan__7a234ace-e672-4793-997a-cf989f7ef319.jpg
IMG	Pokémon Yellow Version	Nintendo Game Boy	Box - Back	North America	Pok_mon_Yellow_Version__Box_-_Back__North_America__d18f6661-4636-46a2-8611-45e985f82341.jpg
IMG	Pokémon Yellow Version	Nintendo Game Boy	Box - Back	Europe	Pok_mon_Yellow_Version__Box_-_Back__Europe__642a8091-3e45-4fd2-9ca0-2aca250558df.jpg
IMG	Pokémon Yellow Version	Nintendo Game Boy	Box - Back	France	Pok_mon_Yellow_Version__Box_-_Back__France__26dbb2bb-5a1c-423e-b703-b1a5344beba9.jpg
IMG	Pokémon Yellow Version	Nintendo Game Boy	Box - Back - Reconstructed	Australia	Pok_mon_Yellow_Version__Box_-_Back_-_Reconstructed__Australia__520f8656-54a2-4e50-b9fd-6ba7b77ad6c9.jpg
IMG	Pokémon Yellow Version	Nintendo Game Boy	Box - Front	Germany	Pok_mon_Yellow_Version__Box_-_Front__Germany__2bd16997-0bf5-46e1-9783-1befddb3318c.png
IMG	Pokémon Yellow Version	Nintendo Game Boy	Box - Front	Italy	Pok_mon_Yellow_Version__Box_-_Front__Italy__52dcefee-6ef1-4e0f-a268-75dd1b15ea00.png
IMG	Pokémon Yellow Version	Nintendo Game Boy	Box - Front	Australia	Pok_mon_Yellow_Version__Box_-_Front__Australia__ddfb831e-140b-4602-bfea-8ac2af8ba53a.jpg
IMG	Pokémon Yellow Version	Nintendo Game Boy	Box - Front	Japan	Pok_mon_Yellow_Version__Box_-_Front__Japan__e893b9a9-8efc-4ea9-904a-672c98220d33.jpg
IMG	Pokémon Yellow Version	Nintendo Game Boy	Box - Front	Spain	Pok_mon_Yellow_Version__Box_-_Front__Spain__86954ccc-4c62-484c-8306-c5b2a30645ad.png
IMG	Pokémon Yellow Version	Nintendo Game Boy	Box - Front	North America	Pok_mon_Yellow_Version__Box_-_Front__North_America__9d0d1c3f-a63e-4e15-9c9d-536cbeedfb1d.jpg
IMG	Pokémon Yellow Version	Nintendo Game Boy	Box - Front	France	Pok_mon_Yellow_Version__Box_-_Front__France__5adf26f3-1de5-4227-9ecb-6701d7bd1d60.jpg
IMG	Pokémon Yellow Version	Nintendo Game Boy	Box - Front - Reconstructed	North America	Pok_mon_Yellow_Version__Box_-_Front_-_Reconstructed__North_America__cf53d8e9-b817-43d9-b517-a34e5dd0feb9.jpg
IMG	Pokémon Yellow Version	Nintendo Game Boy	Box - Front - Reconstructed	North America	Pok_mon_Yellow_Version__Box_-_Front_-_Reconstructed__North_America__7c3617a9-2497-423d-965c-8a987a9ff1a0.jpg
IMG	Pokémon Yellow Version	Nintendo Game Boy	Box - Spine	North America	Pok_mon_Yellow_Version__Box_-_Spine__North_America__301258c4-b985-4a9c-8aac-5e0fea4fec8f.jpg
IMG	Pokémon Yellow Version	Nintendo Game Boy	Cart - Front	North America	Pok_mon_Yellow_Version__Cart_-_Front__North_America__dd6a18e9-8b05-4b46-aa12-31fad5a3c045.png
IMG	Pokémon Yellow Version	Nintendo Game Boy	Cart - Front	United States	Pok_mon_Yellow_Version__Cart_-_Front__United_States__2c3b11c1-d473-49fc-915a-3c5359ed8431.png
IMG	Pokémon Yellow Version	Nintendo Game Boy	Clear Logo	North America	Pok_mon_Yellow_Version__Clear_Logo__North_America__7481d407-5622-4fcc-b746-efd40fb19205.png
IMG	Pokémon Yellow Version	Nintendo Game Boy	Clear Logo	Spain	Pok_mon_Yellow_Version__Clear_Logo__Spain__c1d5c5f5-ceda-4676-b9f5-0b587972da2a.png
IMG	Pokémon Yellow Version	Nintendo Game Boy	Clear Logo	World	Pok_mon_Yellow_Version__Clear_Logo__World__10e51bc0-b3f5-4543-9eea-8da8104f6114.png
IMG	Pokémon Yellow Version	Nintendo Game Boy	Clear Logo	North America	Pok_mon_Yellow_Version__Clear_Logo__North_America__r2_10089f45-3684-4882-932e-9d4026b78f95.png
IMG	Pokémon Yellow Version	Nintendo Game Boy	Clear Logo	Japan	Pok_mon_Yellow_Version__Clear_Logo__Japan__640ccf65-7c8e-4572-9b22-9b064c1c1790.png
IMG	Pokémon Yellow Version	Nintendo Game Boy	Clear Logo	World	Pok_mon_Yellow_Version__Clear_Logo__World__f055f851-e6a6-4057-bd39-44a9d24c904a.png
IMG	Pokémon Yellow Version	Nintendo Game Boy	Fanart - Background		Pok_mon_Yellow_Version__Fanart_-_Background____6502c0cc-1f14-4b6b-9b5a-195f8417fbbc.jpg
IMG	Pokémon Yellow Version	Nintendo Game Boy	Fanart - Background		Pok_mon_Yellow_Version__Fanart_-_Background____b7f5f1a1-5af0-4e9e-9ffe-a3fa57a9d784.jpg
IMG	Pokémon Yellow Version	Nintendo Game Boy	Fanart - Box - Back	North America	Pok_mon_Yellow_Version__Fanart_-_Box_-_Back__North_America__8cefba35-db84-47d0-8756-bcb9de069e61.jpg
IMG	Pokémon Yellow Version	Nintendo Game Boy	Fanart - Box - Front	North America	Pok_mon_Yellow_Version__Fanart_-_Box_-_Front__North_America__r2_6765fee7-6030-4c50-98d4-260c02cb8aba.png
IMG	Pokémon Yellow Version	Nintendo Game Boy	Fanart - Box - Front	North America	Pok_mon_Yellow_Version__Fanart_-_Box_-_Front__North_America__e0d1c28f-c5e6-4341-a68e-ce97084fb36c.jpg
IMG	Pokémon Yellow Version	Nintendo Game Boy	Fanart - Box - Front	North America	Pok_mon_Yellow_Version__Fanart_-_Box_-_Front__North_America__r2_0fafda9d-d1d1-43d8-8649-579c6f2cf1aa.png
IMG	Pokémon Yellow Version	Nintendo Game Boy	Fanart - Box - Front	North America	Pok_mon_Yellow_Version__Fanart_-_Box_-_Front__North_America__r2_2b31f697-3ad3-4d41-932f-91fce1eb669d.png
IMG	Pokémon Yellow Version	Nintendo Game Boy	Fanart - Box - Front	North America	Pok_mon_Yellow_Version__Fanart_-_Box_-_Front__North_America__r2_62803adc-5b2a-4816-a11a-410230f4d67d.png
IMG	Pokémon Yellow Version	Nintendo Game Boy	Fanart - Box - Front	North America	Pok_mon_Yellow_Version__Fanart_-_Box_-_Front__North_America__r2_e63a2fbb-6e0c-4ad2-b93b-0a3d1c259120.png
IMG	Pokémon Yellow Version	Nintendo Game Boy	Fanart - Box - Front	North America	Pok_mon_Yellow_Version__Fanart_-_Box_-_Front__North_America__r2_541e49be-6f0a-4846-ad72-4c6e1992899a.png
IMG	Pokémon Yellow Version	Nintendo Game Boy	Fanart - Box - Front	North America	Pok_mon_Yellow_Version__Fanart_-_Box_-_Front__North_America__r2_92be94f8-291b-4a5d-950b-a9271dd3fe5f.png
IMG	Pokémon Yellow Version	Nintendo Game Boy	Fanart - Box - Front	North America	Pok_mon_Yellow_Version__Fanart_-_Box_-_Front__North_America__r2_29ea9c08-964c-4b34-91c1-50817af08ee3.png
IMG	Pokémon Yellow Version	Nintendo Game Boy	Fanart - Cart - Front	North America	Pok_mon_Yellow_Version__Fanart_-_Cart_-_Front__North_America__8b0ee4c0-0959-4400-af1c-3153912008bc.png
IMG	Pokémon Yellow Version	Nintendo Game Boy	Fanart - Cart - Front	North America	Pok_mon_Yellow_Version__Fanart_-_Cart_-_Front__North_America__dba6a138-29ad-44d9-9285-a44e2c41bbab.png
IMG	Pokémon Yellow Version	Nintendo Game Boy	Icon	World	Pok_mon_Yellow_Version__Icon__World__r2_b2e1cd2a-e882-416e-85cf-a7fa33dd2773.png
IMG	Pokémon Yellow Version	Nintendo Game Boy	Poster	Brazil	Pok_mon_Yellow_Version__Poster__Brazil__edd9b8e7-4424-402d-8c86-844ca3793ea0.png
IMG	Pokémon Yellow Version	Nintendo Game Boy	Poster	Japan	Pok_mon_Yellow_Version__Poster__Japan__r2_342eccc1-b7db-4278-9d8e-f7d499fed4f4.png
IMG	Pokémon Yellow Version	Nintendo Game Boy	Poster	North America	Pok_mon_Yellow_Version__Poster__North_America__r2_beb614fc-37a2-4aa2-9acf-a0a564ec5d67.png
IMG	Pokémon Yellow Version	Nintendo Game Boy	Screenshot - Gameplay		Pok_mon_Yellow_Version__Screenshot_-_Gameplay____dd8db393-438b-4ff1-a56a-abaa6962badc.png
IMG	Pokémon Yellow Version	Nintendo Game Boy	Screenshot - Gameplay	Spain	Pok_mon_Yellow_Version__Screenshot_-_Gameplay__Spain__ee1eade8-7804-4190-838d-1da8882ca30e.png
IMG	Pokémon Yellow Version	Nintendo Game Boy	Screenshot - Gameplay	Spain	Pok_mon_Yellow_Version__Screenshot_-_Gameplay__Spain__c209ebea-f6e5-40b0-be43-e9ae3c551024.png
IMG	Pokémon Yellow Version	Nintendo Game Boy	Screenshot - Gameplay	Spain	Pok_mon_Yellow_Version__Screenshot_-_Gameplay__Spain__a1b359d8-e273-4515-986d-d00b1e192217.png
IMG	Pokémon Yellow Version	Nintendo Game Boy	Screenshot - Gameplay	Spain	Pok_mon_Yellow_Version__Screenshot_-_Gameplay__Spain__fa70ccc5-e938-444a-a504-b7658b07497d.jpg
IMG	Pokémon Yellow Version	Nintendo Game Boy	Screenshot - Gameplay	World	Pok_mon_Yellow_Version__Screenshot_-_Gameplay__World__bf5809ed-79b4-4e1d-878d-13686bde7d0f.png
IMG	Pokémon Yellow Version	Nintendo Game Boy	Screenshot - Gameplay	Spain	Pok_mon_Yellow_Version__Screenshot_-_Gameplay__Spain__31a82e9a-6b8b-4793-93d6-6f47e80c9701.png
IMG	Pokémon Yellow Version	Nintendo Game Boy	Screenshot - Gameplay	World	Pok_mon_Yellow_Version__Screenshot_-_Gameplay__World__1431d537-1525-4578-b26f-2c354c46770f.png
IMG	Pokémon Yellow Version	Nintendo Game Boy	Screenshot - Game Title	World	Pok_mon_Yellow_Version__Screenshot_-_Game_Title__World__4a3c9365-1e9e-4099-9f27-e347b1bc5547.png
IMG	Pokémon Yellow Version	Nintendo Game Boy	Screenshot - Game Title	Spain	Pok_mon_Yellow_Version__Screenshot_-_Game_Title__Spain__d7ccf447-7681-4353-b0b8-a229a18efa7a.png
IMG	Pokémon Yellow Version	Nintendo Game Boy	Screenshot - Game Title	Italy	Pok_mon_Yellow_Version__Screenshot_-_Game_Title__Italy__1848b8f6-f7d8-49a1-b54e-644fd38d17e0.png
IMG	Pokémon Gold Version	Nintendo Game Boy Color	Advertisement Flyer - Front	North America	Pok_mon_Gold_Version__Advertisement_Flyer_-_Front__North_America__r2_3ec1a400-a09e-4685-bb1a-493288b96f4c.png
IMG	Pokémon Gold Version	Nintendo Game Boy Color	Advertisement Flyer - Front	North America	Pok_mon_Gold_Version__Advertisement_Flyer_-_Front__North_America__r2_90975c4a-04ed-4fc3-b0e0-4e5be7b6ee38.png
IMG	Pokémon Gold Version	Nintendo Game Boy Color	Banner	World	Pok_mon_Gold_Version__Banner__World__06321451-b88c-4fb9-9c0a-3d1b30727065.png
IMG	Pokémon Gold Version	Nintendo Game Boy Color	Banner	Germany	Pok_mon_Gold_Version__Banner__Germany__ab0b97f0-359c-468e-86b6-9b9734b8b5ac.jpg
IMG	Pokémon Gold Version	Nintendo Game Boy Color	Box - 3D	North America	Pok_mon_Gold_Version__Box_-_3D__North_America__r2_3133bc53-848f-4bcd-b022-2dd864ba3c4b.png
IMG	Pokémon Gold Version	Nintendo Game Boy Color	Box - Back	Europe	Pok_mon_Gold_Version__Box_-_Back__Europe__4ad7dd38-484c-461e-ad08-3ec2bbeab471.jpg
IMG	Pokémon Gold Version	Nintendo Game Boy Color	Box - Back	Japan	Pok_mon_Gold_Version__Box_-_Back__Japan__f91d90b6-b397-4293-9742-3cdedc9731d1.jpg
IMG	Pokémon Gold Version	Nintendo Game Boy Color	Box - Back	Australia	Pok_mon_Gold_Version__Box_-_Back__Australia__ff031a09-43a9-47b9-98de-5b61a7f9619c.jpg
IMG	Pokémon Gold Version	Nintendo Game Boy Color	Box - Back	North America	Pok_mon_Gold_Version__Box_-_Back__North_America__e1f4c2f4-3121-49f8-b872-2cb518dd62f9.jpg
IMG	Pokémon Gold Version	Nintendo Game Boy Color	Box - Back	France	Pok_mon_Gold_Version__Box_-_Back__France__0731f3fc-c28b-468c-b226-79d5914c3ad7.jpg
IMG	Pokémon Gold Version	Nintendo Game Boy Color	Box - Back	Spain	Pok_mon_Gold_Version__Box_-_Back__Spain__cec962b4-80ba-4fbe-b9b8-e2170a001d1c.jpg
IMG	Pokémon Gold Version	Nintendo Game Boy Color	Box - Front	France	Pok_mon_Gold_Version__Box_-_Front__France__bd5c2758-9340-4f18-b33c-a9de5a4e601c.jpg
IMG	Pokémon Gold Version	Nintendo Game Boy Color	Box - Front	Spain	Pok_mon_Gold_Version__Box_-_Front__Spain__aee15330-b401-4f29-83c5-addf0ff2c84c.jpg
IMG	Pokémon Gold Version	Nintendo Game Boy Color	Box - Front	North America	Pok_mon_Gold_Version__Box_-_Front__North_America__91254337-0075-4edb-b28f-b9c4e38163b2.jpg
IMG	Pokémon Gold Version	Nintendo Game Boy Color	Box - Front	Italy	Pok_mon_Gold_Version__Box_-_Front__Italy__0aef4053-130b-4d17-b646-12bbb8007457.png
IMG	Pokémon Gold Version	Nintendo Game Boy Color	Box - Front	Japan	Pok_mon_Gold_Version__Box_-_Front__Japan__4ec82615-a47b-4cf1-b599-23d62a2be3f6.png
IMG	Pokémon Gold Version	Nintendo Game Boy Color	Box - Front	Europe	Pok_mon_Gold_Version__Box_-_Front__Europe__d46f2311-7329-4d4f-b4c0-2293c3f83419.jpg
IMG	Pokémon Gold Version	Nintendo Game Boy Color	Box - Front	Australia	Pok_mon_Gold_Version__Box_-_Front__Australia__fa41adb1-620a-4e23-a58e-36efaccac723.jpg
IMG	Pokémon Gold Version	Nintendo Game Boy Color	Box - Front	Germany	Pok_mon_Gold_Version__Box_-_Front__Germany__769bb85f-48f0-4dae-80a3-5404c9fd5cbc.jpg
IMG	Pokémon Gold Version	Nintendo Game Boy Color	Box - Front - Reconstructed	North America	Pok_mon_Gold_Version__Box_-_Front_-_Reconstructed__North_America__0cc2c602-b944-4829-ab01-0e83148ed025.png
IMG	Pokémon Gold Version	Nintendo Game Boy Color	Box - Spine	North America	Pok_mon_Gold_Version__Box_-_Spine__North_America__8bc07bce-9951-4a08-99fe-a7ffff808a31.jpg
IMG	Pokémon Gold Version	Nintendo Game Boy Color	Cart - Front	North America	Pok_mon_Gold_Version__Cart_-_Front__North_America__a8c2f791-2b55-48e9-a3de-05ff0437a3e2.png
IMG	Pokémon Gold Version	Nintendo Game Boy Color	Cart - Front	Japan	Pok_mon_Gold_Version__Cart_-_Front__Japan__r2_ce310e0e-bcc3-48be-b87a-13585a5cd4c2.png
IMG	Pokémon Gold Version	Nintendo Game Boy Color	Clear Logo	Italy	Pok_mon_Gold_Version__Clear_Logo__Italy__r2_8736fb4b-48f8-4a72-9a43-b6332c07c8e8.png
IMG	Pokémon Gold Version	Nintendo Game Boy Color	Clear Logo	World	Pok_mon_Gold_Version__Clear_Logo__World__1a4decd2-8832-43d1-be1e-adcbfaa42454.png
IMG	Pokémon Gold Version	Nintendo Game Boy Color	Clear Logo	World	Pok_mon_Gold_Version__Clear_Logo__World__bf2b1a72-d168-44ea-b063-98616cf95095.png
IMG	Pokémon Gold Version	Nintendo Game Boy Color	Clear Logo	North America	Pok_mon_Gold_Version__Clear_Logo__North_America__r2_657beee4-07b7-4a86-85d1-c76bd950bc1e.png
IMG	Pokémon Gold Version	Nintendo Game Boy Color	Fanart - Background		Pok_mon_Gold_Version__Fanart_-_Background____281ee2ac-9596-4254-9174-45d08b60c666.jpg
IMG	Pokémon Gold Version	Nintendo Game Boy Color	Fanart - Background		Pok_mon_Gold_Version__Fanart_-_Background____f77f6be7-2438-4ae1-afcc-284702e18cb9.jpg
IMG	Pokémon Gold Version	Nintendo Game Boy Color	Fanart - Background		Pok_mon_Gold_Version__Fanart_-_Background____8c6035fb-fec5-4d66-875b-a328c293d52a.jpg
IMG	Pokémon Gold Version	Nintendo Game Boy Color	Fanart - Background		Pok_mon_Gold_Version__Fanart_-_Background____6f45efc7-99a1-4357-89cd-9594840505ce.jpg
IMG	Pokémon Gold Version	Nintendo Game Boy Color	Fanart - Box - Back	North America	Pok_mon_Gold_Version__Fanart_-_Box_-_Back__North_America__52a25a9b-471c-4f86-b242-ef144f0ae535.jpg
IMG	Pokémon Gold Version	Nintendo Game Boy Color	Fanart - Box - Front	North America	Pok_mon_Gold_Version__Fanart_-_Box_-_Front__North_America__r2_0eb0367e-fba9-4257-aed7-9b72f9183d7e.png
IMG	Pokémon Gold Version	Nintendo Game Boy Color	Fanart - Box - Front		Pok_mon_Gold_Version__Fanart_-_Box_-_Front____db9f462f-0af6-4267-a8c9-7960d6b10de1.png
IMG	Pokémon Gold Version	Nintendo Game Boy Color	Fanart - Cart - Front	North America	Pok_mon_Gold_Version__Fanart_-_Cart_-_Front__North_America__1be2f6b9-08a3-4f70-ae3c-20d769f8777d.png
IMG	Pokémon Gold Version	Nintendo Game Boy Color	Fanart - Cart - Front	North America	Pok_mon_Gold_Version__Fanart_-_Cart_-_Front__North_America__8e708494-1555-4cb6-b8c3-b238597413ec.png
IMG	Pokémon Gold Version	Nintendo Game Boy Color	Icon	World	Pok_mon_Gold_Version__Icon__World__r2_1e8dbb6f-0a89-478d-a6cc-1c2e9700c38d.png
IMG	Pokémon Gold Version	Nintendo Game Boy Color	Poster	Europe	Pok_mon_Gold_Version__Poster__Europe__63be2337-2d8e-4ddb-8e9d-dd854692cf50.png
IMG	Pokémon Gold Version	Nintendo Game Boy Color	Poster	North America	Pok_mon_Gold_Version__Poster__North_America__r2_0082291a-e7bd-4319-a9c5-f7753525202d.png
IMG	Pokémon Gold Version	Nintendo Game Boy Color	Screenshot - Gameplay	World	Pok_mon_Gold_Version__Screenshot_-_Gameplay__World__15bb4b32-666a-4fc3-9613-473f403e0491.png
IMG	Pokémon Gold Version	Nintendo Game Boy Color	Screenshot - Gameplay	World	Pok_mon_Gold_Version__Screenshot_-_Gameplay__World__8c47acad-5cc3-41e7-969c-bfaf9802ab19.png
IMG	Pokémon Gold Version	Nintendo Game Boy Color	Screenshot - Gameplay	World	Pok_mon_Gold_Version__Screenshot_-_Gameplay__World__713ed2ce-2da2-45b0-8f85-25a5866f4788.png
IMG	Pokémon Gold Version	Nintendo Game Boy Color	Screenshot - Gameplay	Spain	Pok_mon_Gold_Version__Screenshot_-_Gameplay__Spain__57515ef6-bbc1-485a-9d16-be028bc24780.png
IMG	Pokémon Gold Version	Nintendo Game Boy Color	Screenshot - Gameplay	Spain	Pok_mon_Gold_Version__Screenshot_-_Gameplay__Spain__da3b8ba2-c860-414b-b268-805f01a2e8cd.png
IMG	Pokémon Gold Version	Nintendo Game Boy Color	Screenshot - Gameplay	World	Pok_mon_Gold_Version__Screenshot_-_Gameplay__World__2b46c082-93fd-4e95-b146-53e78fd3f521.png
IMG	Pokémon Gold Version	Nintendo Game Boy Color	Screenshot - Game Title	Spain	Pok_mon_Gold_Version__Screenshot_-_Game_Title__Spain__ffeaab12-495f-450e-8d55-fd33d6fe53fa.png
IMG	Pokémon Gold Version	Nintendo Game Boy Color	Screenshot - Game Title	Italy	Pok_mon_Gold_Version__Screenshot_-_Game_Title__Italy__ef6ec99e-898e-44d2-b671-9e375fe5b790.png
IMG	Pokémon Gold Version	Nintendo Game Boy Color	Screenshot - Game Title		Pok_mon_Gold_Version__Screenshot_-_Game_Title____8250d6f2-3c95-4743-8b8b-97c510365a7b.png
IMG	Pokémon Gold Version	Nintendo Game Boy Color	Screenshot - Game Title	North America	Pok_mon_Gold_Version__Screenshot_-_Game_Title__North_America__r2_be4a86bf-8792-4916-8e99-d1d30a14b59e.png
IMG	Pokémon Gold Version	Nintendo Game Boy Color	Screenshot - Game Title	Japan	Pok_mon_Gold_Version__Screenshot_-_Game_Title__Japan__0c9235bd-b773-4804-b93b-7b0eadd34340.png
IMG	Pokémon Silver Version	Nintendo Game Boy Color	Advertisement Flyer - Front	North America	Pok_mon_Silver_Version__Advertisement_Flyer_-_Front__North_America__r2_6ac198ad-8ce7-4f88-b094-7c93b2e06ede.png
IMG	Pokémon Silver Version	Nintendo Game Boy Color	Advertisement Flyer - Front	North America	Pok_mon_Silver_Version__Advertisement_Flyer_-_Front__North_America__r2_e4eb5919-df30-41f6-bbed-b8bb590f4db2.png
IMG	Pokémon Silver Version	Nintendo Game Boy Color	Banner	World	Pok_mon_Silver_Version__Banner__World__186cd84c-d2bd-498a-94e1-524fdc1f39ad.png
IMG	Pokémon Silver Version	Nintendo Game Boy Color	Banner	Germany	Pok_mon_Silver_Version__Banner__Germany__e97790c7-a830-4d7f-8e9f-60c0d2db30ff.jpg
IMG	Pokémon Silver Version	Nintendo Game Boy Color	Box - 3D	North America	Pok_mon_Silver_Version__Box_-_3D__North_America__r2_a9cfad0c-ad73-4e7f-94f6-f2111efb23fb.png
IMG	Pokémon Silver Version	Nintendo Game Boy Color	Box - Back	Japan	Pok_mon_Silver_Version__Box_-_Back__Japan__1754035f-dc2f-4096-b543-3c421aa1abed.jpg
IMG	Pokémon Silver Version	Nintendo Game Boy Color	Box - Back	Australia	Pok_mon_Silver_Version__Box_-_Back__Australia__f7fcf2d1-2a36-47c1-b985-69f509068766.jpg
IMG	Pokémon Silver Version	Nintendo Game Boy Color	Box - Back	Spain	Pok_mon_Silver_Version__Box_-_Back__Spain__b5019e58-2e8b-457a-88d9-84b039a292c7.jpg
IMG	Pokémon Silver Version	Nintendo Game Boy Color	Box - Back	Europe	Pok_mon_Silver_Version__Box_-_Back__Europe__e20f15d0-7cae-4542-8fa8-49f6c99ae402.jpg
IMG	Pokémon Silver Version	Nintendo Game Boy Color	Box - Back	North America	Pok_mon_Silver_Version__Box_-_Back__North_America__d263a06d-f3e6-484c-aaf2-78211b25f66d.jpg
IMG	Pokémon Silver Version	Nintendo Game Boy Color	Box - Back - Reconstructed	North America	Pok_mon_Silver_Version__Box_-_Back_-_Reconstructed__North_America__649a12db-3650-4a2a-afe1-f62a927df4a9.jpg
IMG	Pokémon Silver Version	Nintendo Game Boy Color	Box - Front	Germany	Pok_mon_Silver_Version__Box_-_Front__Germany__d3c8993e-fa2b-4823-a02a-da9175aaf0e0.jpg
IMG	Pokémon Silver Version	Nintendo Game Boy Color	Box - Front	Europe	Pok_mon_Silver_Version__Box_-_Front__Europe__b33a7679-0b6b-46d3-a8d2-1d6474640143.jpg
IMG	Pokémon Silver Version	Nintendo Game Boy Color	Box - Front	Australia	Pok_mon_Silver_Version__Box_-_Front__Australia__04d5ce0c-7930-4f4d-aa3b-72b53e447b18.jpg
IMG	Pokémon Silver Version	Nintendo Game Boy Color	Box - Front	Japan	Pok_mon_Silver_Version__Box_-_Front__Japan__22797948-dd8f-4dce-875a-5d1023a20a1d.jpg
IMG	Pokémon Silver Version	Nintendo Game Boy Color	Box - Front	Italy	Pok_mon_Silver_Version__Box_-_Front__Italy__1ec5b289-f5c8-43db-83ef-5cd968b182eb.png
IMG	Pokémon Silver Version	Nintendo Game Boy Color	Box - Front	North America	Pok_mon_Silver_Version__Box_-_Front__North_America__1668b30d-ae22-4ecc-a047-c9fcb7ced051.jpg
IMG	Pokémon Silver Version	Nintendo Game Boy Color	Box - Front	Spain	Pok_mon_Silver_Version__Box_-_Front__Spain__14fa529e-5858-4389-a627-c0669b1cd0b3.jpg
IMG	Pokémon Silver Version	Nintendo Game Boy Color	Box - Front - Reconstructed	North America	Pok_mon_Silver_Version__Box_-_Front_-_Reconstructed__North_America__092e929e-68ea-4af3-a00f-1863c8c2778f.png
IMG	Pokémon Silver Version	Nintendo Game Boy Color	Box - Front - Reconstructed	North America	Pok_mon_Silver_Version__Box_-_Front_-_Reconstructed__North_America__b0b96906-731f-4b38-ae70-121d94ff513f.jpg
IMG	Pokémon Silver Version	Nintendo Game Boy Color	Box - Spine	Japan	Pok_mon_Silver_Version__Box_-_Spine__Japan__r2_4f547b0e-601b-4861-93a2-01feb215106d.jpg
IMG	Pokémon Silver Version	Nintendo Game Boy Color	Box - Spine	Australia	Pok_mon_Silver_Version__Box_-_Spine__Australia__r2_276695f7-6c7b-4c31-9f5a-50b5501ed215.jpg
IMG	Pokémon Silver Version	Nintendo Game Boy Color	Box - Spine	North America	Pok_mon_Silver_Version__Box_-_Spine__North_America__f0138aef-0396-4791-9495-d575bf25d858.jpg
IMG	Pokémon Silver Version	Nintendo Game Boy Color	Cart - Front	Spain	Pok_mon_Silver_Version__Cart_-_Front__Spain__r2_f36f17a8-8556-447b-9043-4a5c002591d3.png
IMG	Pokémon Silver Version	Nintendo Game Boy Color	Cart - Front	Japan	Pok_mon_Silver_Version__Cart_-_Front__Japan__b139d19c-dc6d-4a79-97e6-d64744fc4dfc.png
IMG	Pokémon Silver Version	Nintendo Game Boy Color	Cart - Front	Europe	Pok_mon_Silver_Version__Cart_-_Front__Europe__03470205-0fd7-4b25-9b3e-09c70270839e.jpg
IMG	Pokémon Silver Version	Nintendo Game Boy Color	Cart - Front	North America	Pok_mon_Silver_Version__Cart_-_Front__North_America__43c2fac2-68a1-433a-9ff5-1076edf632bb.jpg
IMG	Pokémon Silver Version	Nintendo Game Boy Color	Clear Logo	World	Pok_mon_Silver_Version__Clear_Logo__World__b3306d57-d012-4476-81b4-2e7316b8c8c9.png
IMG	Pokémon Silver Version	Nintendo Game Boy Color	Clear Logo	World	Pok_mon_Silver_Version__Clear_Logo__World__99cf6372-cde0-4cf0-b07a-2d7245c19a44.png
IMG	Pokémon Silver Version	Nintendo Game Boy Color	Clear Logo	Italy	Pok_mon_Silver_Version__Clear_Logo__Italy__r2_d43c226d-d2e4-484e-b2b8-2bc4bb63ecae.png
IMG	Pokémon Silver Version	Nintendo Game Boy Color	Clear Logo		Pok_mon_Silver_Version__Clear_Logo____a064515d-fb1a-4fc1-9f36-41b50c351863.png
IMG	Pokémon Silver Version	Nintendo Game Boy Color	Fanart - Background		Pok_mon_Silver_Version__Fanart_-_Background____3019f5db-d64a-4124-b0d5-4d0da867cf97.jpg
IMG	Pokémon Silver Version	Nintendo Game Boy Color	Fanart - Background		Pok_mon_Silver_Version__Fanart_-_Background____b6f85634-3643-40aa-bd25-2db8b7cb5bdb.jpg
IMG	Pokémon Silver Version	Nintendo Game Boy Color	Fanart - Background		Pok_mon_Silver_Version__Fanart_-_Background____157cd4e0-17ab-4ba3-be1a-44c89fd5facf.jpg
IMG	Pokémon Silver Version	Nintendo Game Boy Color	Fanart - Background		Pok_mon_Silver_Version__Fanart_-_Background____6c39a0b1-2d94-4fb1-8d27-c4a3b571378f.jpg
IMG	Pokémon Silver Version	Nintendo Game Boy Color	Fanart - Box - Front	North America	Pok_mon_Silver_Version__Fanart_-_Box_-_Front__North_America__r2_296a3753-c2c9-43ae-a52a-e9a0b71f3830.png
IMG	Pokémon Silver Version	Nintendo Game Boy Color	Fanart - Cart - Front	North America	Pok_mon_Silver_Version__Fanart_-_Cart_-_Front__North_America__828cb940-81e1-4261-9b3d-68335f08bd7f.png
IMG	Pokémon Silver Version	Nintendo Game Boy Color	Fanart - Cart - Front	North America	Pok_mon_Silver_Version__Fanart_-_Cart_-_Front__North_America__ef820875-ac0c-43a1-ac87-832c0d93e3ee.png
IMG	Pokémon Silver Version	Nintendo Game Boy Color	Icon	World	Pok_mon_Silver_Version__Icon__World__r2_00b97bf0-2173-448f-811c-f86fd999b498.png
IMG	Pokémon Silver Version	Nintendo Game Boy Color	Poster	Finland	Pok_mon_Silver_Version__Poster__Finland__904d9f94-92ce-477e-b01d-f60121d46eee.png
IMG	Pokémon Silver Version	Nintendo Game Boy Color	Poster	North America	Pok_mon_Silver_Version__Poster__North_America__r2_75e1ad5a-1b4a-4a72-92c7-112d5e220ee9.png
IMG	Pokémon Silver Version	Nintendo Game Boy Color	Screenshot - Gameplay	World	Pok_mon_Silver_Version__Screenshot_-_Gameplay__World__0795e175-e4e8-4520-ade6-992eba1dad55.png
IMG	Pokémon Silver Version	Nintendo Game Boy Color	Screenshot - Gameplay	Spain	Pok_mon_Silver_Version__Screenshot_-_Gameplay__Spain__bc7d7030-bf33-4d5c-98e1-35ec9bf0ac6e.png
IMG	Pokémon Silver Version	Nintendo Game Boy Color	Screenshot - Gameplay	World	Pok_mon_Silver_Version__Screenshot_-_Gameplay__World__db8583f0-5faf-419e-9dc7-4aceb6b284e9.png
IMG	Pokémon Silver Version	Nintendo Game Boy Color	Screenshot - Gameplay	World	Pok_mon_Silver_Version__Screenshot_-_Gameplay__World__bd675cdb-2697-4b92-825d-10e3ef466534.png
IMG	Pokémon Silver Version	Nintendo Game Boy Color	Screenshot - Gameplay	Spain	Pok_mon_Silver_Version__Screenshot_-_Gameplay__Spain__e83f2fc4-d9c3-408c-b4ff-2e224c3d190b.png
IMG	Pokémon Silver Version	Nintendo Game Boy Color	Screenshot - Gameplay	World	Pok_mon_Silver_Version__Screenshot_-_Gameplay__World__9b7500b8-50a9-4e27-82c2-970b07553f1b.png
IMG	Pokémon Silver Version	Nintendo Game Boy Color	Screenshot - Game Title	World	Pok_mon_Silver_Version__Screenshot_-_Game_Title__World__r2_8c6562d8-48dd-4184-bcfa-2a1d72722b2b.png
IMG	Pokémon Silver Version	Nintendo Game Boy Color	Screenshot - Game Title	Japan	Pok_mon_Silver_Version__Screenshot_-_Game_Title__Japan__2c87a870-c616-407d-95f4-873a7cb88740.png
IMG	Pokémon Silver Version	Nintendo Game Boy Color	Screenshot - Game Title	Italy	Pok_mon_Silver_Version__Screenshot_-_Game_Title__Italy__fe271014-1d58-4069-8e5b-8cafd436d51e.png
IMG	Pokémon Silver Version	Nintendo Game Boy Color	Screenshot - Game Title	Spain	Pok_mon_Silver_Version__Screenshot_-_Game_Title__Spain__1bc0c201-0ffc-4739-bcee-6f632821b2b3.png
IMG	Pokémon Crystal Version	Nintendo Game Boy Color	Advertisement Flyer - Front	North America	Pok_mon_Crystal_Version__Advertisement_Flyer_-_Front__North_America__r2_a755732d-31c4-4b30-b393-4f352af9abec.png
IMG	Pokémon Crystal Version	Nintendo Game Boy Color	Banner		Pok_mon_Crystal_Version__Banner____cdaa3563-0625-4a1a-bd8c-f4c416b90a11.png
IMG	Pokémon Crystal Version	Nintendo Game Boy Color	Box - 3D	Korea	Pok_mon_Crystal_Version__Box_-_3D__Korea__r2_2027af3b-5dae-4912-825b-d0f59c449139.png
IMG	Pokémon Crystal Version	Nintendo Game Boy Color	Box - 3D	North America	Pok_mon_Crystal_Version__Box_-_3D__North_America__r2_e11eea16-e825-4976-979d-ba1e82c2db94.png
IMG	Pokémon Crystal Version	Nintendo Game Boy Color	Box - Back	Australia	Pok_mon_Crystal_Version__Box_-_Back__Australia__b669b003-9267-4aa6-a302-8c7dc38e3537.jpg
IMG	Pokémon Crystal Version	Nintendo Game Boy Color	Box - Back	North America	Pok_mon_Crystal_Version__Box_-_Back__North_America__e8b85a4a-1c3c-4924-8ede-47a693e42930.jpg
IMG	Pokémon Crystal Version	Nintendo Game Boy Color	Box - Back	Japan	Pok_mon_Crystal_Version__Box_-_Back__Japan__ac611e71-afa0-4ba7-b5a6-53a8ab257346.jpg
IMG	Pokémon Crystal Version	Nintendo Game Boy Color	Box - Back	Germany	Pok_mon_Crystal_Version__Box_-_Back__Germany__ae8a1e92-b407-46c2-95d4-d2f536186be0.jpg
IMG	Pokémon Crystal Version	Nintendo Game Boy Color	Box - Back	Spain	Pok_mon_Crystal_Version__Box_-_Back__Spain__484c3346-a46d-47a3-9031-61787b0419a5.jpg
IMG	Pokémon Crystal Version	Nintendo Game Boy Color	Box - Back - Reconstructed	North America	Pok_mon_Crystal_Version__Box_-_Back_-_Reconstructed__North_America__a33b21a2-72e2-492c-9849-c757791090fb.jpg
IMG	Pokémon Crystal Version	Nintendo Game Boy Color	Box - Front	Germany	Pok_mon_Crystal_Version__Box_-_Front__Germany__fea28c7d-4a9e-43bf-807c-ae8a45e3eb27.jpg
IMG	Pokémon Crystal Version	Nintendo Game Boy Color	Box - Front	Spain	Pok_mon_Crystal_Version__Box_-_Front__Spain__ab4892d9-ae0a-4069-8fb4-892f1e184f10.jpg
IMG	Pokémon Crystal Version	Nintendo Game Boy Color	Box - Front	North America	Pok_mon_Crystal_Version__Box_-_Front__North_America__8b6c2887-9bf3-4f5c-beb4-13cd12673ca2.jpg
IMG	Pokémon Crystal Version	Nintendo Game Boy Color	Box - Front	Australia	Pok_mon_Crystal_Version__Box_-_Front__Australia__a7fa3506-54c4-4e7f-a0a5-909a4c90dcd6.jpg
IMG	Pokémon Crystal Version	Nintendo Game Boy Color	Box - Front	Japan	Pok_mon_Crystal_Version__Box_-_Front__Japan__3a03621d-1824-459f-8394-385566770e2c.jpg
IMG	Pokémon Crystal Version	Nintendo Game Boy Color	Box - Front	Italy	Pok_mon_Crystal_Version__Box_-_Front__Italy__e5244436-6e01-4a97-8f77-7b52f0968ad1.png
IMG	Pokémon Crystal Version	Nintendo Game Boy Color	Box - Front	Korea	Pok_mon_Crystal_Version__Box_-_Front__Korea__r2_f389354e-b4ee-4404-90b1-7467a14edca3.png
IMG	Pokémon Crystal Version	Nintendo Game Boy Color	Box - Spine	Korea	Pok_mon_Crystal_Version__Box_-_Spine__Korea__r2_143428a9-ee9f-4b02-b319-3890c97e48dc.png
IMG	Pokémon Crystal Version	Nintendo Game Boy Color	Box - Spine	Japan	Pok_mon_Crystal_Version__Box_-_Spine__Japan__ff680de1-9fa3-4c13-8982-e8a19a03a0a6.jpg
IMG	Pokémon Crystal Version	Nintendo Game Boy Color	Box - Spine	North America	Pok_mon_Crystal_Version__Box_-_Spine__North_America__33078ee9-7177-4b33-a9a8-b567a7f76752.jpg
IMG	Pokémon Crystal Version	Nintendo Game Boy Color	Cart - Front	North America	Pok_mon_Crystal_Version__Cart_-_Front__North_America__984f8deb-2948-46db-8f2f-664f6a937773.png
IMG	Pokémon Crystal Version	Nintendo Game Boy Color	Cart - Front	Australia	Pok_mon_Crystal_Version__Cart_-_Front__Australia__74349297-6197-4143-9ba5-e21ecf0448cb.png
IMG	Pokémon Crystal Version	Nintendo Game Boy Color	Cart - Front	Japan	Pok_mon_Crystal_Version__Cart_-_Front__Japan__cbc2cd20-bf3c-4fd0-bac3-14f52dad2dac.png
IMG	Pokémon Crystal Version	Nintendo Game Boy Color	Cart - Front	Spain	Pok_mon_Crystal_Version__Cart_-_Front__Spain__1d51cabe-918f-4d4f-9106-b5ce76c2e10a.png
IMG	Pokémon Crystal Version	Nintendo Game Boy Color	Cart - Front	Germany	Pok_mon_Crystal_Version__Cart_-_Front__Germany__06d51c8b-914f-4a1f-8aa3-3dd97ea9b833.png
IMG	Pokémon Crystal Version	Nintendo Game Boy Color	Cart - Front	Japan	Pok_mon_Crystal_Version__Cart_-_Front__Japan__r2_f8d0a6b3-9b01-43e2-9f9e-710e8b650be0.png
IMG	Pokémon Crystal Version	Nintendo Game Boy Color	Cart - Front	North America	Pok_mon_Crystal_Version__Cart_-_Front__North_America__0a40d723-c657-4266-af60-2f25d7acf2fa.png
IMG	Pokémon Crystal Version	Nintendo Game Boy Color	Clear Logo	World	Pok_mon_Crystal_Version__Clear_Logo__World__93f19d89-ed79-4790-af43-553c8411b6a5.png
IMG	Pokémon Crystal Version	Nintendo Game Boy Color	Clear Logo	Spain	Pok_mon_Crystal_Version__Clear_Logo__Spain__369c5f88-6cbe-4211-8d3c-e62138ac13f6.png
IMG	Pokémon Crystal Version	Nintendo Game Boy Color	Clear Logo	North America	Pok_mon_Crystal_Version__Clear_Logo__North_America__r2_28a6e0ad-8652-4166-a924-a363f4f015be.png
IMG	Pokémon Crystal Version	Nintendo Game Boy Color	Clear Logo	Italy	Pok_mon_Crystal_Version__Clear_Logo__Italy__r2_0e2edbdf-1759-4385-8c9e-764621f41ffc.png
IMG	Pokémon Crystal Version	Nintendo Game Boy Color	Clear Logo	Korea	Pok_mon_Crystal_Version__Clear_Logo__Korea__r2_1230e5a2-e743-44a8-a079-ccb2bcdeef3b.png
IMG	Pokémon Crystal Version	Nintendo Game Boy Color	Clear Logo	Germany	Pok_mon_Crystal_Version__Clear_Logo__Germany__02b117ba-9f2b-464f-bb39-54428375c9cd.png
IMG	Pokémon Crystal Version	Nintendo Game Boy Color	Fanart - Background		Pok_mon_Crystal_Version__Fanart_-_Background____2212b31d-f90f-499c-87f8-6eda52a9864e.jpg
IMG	Pokémon Crystal Version	Nintendo Game Boy Color	Fanart - Background		Pok_mon_Crystal_Version__Fanart_-_Background____4e6d1c4a-6da8-43f7-9411-15d3a584bd4c.jpg
IMG	Pokémon Crystal Version	Nintendo Game Boy Color	Fanart - Background		Pok_mon_Crystal_Version__Fanart_-_Background____2baa7b93-b8ab-434c-82cc-929226ff7306.jpg
IMG	Pokémon Crystal Version	Nintendo Game Boy Color	Fanart - Background		Pok_mon_Crystal_Version__Fanart_-_Background____ddf73db6-7807-4d69-82e7-acf4508246b3.jpg
IMG	Pokémon Crystal Version	Nintendo Game Boy Color	Fanart - Background	World	Pok_mon_Crystal_Version__Fanart_-_Background__World__r2_bd871501-6299-45ad-a5d3-5108817a8981.jpg
IMG	Pokémon Crystal Version	Nintendo Game Boy Color	Fanart - Box - Front	North America	Pok_mon_Crystal_Version__Fanart_-_Box_-_Front__North_America__7c2320b4-72b0-4cfb-b08d-97c78e85164f.png
IMG	Pokémon Crystal Version	Nintendo Game Boy Color	Fanart - Cart - Front	North America	Pok_mon_Crystal_Version__Fanart_-_Cart_-_Front__North_America__4d668477-c4eb-40e9-82aa-429c0ed62746.png
IMG	Pokémon Crystal Version	Nintendo Game Boy Color	Fanart - Cart - Front	Spain	Pok_mon_Crystal_Version__Fanart_-_Cart_-_Front__Spain__660db36b-510c-4744-a1c1-f10539909309.png
IMG	Pokémon Crystal Version	Nintendo Game Boy Color	Icon	World	Pok_mon_Crystal_Version__Icon__World__r2_346dfe2f-4b43-412f-a650-ceff85f06231.png
IMG	Pokémon Crystal Version	Nintendo Game Boy Color	Poster	North America	Pok_mon_Crystal_Version__Poster__North_America__r2_667a04ff-b06a-47d0-97ff-7540c780c41e.png
IMG	Pokémon Crystal Version	Nintendo Game Boy Color	Poster	World	Pok_mon_Crystal_Version__Poster__World__7acbbc81-0788-457b-ba55-98a1eca671a8.png
IMG	Pokémon Crystal Version	Nintendo Game Boy Color	Screenshot - Gameplay		Pok_mon_Crystal_Version__Screenshot_-_Gameplay____fd33bd6d-0ea0-4cb5-afe3-bb2646b71223.png
IMG	Pokémon Crystal Version	Nintendo Game Boy Color	Screenshot - Gameplay	World	Pok_mon_Crystal_Version__Screenshot_-_Gameplay__World__f0c057fc-875b-4b9d-bcad-793e0839f3f7.png
IMG	Pokémon Crystal Version	Nintendo Game Boy Color	Screenshot - Gameplay	World	Pok_mon_Crystal_Version__Screenshot_-_Gameplay__World__255abe2a-ccaa-40cd-bb6e-63ba85571bdd.png
IMG	Pokémon Crystal Version	Nintendo Game Boy Color	Screenshot - Gameplay	World	Pok_mon_Crystal_Version__Screenshot_-_Gameplay__World__ce182819-8e98-4558-8bd7-6c83a7f09c31.png
IMG	Pokémon Crystal Version	Nintendo Game Boy Color	Screenshot - Gameplay	World	Pok_mon_Crystal_Version__Screenshot_-_Gameplay__World__eea659b9-2232-425f-a570-b9bc51bd9668.png
IMG	Pokémon Crystal Version	Nintendo Game Boy Color	Screenshot - Gameplay	Spain	Pok_mon_Crystal_Version__Screenshot_-_Gameplay__Spain__062eb3dc-81b4-49fc-a713-264adb958cfc.png
IMG	Pokémon Crystal Version	Nintendo Game Boy Color	Screenshot - Gameplay	World	Pok_mon_Crystal_Version__Screenshot_-_Gameplay__World__80f71635-a61b-4c6e-a178-303a3e02743a.png
IMG	Pokémon Crystal Version	Nintendo Game Boy Color	Screenshot - Gameplay	World	Pok_mon_Crystal_Version__Screenshot_-_Gameplay__World__ca0312a8-3013-4161-8f0e-f21606fe8c10.png
IMG	Pokémon Crystal Version	Nintendo Game Boy Color	Screenshot - Gameplay	World	Pok_mon_Crystal_Version__Screenshot_-_Gameplay__World__8b0e85d8-d9bb-4271-b120-e1b1ea402981.png
IMG	Pokémon Crystal Version	Nintendo Game Boy Color	Screenshot - Gameplay	Spain	Pok_mon_Crystal_Version__Screenshot_-_Gameplay__Spain__7da22596-d115-44e1-84b8-24dd0ede01b4.png
IMG	Pokémon Crystal Version	Nintendo Game Boy Color	Screenshot - Game Title	Italy	Pok_mon_Crystal_Version__Screenshot_-_Game_Title__Italy__5f8298c5-d548-4eac-b5a4-f169b498ff74.png
IMG	Pokémon Crystal Version	Nintendo Game Boy Color	Screenshot - Game Title	Spain	Pok_mon_Crystal_Version__Screenshot_-_Game_Title__Spain__7826fb44-e7a4-435d-896e-65c542102cc7.png
IMG	Pokémon Crystal Version	Nintendo Game Boy Color	Screenshot - Game Title	World	Pok_mon_Crystal_Version__Screenshot_-_Game_Title__World__6978bca1-ede0-4bc5-97c7-930290d17648.png
IMG	Pokémon Crystal Version	Nintendo Game Boy Color	Screenshot - Game Title	Japan	Pok_mon_Crystal_Version__Screenshot_-_Game_Title__Japan__bf257178-2378-484f-9665-59543ed44958.png
IMG	Pokémon Ruby Version	Nintendo Game Boy Advance	Advertisement Flyer - Front	United Kingdom	Pok_mon_Ruby_Version__Advertisement_Flyer_-_Front__United_Kingdom__r2_f84d613d-5ae4-4aca-a8f7-3b48172e5b39.jpg
IMG	Pokémon Ruby Version	Nintendo Game Boy Advance	Advertisement Flyer - Front	North America	Pok_mon_Ruby_Version__Advertisement_Flyer_-_Front__North_America__r2_44cc5d1f-928d-420a-a134-a9c46ab3d9a8.png
IMG	Pokémon Ruby Version	Nintendo Game Boy Advance	Advertisement Flyer - Front	North America	Pok_mon_Ruby_Version__Advertisement_Flyer_-_Front__North_America__r2_9513f3fd-0711-4f24-95bf-a4c9c04ac680.png
IMG	Pokémon Ruby Version	Nintendo Game Boy Advance	Banner	World	Pok_mon_Ruby_Version__Banner__World__e9c16d16-4e82-4c7f-818f-b7b03676789f.jpg
IMG	Pokémon Ruby Version	Nintendo Game Boy Advance	Banner		Pok_mon_Ruby_Version__Banner____6d2b1db2-e85e-438c-87b8-f016064626f5.jpg
IMG	Pokémon Ruby Version	Nintendo Game Boy Advance	Banner	Germany	Pok_mon_Ruby_Version__Banner__Germany__03f3e2d3-7263-4df4-9128-bbdc69cdc000.jpg
IMG	Pokémon Ruby Version	Nintendo Game Boy Advance	Box - 3D	North America	Pok_mon_Ruby_Version__Box_-_3D__North_America__r2_a85edc7a-5c36-45f7-ad6c-6f40003285cd.png
IMG	Pokémon Ruby Version	Nintendo Game Boy Advance	Box - Back	North America	Pok_mon_Ruby_Version__Box_-_Back__North_America__a3851af8-1d0a-4992-8453-78346a887c4a.jpg
IMG	Pokémon Ruby Version	Nintendo Game Boy Advance	Box - Back - Reconstructed	North America	Pok_mon_Ruby_Version__Box_-_Back_-_Reconstructed__North_America__7fcdeded-8ab4-4146-970d-1564885c2db4.jpg
IMG	Pokémon Ruby Version	Nintendo Game Boy Advance	Box - Front	Japan	Pok_mon_Ruby_Version__Box_-_Front__Japan__adeb5ca1-a43e-41a1-8f5f-3be54b56c012.jpg
IMG	Pokémon Ruby Version	Nintendo Game Boy Advance	Box - Front	Germany	Pok_mon_Ruby_Version__Box_-_Front__Germany__4c2ee7f1-93fe-488e-b432-e020d9816bc9.png
IMG	Pokémon Ruby Version	Nintendo Game Boy Advance	Box - Front	France	Pok_mon_Ruby_Version__Box_-_Front__France__r2_22de665d-733d-4e3b-95f9-c0238b41f9d2.png
IMG	Pokémon Ruby Version	Nintendo Game Boy Advance	Box - Front	Spain	Pok_mon_Ruby_Version__Box_-_Front__Spain__c1445304-d09a-4eb2-9733-1815f9e48aeb.png
IMG	Pokémon Ruby Version	Nintendo Game Boy Advance	Box - Front	Europe	Pok_mon_Ruby_Version__Box_-_Front__Europe__c10d1bcb-3446-448b-8cf5-4b1df49eb394.png
IMG	Pokémon Ruby Version	Nintendo Game Boy Advance	Box - Front	Australia	Pok_mon_Ruby_Version__Box_-_Front__Australia__cd745bc3-cf41-40d9-95b7-32ab9764c215.jpg
IMG	Pokémon Ruby Version	Nintendo Game Boy Advance	Box - Front	North America	Pok_mon_Ruby_Version__Box_-_Front__North_America__r2_d314b297-0633-4f0d-8dcd-53d84a559fac.jpg
IMG	Pokémon Ruby Version	Nintendo Game Boy Advance	Box - Front	Italy	Pok_mon_Ruby_Version__Box_-_Front__Italy__bf7db5a5-bf1f-4074-91a6-4286ba70e31b.png
IMG	Pokémon Ruby Version	Nintendo Game Boy Advance	Box - Front - Reconstructed	North America	Pok_mon_Ruby_Version__Box_-_Front_-_Reconstructed__North_America__b9e16cf8-500c-4bed-a841-c15458021687.jpg
IMG	Pokémon Ruby Version	Nintendo Game Boy Advance	Box - Front - Reconstructed	North America	Pok_mon_Ruby_Version__Box_-_Front_-_Reconstructed__North_America__bf43eb95-ccae-4183-b4a0-c7de82e1848b.jpg
IMG	Pokémon Ruby Version	Nintendo Game Boy Advance	Box - Spine	North America	Pok_mon_Ruby_Version__Box_-_Spine__North_America__f15818b9-ef7f-418b-9057-0a28213b3ccc.jpg
IMG	Pokémon Ruby Version	Nintendo Game Boy Advance	Cart - Front	North America	Pok_mon_Ruby_Version__Cart_-_Front__North_America__r2_d220b83e-1533-4b8c-a1f2-7af88d67ac91.png
IMG	Pokémon Ruby Version	Nintendo Game Boy Advance	Cart - Front	Japan	Pok_mon_Ruby_Version__Cart_-_Front__Japan__r2_8f70f5a5-cc8b-439c-b573-4a3635e307eb.png
IMG	Pokémon Ruby Version	Nintendo Game Boy Advance	Clear Logo		Pok_mon_Ruby_Version__Clear_Logo____7a45378d-b8fa-46d2-97c9-accbb356e574.png
IMG	Pokémon Ruby Version	Nintendo Game Boy Advance	Clear Logo	Germany	Pok_mon_Ruby_Version__Clear_Logo__Germany__b621d045-9037-42ab-92c3-9cd8cf44f1fe.png
IMG	Pokémon Ruby Version	Nintendo Game Boy Advance	Clear Logo	World	Pok_mon_Ruby_Version__Clear_Logo__World__06551353-2456-4601-a9ad-23e927abe628.png
IMG	Pokémon Ruby Version	Nintendo Game Boy Advance	Fanart - Background		Pok_mon_Ruby_Version__Fanart_-_Background____9694a523-4081-47b0-a00b-5346c6fe9c0d.jpg
IMG	Pokémon Ruby Version	Nintendo Game Boy Advance	Fanart - Background		Pok_mon_Ruby_Version__Fanart_-_Background____1d82df1e-481a-4163-ba5f-41356d4895b5.jpg
IMG	Pokémon Ruby Version	Nintendo Game Boy Advance	Fanart - Background		Pok_mon_Ruby_Version__Fanart_-_Background____068e7965-31ce-42f1-a269-ee13268ac4e4.jpg
IMG	Pokémon Ruby Version	Nintendo Game Boy Advance	Fanart - Background		Pok_mon_Ruby_Version__Fanart_-_Background____369780cc-7f03-4123-854c-c7bae986b65a.jpg
IMG	Pokémon Ruby Version	Nintendo Game Boy Advance	Fanart - Box - Front	Europe	Pok_mon_Ruby_Version__Fanart_-_Box_-_Front__Europe__4e33c879-d5f7-4406-85de-196842a900c6.png
IMG	Pokémon Ruby Version	Nintendo Game Boy Advance	Fanart - Box - Front	North America	Pok_mon_Ruby_Version__Fanart_-_Box_-_Front__North_America__r2_ec94c5b9-ffbf-4a35-a3f0-405936a6794b.png
IMG	Pokémon Ruby Version	Nintendo Game Boy Advance	Fanart - Box - Front		Pok_mon_Ruby_Version__Fanart_-_Box_-_Front____3e414ed2-27d7-4578-b018-667875875490.png
IMG	Pokémon Ruby Version	Nintendo Game Boy Advance	Icon	World	Pok_mon_Ruby_Version__Icon__World__r2_c28307e5-1378-4c02-9e57-3a2773901e69.png
IMG	Pokémon Ruby Version	Nintendo Game Boy Advance	Screenshot - Gameplay	Spain	Pok_mon_Ruby_Version__Screenshot_-_Gameplay__Spain__52b96dd6-316c-4cdc-81b9-c55189fe5824.png
IMG	Pokémon Ruby Version	Nintendo Game Boy Advance	Screenshot - Gameplay	World	Pok_mon_Ruby_Version__Screenshot_-_Gameplay__World__906667b3-3c8f-49ac-a171-8166ec708ecc.jpg
IMG	Pokémon Ruby Version	Nintendo Game Boy Advance	Screenshot - Gameplay	World	Pok_mon_Ruby_Version__Screenshot_-_Gameplay__World__d2b2b522-cc8d-4542-bc35-1d56597d6640.png
IMG	Pokémon Ruby Version	Nintendo Game Boy Advance	Screenshot - Gameplay	World	Pok_mon_Ruby_Version__Screenshot_-_Gameplay__World__79e36efc-1957-4ad8-a11b-7dd41d25b92b.png
IMG	Pokémon Ruby Version	Nintendo Game Boy Advance	Screenshot - Game Title	Germany	Pok_mon_Ruby_Version__Screenshot_-_Game_Title__Germany__d3941e36-db47-443a-aac1-75d509698a35.jpg
IMG	Pokémon Ruby Version	Nintendo Game Boy Advance	Screenshot - Game Title	Italy	Pok_mon_Ruby_Version__Screenshot_-_Game_Title__Italy__06e56edd-8834-447e-9323-dfc3d9e379c9.png
IMG	Pokémon Ruby Version	Nintendo Game Boy Advance	Screenshot - Game Title	Spain	Pok_mon_Ruby_Version__Screenshot_-_Game_Title__Spain__7d969300-f242-4ac1-81c6-0fa71c40eec9.png
IMG	Pokémon Ruby Version	Nintendo Game Boy Advance	Screenshot - Game Title	World	Pok_mon_Ruby_Version__Screenshot_-_Game_Title__World__381b29e6-0328-417b-bd5d-aa360ef0618d.png
IMG	Pokémon Sapphire Version	Nintendo Game Boy Advance	Advertisement Flyer - Front	North America	Pok_mon_Sapphire_Version__Advertisement_Flyer_-_Front__North_America__r2_b062f9b9-a153-4c1d-993a-4b6cb2269ccb.png
IMG	Pokémon Sapphire Version	Nintendo Game Boy Advance	Advertisement Flyer - Front	North America	Pok_mon_Sapphire_Version__Advertisement_Flyer_-_Front__North_America__r2_bdbb863a-0410-43c4-b2c0-0af49794c569.png
IMG	Pokémon Sapphire Version	Nintendo Game Boy Advance	Advertisement Flyer - Front	United Kingdom	Pok_mon_Sapphire_Version__Advertisement_Flyer_-_Front__United_Kingdom__r2_eb992c32-fa6c-4d31-92af-2dadccebfb36.jpg
IMG	Pokémon Sapphire Version	Nintendo Game Boy Advance	Banner	Germany	Pok_mon_Sapphire_Version__Banner__Germany__aae5e4dc-af31-475e-aad1-4985eaf832c1.jpg
IMG	Pokémon Sapphire Version	Nintendo Game Boy Advance	Banner		Pok_mon_Sapphire_Version__Banner____9ab24de1-eeb4-4a54-9de3-a0835ea52902.jpg
IMG	Pokémon Sapphire Version	Nintendo Game Boy Advance	Box - 3D	North America	Pok_mon_Sapphire_Version__Box_-_3D__North_America__r2_dd9e4c2e-078d-4e30-84b8-e698041c0189.png
IMG	Pokémon Sapphire Version	Nintendo Game Boy Advance	Box - Back	North America	Pok_mon_Sapphire_Version__Box_-_Back__North_America__cab077d8-0248-4f6e-8b56-eaf5ab6f097d.jpg
IMG	Pokémon Sapphire Version	Nintendo Game Boy Advance	Box - Back	Spain	Pok_mon_Sapphire_Version__Box_-_Back__Spain__bbbfd2e3-b38d-4e02-9451-de3edb05543a.jpg
IMG	Pokémon Sapphire Version	Nintendo Game Boy Advance	Box - Back	Europe	Pok_mon_Sapphire_Version__Box_-_Back__Europe__a89a5672-7a40-4544-a79d-3191d5e445c4.jpg
IMG	Pokémon Sapphire Version	Nintendo Game Boy Advance	Box - Back - Reconstructed	North America	Pok_mon_Sapphire_Version__Box_-_Back_-_Reconstructed__North_America__c7259f4d-e855-4159-885a-8c9d93d08f27.jpg
IMG	Pokémon Sapphire Version	Nintendo Game Boy Advance	Box - Front	Germany	Pok_mon_Sapphire_Version__Box_-_Front__Germany__f39cb43c-04ea-4785-a05e-f82aedad3240.png
IMG	Pokémon Sapphire Version	Nintendo Game Boy Advance	Box - Front	Japan	Pok_mon_Sapphire_Version__Box_-_Front__Japan__1b5bda1b-9441-422f-9388-2591aa984890.jpg
IMG	Pokémon Sapphire Version	Nintendo Game Boy Advance	Box - Front	North America	Pok_mon_Sapphire_Version__Box_-_Front__North_America__b7238142-02f4-4e21-b521-102a7a7b3c50.jpg
IMG	Pokémon Sapphire Version	Nintendo Game Boy Advance	Box - Front	Spain	Pok_mon_Sapphire_Version__Box_-_Front__Spain__303d9f25-2e75-49db-8f5f-a832faa2d29d.jpg
IMG	Pokémon Sapphire Version	Nintendo Game Boy Advance	Box - Front	Italy	Pok_mon_Sapphire_Version__Box_-_Front__Italy__408f195b-01d0-4107-90f4-664258e139d2.png
IMG	Pokémon Sapphire Version	Nintendo Game Boy Advance	Box - Front	Europe	Pok_mon_Sapphire_Version__Box_-_Front__Europe__624a05c8-6ee5-4a7f-9db0-dcc352171791.jpg
IMG	Pokémon Sapphire Version	Nintendo Game Boy Advance	Box - Front - Reconstructed	North America	Pok_mon_Sapphire_Version__Box_-_Front_-_Reconstructed__North_America__0a0af2cf-a393-4f6e-b694-13b236003187.jpg
IMG	Pokémon Sapphire Version	Nintendo Game Boy Advance	Box - Front - Reconstructed	Australia	Pok_mon_Sapphire_Version__Box_-_Front_-_Reconstructed__Australia__r2_0d3fd9c0-9e50-4a0a-8802-d94233a91908.png
IMG	Pokémon Sapphire Version	Nintendo Game Boy Advance	Box - Front - Reconstructed	Europe	Pok_mon_Sapphire_Version__Box_-_Front_-_Reconstructed__Europe__8a4b94c3-17c8-4838-bc7a-f50ec544c7dc.png
IMG	Pokémon Sapphire Version	Nintendo Game Boy Advance	Box - Spine	North America	Pok_mon_Sapphire_Version__Box_-_Spine__North_America__8c4c7610-aa84-4669-bbb2-02121a532851.jpg
IMG	Pokémon Sapphire Version	Nintendo Game Boy Advance	Cart - Front	North America	Pok_mon_Sapphire_Version__Cart_-_Front__North_America__r2_7afb6b62-b77b-49c0-8737-87419df886db.png
IMG	Pokémon Sapphire Version	Nintendo Game Boy Advance	Cart - Front	Japan	Pok_mon_Sapphire_Version__Cart_-_Front__Japan__r2_2fb37601-4be0-4c36-87d9-149bfae9a1b3.png
IMG	Pokémon Sapphire Version	Nintendo Game Boy Advance	Clear Logo	World	Pok_mon_Sapphire_Version__Clear_Logo__World__6315316f-b90c-4087-9ce4-1332097c93ae.png
IMG	Pokémon Sapphire Version	Nintendo Game Boy Advance	Clear Logo	World	Pok_mon_Sapphire_Version__Clear_Logo__World__e9ad16b3-6fbd-4cd7-92f5-3e3281bbead5.png
IMG	Pokémon Sapphire Version	Nintendo Game Boy Advance	Clear Logo	Europe	Pok_mon_Sapphire_Version__Clear_Logo__Europe__7dce3226-85fa-4cd3-a779-c7d53ba90126.png
IMG	Pokémon Sapphire Version	Nintendo Game Boy Advance	Clear Logo		Pok_mon_Sapphire_Version__Clear_Logo____c5e6ada1-4f5a-4ef8-8bf6-18f09baccf27.png
IMG	Pokémon Sapphire Version	Nintendo Game Boy Advance	Clear Logo	World	Pok_mon_Sapphire_Version__Clear_Logo__World__736d9f1d-7484-448a-b862-f8121bc58d2c.png
IMG	Pokémon Sapphire Version	Nintendo Game Boy Advance	Fanart - Background		Pok_mon_Sapphire_Version__Fanart_-_Background____82d5b2ca-1f84-4b95-a6a6-8b379d1a0200.jpg
IMG	Pokémon Sapphire Version	Nintendo Game Boy Advance	Fanart - Background		Pok_mon_Sapphire_Version__Fanart_-_Background____dfc4b7f5-c173-4fb9-b3a0-20e611ead8d8.jpg
IMG	Pokémon Sapphire Version	Nintendo Game Boy Advance	Fanart - Background		Pok_mon_Sapphire_Version__Fanart_-_Background____38d1ad5b-6b1b-429f-ac05-32a230f8a895.jpg
IMG	Pokémon Sapphire Version	Nintendo Game Boy Advance	Fanart - Background		Pok_mon_Sapphire_Version__Fanart_-_Background____57e1e1ad-1ae3-4fec-ab23-819ed032d3dd.jpg
IMG	Pokémon Sapphire Version	Nintendo Game Boy Advance	Fanart - Box - Front	Europe	Pok_mon_Sapphire_Version__Fanart_-_Box_-_Front__Europe__3adf7add-bf69-4ac3-aa27-b4f23271bcef.png
IMG	Pokémon Sapphire Version	Nintendo Game Boy Advance	Icon	World	Pok_mon_Sapphire_Version__Icon__World__r2_ab887239-c91c-46b9-87d4-4d41cdb9ac00.png
IMG	Pokémon Sapphire Version	Nintendo Game Boy Advance	Poster	North America	Pok_mon_Sapphire_Version__Poster__North_America__r2_0deeb8d3-38ec-4b7c-aff0-c714175a8128.png
IMG	Pokémon Sapphire Version	Nintendo Game Boy Advance	Poster	World	Pok_mon_Sapphire_Version__Poster__World__32f534cc-9ddc-4c78-b902-ec83933ed75f.png
IMG	Pokémon Sapphire Version	Nintendo Game Boy Advance	Screenshot - Gameplay	World	Pok_mon_Sapphire_Version__Screenshot_-_Gameplay__World__141bc25c-b891-4cd4-befa-6ad9d891730d.png
IMG	Pokémon Sapphire Version	Nintendo Game Boy Advance	Screenshot - Gameplay	World	Pok_mon_Sapphire_Version__Screenshot_-_Gameplay__World__55de3ad6-7587-4992-bd54-f949e1d8f496.png
IMG	Pokémon Sapphire Version	Nintendo Game Boy Advance	Screenshot - Gameplay	World	Pok_mon_Sapphire_Version__Screenshot_-_Gameplay__World__671cace9-344c-4eff-9e2b-fccf610b1e8f.png
IMG	Pokémon Sapphire Version	Nintendo Game Boy Advance	Screenshot - Gameplay	World	Pok_mon_Sapphire_Version__Screenshot_-_Gameplay__World__c06a5d15-92dc-430c-b4a1-3695cba3a236.png
IMG	Pokémon Sapphire Version	Nintendo Game Boy Advance	Screenshot - Gameplay	Germany	Pok_mon_Sapphire_Version__Screenshot_-_Gameplay__Germany__ef690d4f-10e5-487a-9044-2336d6300678.png
IMG	Pokémon Sapphire Version	Nintendo Game Boy Advance	Screenshot - Gameplay	Japan	Pok_mon_Sapphire_Version__Screenshot_-_Gameplay__Japan__f9591abe-9c37-4c53-b6fe-a0f46559b0b1.png
IMG	Pokémon Sapphire Version	Nintendo Game Boy Advance	Screenshot - Gameplay	France	Pok_mon_Sapphire_Version__Screenshot_-_Gameplay__France__b85cbaeb-621d-4004-b7a2-fba233311c41.png
IMG	Pokémon Sapphire Version	Nintendo Game Boy Advance	Screenshot - Gameplay	Spain	Pok_mon_Sapphire_Version__Screenshot_-_Gameplay__Spain__7c8dfef0-382b-4c00-b5ac-11f931167d24.png
IMG	Pokémon Sapphire Version	Nintendo Game Boy Advance	Screenshot - Gameplay	World	Pok_mon_Sapphire_Version__Screenshot_-_Gameplay__World__311971f6-b76f-4fe5-8227-fcfb30d8543b.jpg
IMG	Pokémon Sapphire Version	Nintendo Game Boy Advance	Screenshot - Game Title	United States	Pok_mon_Sapphire_Version__Screenshot_-_Game_Title__United_States__r2_0be058b6-15a8-44b4-90a9-cabd473222ec.png
IMG	Pokémon Sapphire Version	Nintendo Game Boy Advance	Screenshot - Game Title	Italy	Pok_mon_Sapphire_Version__Screenshot_-_Game_Title__Italy__9d03e8f8-f149-4701-99af-933a21619e47.png
IMG	Pokémon Sapphire Version	Nintendo Game Boy Advance	Screenshot - Game Title	Spain	Pok_mon_Sapphire_Version__Screenshot_-_Game_Title__Spain__6a2cc0f2-21e9-4489-b6d5-7ecd9c71e139.png
IMG	Pokémon Sapphire Version	Nintendo Game Boy Advance	Screenshot - Game Title	World	Pok_mon_Sapphire_Version__Screenshot_-_Game_Title__World__c6d7398b-771c-4e3b-923c-6316c1192c18.png
IMG	Pokémon Emerald Version	Nintendo Game Boy Advance	Advertisement Flyer - Front	Europe	Pok_mon_Emerald_Version__Advertisement_Flyer_-_Front__Europe__de303079-5836-4715-9c5d-7b023dffddd2.jpg
IMG	Pokémon Emerald Version	Nintendo Game Boy Advance	Advertisement Flyer - Front	North America	Pok_mon_Emerald_Version__Advertisement_Flyer_-_Front__North_America__r2_4d1e70d5-6d88-4609-9d5e-01c9cd2a2f81.jpg
IMG	Pokémon Emerald Version	Nintendo Game Boy Advance	Advertisement Flyer - Front	United Kingdom	Pok_mon_Emerald_Version__Advertisement_Flyer_-_Front__United_Kingdom__r2_e947ec07-664e-459d-87ff-f127a9cfefb5.jpg
IMG	Pokémon Emerald Version	Nintendo Game Boy Advance	Banner		Pok_mon_Emerald_Version__Banner____5c0bb3f2-9f8f-4307-87de-269ee5e44d5a.jpg
IMG	Pokémon Emerald Version	Nintendo Game Boy Advance	Box - 3D	North America	Pok_mon_Emerald_Version__Box_-_3D__North_America__r2_b6cbfa9a-5693-49e2-989e-c4fc9643d7eb.png
IMG	Pokémon Emerald Version	Nintendo Game Boy Advance	Box - Back	North America	Pok_mon_Emerald_Version__Box_-_Back__North_America__6602f3ad-0d9c-47d2-93f8-d36f18d5e092.jpg
IMG	Pokémon Emerald Version	Nintendo Game Boy Advance	Box - Back	France	Pok_mon_Emerald_Version__Box_-_Back__France__363ee3ef-1f35-4e82-884e-0464801c55f0.jpg
IMG	Pokémon Emerald Version	Nintendo Game Boy Advance	Box - Back	Spain	Pok_mon_Emerald_Version__Box_-_Back__Spain__0ec8cfd7-4630-497f-b227-d569f8400aa5.jpg
IMG	Pokémon Emerald Version	Nintendo Game Boy Advance	Box - Back	Europe	Pok_mon_Emerald_Version__Box_-_Back__Europe__d5722a3a-7c4b-4b48-97eb-8ebcf99219d1.jpg
IMG	Pokémon Emerald Version	Nintendo Game Boy Advance	Box - Back	Japan	Pok_mon_Emerald_Version__Box_-_Back__Japan__3c92f785-881d-4489-83d8-58c3174f1950.jpg
IMG	Pokémon Emerald Version	Nintendo Game Boy Advance	Box - Back	Germany	Pok_mon_Emerald_Version__Box_-_Back__Germany__8e7d51a9-ff29-45f8-8206-a76a12079c38.jpg
IMG	Pokémon Emerald Version	Nintendo Game Boy Advance	Box - Front	Italy	Pok_mon_Emerald_Version__Box_-_Front__Italy__613fb154-9850-4d58-9885-eab2d13153b5.jpg
IMG	Pokémon Emerald Version	Nintendo Game Boy Advance	Box - Front	Europe	Pok_mon_Emerald_Version__Box_-_Front__Europe__94cd4e67-9ec7-40a9-8fee-5c316a699ce4.jpg
IMG	Pokémon Emerald Version	Nintendo Game Boy Advance	Box - Front	France	Pok_mon_Emerald_Version__Box_-_Front__France__57baf047-0858-4591-ae9d-11f5a46953a3.jpg
IMG	Pokémon Emerald Version	Nintendo Game Boy Advance	Box - Front	Spain	Pok_mon_Emerald_Version__Box_-_Front__Spain__cfc2454e-b2f0-484b-b537-ecf0b25affab.jpg
IMG	Pokémon Emerald Version	Nintendo Game Boy Advance	Box - Front	Germany	Pok_mon_Emerald_Version__Box_-_Front__Germany__73b75b04-b7e7-4597-80c7-6b018c06078e.png
IMG	Pokémon Emerald Version	Nintendo Game Boy Advance	Box - Front	Japan	Pok_mon_Emerald_Version__Box_-_Front__Japan__12d8ee3e-3c80-4548-8d2e-ed3161fe3ed5.jpg
IMG	Pokémon Emerald Version	Nintendo Game Boy Advance	Box - Front	North America	Pok_mon_Emerald_Version__Box_-_Front__North_America__1fde111d-8805-47ba-af07-03b436e4dfde.jpg
IMG	Pokémon Emerald Version	Nintendo Game Boy Advance	Box - Front - Reconstructed	Europe	Pok_mon_Emerald_Version__Box_-_Front_-_Reconstructed__Europe__6b6154ba-67d0-4569-8cc5-08ffda53e727.jpg
IMG	Pokémon Emerald Version	Nintendo Game Boy Advance	Box - Spine	North America	Pok_mon_Emerald_Version__Box_-_Spine__North_America__567c7a8d-baeb-4b16-9dc3-b158c11f411d.jpg
IMG	Pokémon Emerald Version	Nintendo Game Boy Advance	Cart - Front	Japan	Pok_mon_Emerald_Version__Cart_-_Front__Japan__r2_b6d3ca83-208d-4968-aa90-db69a987d6ff.png
IMG	Pokémon Emerald Version	Nintendo Game Boy Advance	Cart - Front	Spain	Pok_mon_Emerald_Version__Cart_-_Front__Spain__r2_5cf40804-350c-4e84-bc85-999abf187fb6.png
IMG	Pokémon Emerald Version	Nintendo Game Boy Advance	Cart - Front	North America	Pok_mon_Emerald_Version__Cart_-_Front__North_America__r2_ea8f352b-fa39-41b7-b27e-bbe6df1e86d1.png
IMG	Pokémon Emerald Version	Nintendo Game Boy Advance	Clear Logo	Germany	Pok_mon_Emerald_Version__Clear_Logo__Germany__97d72e20-d44a-48d1-ba72-feee76edc664.png
IMG	Pokémon Emerald Version	Nintendo Game Boy Advance	Clear Logo	Japan	Pok_mon_Emerald_Version__Clear_Logo__Japan__a5f797b2-07b8-422b-bf74-af030928897f.png
IMG	Pokémon Emerald Version	Nintendo Game Boy Advance	Clear Logo	World	Pok_mon_Emerald_Version__Clear_Logo__World__d7ede79c-0ad1-4ffc-bc0f-20008d86d16f.png
IMG	Pokémon Emerald Version	Nintendo Game Boy Advance	Clear Logo	Spain	Pok_mon_Emerald_Version__Clear_Logo__Spain__216bd8b7-4c71-4bb9-879b-ccd846f6e4b0.png
IMG	Pokémon Emerald Version	Nintendo Game Boy Advance	Clear Logo	Italy	Pok_mon_Emerald_Version__Clear_Logo__Italy__r2_8927f080-dbe1-45f0-b4ef-31eeb8fa96d4.png
IMG	Pokémon Emerald Version	Nintendo Game Boy Advance	Clear Logo	France	Pok_mon_Emerald_Version__Clear_Logo__France__3d2de543-14c4-4c54-a92c-2142ec75ab43.png
IMG	Pokémon Emerald Version	Nintendo Game Boy Advance	Fanart - Background		Pok_mon_Emerald_Version__Fanart_-_Background____7fe52b3e-2381-47c5-8c7f-9ce690677010.jpg
IMG	Pokémon Emerald Version	Nintendo Game Boy Advance	Fanart - Background		Pok_mon_Emerald_Version__Fanart_-_Background____38640639-9fb2-418c-9244-f386d915b2ef.jpg
IMG	Pokémon Emerald Version	Nintendo Game Boy Advance	Fanart - Background		Pok_mon_Emerald_Version__Fanart_-_Background____da4adbd7-706a-43bc-9c6f-abc90a5b469b.jpg
IMG	Pokémon Emerald Version	Nintendo Game Boy Advance	Fanart - Background	World	Pok_mon_Emerald_Version__Fanart_-_Background__World__r2_f4ee7f23-ca8a-479d-8145-ca3d1ae292cf.png
IMG	Pokémon Emerald Version	Nintendo Game Boy Advance	Fanart - Background		Pok_mon_Emerald_Version__Fanart_-_Background____8e775f1a-d989-4da8-b31a-82bc3e116503.png
IMG	Pokémon Emerald Version	Nintendo Game Boy Advance	Fanart - Background		Pok_mon_Emerald_Version__Fanart_-_Background____cf0cedab-7b83-498c-b399-f903c86a0743.png
IMG	Pokémon Emerald Version	Nintendo Game Boy Advance	Fanart - Background		Pok_mon_Emerald_Version__Fanart_-_Background____ea68934a-f38d-49be-b8d3-b4f10304a927.jpg
IMG	Pokémon Emerald Version	Nintendo Game Boy Advance	Fanart - Background		Pok_mon_Emerald_Version__Fanart_-_Background____a948b3b4-f75d-47d4-a9d8-e5e8c9648b28.png
IMG	Pokémon Emerald Version	Nintendo Game Boy Advance	Fanart - Background		Pok_mon_Emerald_Version__Fanart_-_Background____1078a947-cb1e-4831-a052-62f38bddcf74.jpg
IMG	Pokémon Emerald Version	Nintendo Game Boy Advance	Icon	World	Pok_mon_Emerald_Version__Icon__World__r2_008aba71-1862-463b-954e-ab688813ed01.png
IMG	Pokémon Emerald Version	Nintendo Game Boy Advance	Poster	North America	Pok_mon_Emerald_Version__Poster__North_America__r2_d5df687e-3348-4bf2-abee-4c7d066aa713.png
IMG	Pokémon Emerald Version	Nintendo Game Boy Advance	Poster	North America	Pok_mon_Emerald_Version__Poster__North_America__r2_0617abad-49db-42bf-8e62-b8f7a44ff4b1.png
IMG	Pokémon Emerald Version	Nintendo Game Boy Advance	Poster	World	Pok_mon_Emerald_Version__Poster__World__7a0c3f18-fa84-4174-90be-4832c409c852.png
IMG	Pokémon Emerald Version	Nintendo Game Boy Advance	Screenshot - Gameplay	World	Pok_mon_Emerald_Version__Screenshot_-_Gameplay__World__a3008912-8469-4248-a2ee-0faded752a6b.jpg
IMG	Pokémon Emerald Version	Nintendo Game Boy Advance	Screenshot - Gameplay	World	Pok_mon_Emerald_Version__Screenshot_-_Gameplay__World__7a1b0418-0a4e-4d0f-834a-505ada396c81.png
IMG	Pokémon Emerald Version	Nintendo Game Boy Advance	Screenshot - Gameplay	World	Pok_mon_Emerald_Version__Screenshot_-_Gameplay__World__8f54a4c9-03a4-43fb-8f19-e0ae3ecca8fb.jpg
IMG	Pokémon Emerald Version	Nintendo Game Boy Advance	Screenshot - Gameplay	World	Pok_mon_Emerald_Version__Screenshot_-_Gameplay__World__7a9c557d-aa32-41cb-aae2-e42e95e9ed1f.jpg
IMG	Pokémon Emerald Version	Nintendo Game Boy Advance	Screenshot - Gameplay	Spain	Pok_mon_Emerald_Version__Screenshot_-_Gameplay__Spain__ba046842-a27a-43c1-a8c0-c9b9f2ee6135.jpg
IMG	Pokémon Emerald Version	Nintendo Game Boy Advance	Screenshot - Gameplay	World	Pok_mon_Emerald_Version__Screenshot_-_Gameplay__World__2c5a2340-b4db-475d-a9b2-fd006904a50e.jpg
IMG	Pokémon Emerald Version	Nintendo Game Boy Advance	Screenshot - Gameplay	World	Pok_mon_Emerald_Version__Screenshot_-_Gameplay__World__21bf249e-7516-4ccb-8c2c-35a273b1888c.png
IMG	Pokémon Emerald Version	Nintendo Game Boy Advance	Screenshot - Game Title	Japan	Pok_mon_Emerald_Version__Screenshot_-_Game_Title__Japan__82fe39a7-7700-4f4a-8c1a-d3e89c2fae32.png
IMG	Pokémon Emerald Version	Nintendo Game Boy Advance	Screenshot - Game Title	United States	Pok_mon_Emerald_Version__Screenshot_-_Game_Title__United_States__r2_e41fed0b-72f2-464a-b6ab-eb97b108874f.png
IMG	Pokémon Emerald Version	Nintendo Game Boy Advance	Screenshot - Game Title	World	Pok_mon_Emerald_Version__Screenshot_-_Game_Title__World__c12e9a60-9af9-4a01-b47f-e556b5d5e283.png
IMG	Pokémon Emerald Version	Nintendo Game Boy Advance	Screenshot - Game Title	Germany	Pok_mon_Emerald_Version__Screenshot_-_Game_Title__Germany__1b28f2db-9862-4c5e-b76e-6a2506b78267.jpg
IMG	Pokémon Emerald Version	Nintendo Game Boy Advance	Screenshot - Game Title	Spain	Pok_mon_Emerald_Version__Screenshot_-_Game_Title__Spain__a3440017-d4eb-4998-a989-efde9d5df912.png
IMG	Pokémon Emerald Version	Nintendo Game Boy Advance	Screenshot - Game Title	Italy	Pok_mon_Emerald_Version__Screenshot_-_Game_Title__Italy__78239400-9c39-4206-938b-5890198546ed.jpg
IMG	Pokémon Mystery Dungeon: Red Rescue Team	Nintendo Game Boy Advance	Advertisement Flyer - Front	Spain	Pok_mon_Mystery_Dungeon_Red_Rescue_Team__Advertisement_Flyer_-_Front__Spain__53a2d901-fca9-4386-a9b6-14f2b4834a0b.jpg
IMG	Pokémon Mystery Dungeon: Red Rescue Team	Nintendo Game Boy Advance	Advertisement Flyer - Front	North America	Pok_mon_Mystery_Dungeon_Red_Rescue_Team__Advertisement_Flyer_-_Front__North_America__4ba032ed-4da8-4856-8dc1-a93244072f18.jpg
IMG	Pokémon Mystery Dungeon: Red Rescue Team	Nintendo Game Boy Advance	Banner		Pok_mon_Mystery_Dungeon_Red_Rescue_Team__Banner____5f22c7e6-fad2-4d6b-a84a-9752e6f4368b.jpg
IMG	Pokémon Mystery Dungeon: Red Rescue Team	Nintendo Game Boy Advance	Box - 3D	North America	Pok_mon_Mystery_Dungeon_Red_Rescue_Team__Box_-_3D__North_America__r2_0a239da3-e39c-49fa-bf16-11da022d7921.png
IMG	Pokémon Mystery Dungeon: Red Rescue Team	Nintendo Game Boy Advance	Box - Back	Japan	Pok_mon_Mystery_Dungeon_Red_Rescue_Team__Box_-_Back__Japan__a0b6920d-348b-4bf3-b39c-ec91a327c3ca.jpg
IMG	Pokémon Mystery Dungeon: Red Rescue Team	Nintendo Game Boy Advance	Box - Back	Germany	Pok_mon_Mystery_Dungeon_Red_Rescue_Team__Box_-_Back__Germany__r2_160a76a2-1565-4cb5-bc35-42af80fb4b3a.jpg
IMG	Pokémon Mystery Dungeon: Red Rescue Team	Nintendo Game Boy Advance	Box - Back	North America	Pok_mon_Mystery_Dungeon_Red_Rescue_Team__Box_-_Back__North_America__e32c70c4-fe60-488c-9ef1-51d93cd552c1.jpg
IMG	Pokémon Mystery Dungeon: Red Rescue Team	Nintendo Game Boy Advance	Box - Front	North America	Pok_mon_Mystery_Dungeon_Red_Rescue_Team__Box_-_Front__North_America__7f1f8399-9264-4182-b0df-e2c0f5a63ac6.jpg
IMG	Pokémon Mystery Dungeon: Red Rescue Team	Nintendo Game Boy Advance	Box - Front	Italy	Pok_mon_Mystery_Dungeon_Red_Rescue_Team__Box_-_Front__Italy__54005b8a-f3de-40ee-a60a-79c017e80695.jpg
IMG	Pokémon Mystery Dungeon: Red Rescue Team	Nintendo Game Boy Advance	Box - Front	Japan	Pok_mon_Mystery_Dungeon_Red_Rescue_Team__Box_-_Front__Japan__8d063492-17aa-4854-869b-276a7eb82e8f.png
IMG	Pokémon Mystery Dungeon: Red Rescue Team	Nintendo Game Boy Advance	Box - Front	Spain	Pok_mon_Mystery_Dungeon_Red_Rescue_Team__Box_-_Front__Spain__8fa87428-99ba-471e-a1cb-4af6fdb6d007.jpg
IMG	Pokémon Mystery Dungeon: Red Rescue Team	Nintendo Game Boy Advance	Box - Front	Germany	Pok_mon_Mystery_Dungeon_Red_Rescue_Team__Box_-_Front__Germany__r2_58fe1d73-9769-48f5-976a-d77991358dfc.jpg
IMG	Pokémon Mystery Dungeon: Red Rescue Team	Nintendo Game Boy Advance	Box - Front	Europe	Pok_mon_Mystery_Dungeon_Red_Rescue_Team__Box_-_Front__Europe__cfec3b53-0cd2-4019-93a1-4fe59f549d6c.jpg
IMG	Pokémon Mystery Dungeon: Red Rescue Team	Nintendo Game Boy Advance	Box - Front	Europe	Pok_mon_Mystery_Dungeon_Red_Rescue_Team__Box_-_Front__Europe__r2_14e418ae-1c2c-4291-acba-aa3d72a620f4.png
IMG	Pokémon Mystery Dungeon: Red Rescue Team	Nintendo Game Boy Advance	Box - Spine	North America	Pok_mon_Mystery_Dungeon_Red_Rescue_Team__Box_-_Spine__North_America__89f96d36-f61d-43fb-9272-f6d3dbbe9230.jpg
IMG	Pokémon Mystery Dungeon: Red Rescue Team	Nintendo Game Boy Advance	Cart - Front	North America	Pok_mon_Mystery_Dungeon_Red_Rescue_Team__Cart_-_Front__North_America__r2_481711aa-1fab-48ef-91dc-8011752990ea.png
IMG	Pokémon Mystery Dungeon: Red Rescue Team	Nintendo Game Boy Advance	Clear Logo	Japan	Pok_mon_Mystery_Dungeon_Red_Rescue_Team__Clear_Logo__Japan__r2_64b49867-d638-4adc-8aed-dbc5fdef2d4d.png
IMG	Pokémon Mystery Dungeon: Red Rescue Team	Nintendo Game Boy Advance	Clear Logo	Spain	Pok_mon_Mystery_Dungeon_Red_Rescue_Team__Clear_Logo__Spain__7f9aa7c3-b20b-4eb5-a735-5dbfcce7d81d.png
IMG	Pokémon Mystery Dungeon: Red Rescue Team	Nintendo Game Boy Advance	Clear Logo	World	Pok_mon_Mystery_Dungeon_Red_Rescue_Team__Clear_Logo__World__e17b8157-d5b9-4ff6-8c51-42f074e1332b.png
IMG	Pokémon Mystery Dungeon: Red Rescue Team	Nintendo Game Boy Advance	Fanart - Background		Pok_mon_Mystery_Dungeon_Red_Rescue_Team__Fanart_-_Background____0b1a4da1-678c-4fa2-bbd6-9bb68cb62589.jpg
IMG	Pokémon Mystery Dungeon: Red Rescue Team	Nintendo Game Boy Advance	Fanart - Background		Pok_mon_Mystery_Dungeon_Red_Rescue_Team__Fanart_-_Background____01fcb8eb-3375-427d-a257-5e4fbeadce8b.jpg
IMG	Pokémon Mystery Dungeon: Red Rescue Team	Nintendo Game Boy Advance	Screenshot - Gameplay		Pok_mon_Mystery_Dungeon_Red_Rescue_Team__Screenshot_-_Gameplay____05fef447-cf3d-4f4f-a5c7-5944de99f00c.jpg
IMG	Pokémon Mystery Dungeon: Red Rescue Team	Nintendo Game Boy Advance	Screenshot - Gameplay		Pok_mon_Mystery_Dungeon_Red_Rescue_Team__Screenshot_-_Gameplay____6b415cc9-e8ec-4afc-974f-a61165301317.png
IMG	Pokémon Mystery Dungeon: Red Rescue Team	Nintendo Game Boy Advance	Screenshot - Gameplay		Pok_mon_Mystery_Dungeon_Red_Rescue_Team__Screenshot_-_Gameplay____876678f1-1295-48fc-bb92-77306fb1ba07.png
IMG	Pokémon Mystery Dungeon: Red Rescue Team	Nintendo Game Boy Advance	Screenshot - Gameplay		Pok_mon_Mystery_Dungeon_Red_Rescue_Team__Screenshot_-_Gameplay____70fb1d9e-094d-435a-b9c2-71033f685d23.png
IMG	Pokémon Mystery Dungeon: Red Rescue Team	Nintendo Game Boy Advance	Screenshot - Game Title	World	Pok_mon_Mystery_Dungeon_Red_Rescue_Team__Screenshot_-_Game_Title__World__6e2d1741-86f4-4d48-b31c-24ef49ae6d5c.png
IMG	Pokémon Mystery Dungeon: Red Rescue Team	Nintendo Game Boy Advance	Screenshot - Game Title	Spain	Pok_mon_Mystery_Dungeon_Red_Rescue_Team__Screenshot_-_Game_Title__Spain__6677c3a3-58bc-45e3-85f1-cd340872688c.png
IMG	Pokémon FireRed Version	Nintendo Game Boy Advance	Banner		Pok_mon_FireRed_Version__Banner____df92c9fc-87fa-42d6-8750-f3ec35273f6a.jpg
IMG	Pokémon FireRed Version	Nintendo Game Boy Advance	Box - 3D	France	Pok_mon_FireRed_Version__Box_-_3D__France__r2_860a5de5-8816-4120-bd03-51bac16a607b.png
IMG	Pokémon FireRed Version	Nintendo Game Boy Advance	Box - 3D	North America	Pok_mon_FireRed_Version__Box_-_3D__North_America__r2_9aee4332-2125-4a38-839e-7b9612c26d8f.png
IMG	Pokémon FireRed Version	Nintendo Game Boy Advance	Box - Back	Europe	Pok_mon_FireRed_Version__Box_-_Back__Europe__6636694a-1350-47e8-ba1f-a6485a01fc94.jpg
IMG	Pokémon FireRed Version	Nintendo Game Boy Advance	Box - Back	North America	Pok_mon_FireRed_Version__Box_-_Back__North_America__77e0d70a-6b04-4b50-b13f-7c8a71014122.jpg
IMG	Pokémon FireRed Version	Nintendo Game Boy Advance	Box - Back	Japan	Pok_mon_FireRed_Version__Box_-_Back__Japan__r2_d6818f79-43b1-4e76-932b-c474155f5eed.jpg
IMG	Pokémon FireRed Version	Nintendo Game Boy Advance	Box - Front	Germany	Pok_mon_FireRed_Version__Box_-_Front__Germany__3fd5cb91-4455-4909-9865-ec4799b4da3d.jpg
IMG	Pokémon FireRed Version	Nintendo Game Boy Advance	Box - Front	Japan	Pok_mon_FireRed_Version__Box_-_Front__Japan__20b08e21-e1e7-4617-a7e5-d0bd308c7854.jpg
IMG	Pokémon FireRed Version	Nintendo Game Boy Advance	Box - Front	Spain	Pok_mon_FireRed_Version__Box_-_Front__Spain__5bdcd75d-d0ec-497c-af35-4f342834866a.jpg
IMG	Pokémon FireRed Version	Nintendo Game Boy Advance	Box - Front	Europe	Pok_mon_FireRed_Version__Box_-_Front__Europe__6ab16c0c-62c0-4b0b-9e07-02514de9f436.jpg
IMG	Pokémon FireRed Version	Nintendo Game Boy Advance	Box - Front	Japan	Pok_mon_FireRed_Version__Box_-_Front__Japan__fa121280-ee48-40a3-9cec-4976b9a5c4c4.jpg
IMG	Pokémon FireRed Version	Nintendo Game Boy Advance	Box - Front	Italy	Pok_mon_FireRed_Version__Box_-_Front__Italy__d8fbe59a-03cd-4aa7-a437-e70e869468fc.jpg
IMG	Pokémon FireRed Version	Nintendo Game Boy Advance	Box - Front	North America	Pok_mon_FireRed_Version__Box_-_Front__North_America__2198e0db-77df-4104-a30d-627e5683dd3e.jpg
IMG	Pokémon FireRed Version	Nintendo Game Boy Advance	Cart - Front	Spain	Pok_mon_FireRed_Version__Cart_-_Front__Spain__r2_bf1d6fa7-a006-4a65-8bac-d14a72f9adc6.png
IMG	Pokémon FireRed Version	Nintendo Game Boy Advance	Cart - Front	Japan	Pok_mon_FireRed_Version__Cart_-_Front__Japan__r2_eb9d28b2-178d-42f0-b95f-2dc74e704186.png
IMG	Pokémon FireRed Version	Nintendo Game Boy Advance	Cart - Front	North America	Pok_mon_FireRed_Version__Cart_-_Front__North_America__r2_31631d3e-4155-47cd-b137-398e7a8007d3.png
IMG	Pokémon FireRed Version	Nintendo Game Boy Advance	Clear Logo	Germany	Pok_mon_FireRed_Version__Clear_Logo__Germany__f30df42e-d0b2-4b44-8b9e-052d7ded0a12.png
IMG	Pokémon FireRed Version	Nintendo Game Boy Advance	Clear Logo	Spain	Pok_mon_FireRed_Version__Clear_Logo__Spain__01ccca56-d1dd-4459-a365-5343a2e6a807.png
IMG	Pokémon FireRed Version	Nintendo Game Boy Advance	Clear Logo	World	Pok_mon_FireRed_Version__Clear_Logo__World__6cd46a01-b6db-4e0f-bc04-81981af6a631.png
IMG	Pokémon FireRed Version	Nintendo Game Boy Advance	Fanart - Background		Pok_mon_FireRed_Version__Fanart_-_Background____c015eb64-53a0-4f1a-9bcd-dba78a1e114e.jpg
IMG	Pokémon FireRed Version	Nintendo Game Boy Advance	Fanart - Background		Pok_mon_FireRed_Version__Fanart_-_Background____51e20eb3-fcbc-4b26-8106-2186be473c19.jpg
IMG	Pokémon FireRed Version	Nintendo Game Boy Advance	Fanart - Background	World	Pok_mon_FireRed_Version__Fanart_-_Background__World__r2_ffc02ce7-391e-439a-a1f6-60aabbe5f4ab.jpg
IMG	Pokémon FireRed Version	Nintendo Game Boy Advance	Fanart - Background	World	Pok_mon_FireRed_Version__Fanart_-_Background__World__r2_97959de2-212e-4913-9b9f-8bdafb743b69.png
IMG	Pokémon FireRed Version	Nintendo Game Boy Advance	Fanart - Background		Pok_mon_FireRed_Version__Fanart_-_Background____3ec8f9b3-6d04-4c38-97c0-5f0ecbbde7a8.jpg
IMG	Pokémon FireRed Version	Nintendo Game Boy Advance	Fanart - Background	World	Pok_mon_FireRed_Version__Fanart_-_Background__World__r2_67a6cd41-2b6c-4a02-8276-7042e73d27fd.png
IMG	Pokémon FireRed Version	Nintendo Game Boy Advance	Fanart - Box - Front		Pok_mon_FireRed_Version__Fanart_-_Box_-_Front____a3ff2c73-afb1-4a10-b38f-7784f9c1e666.png
IMG	Pokémon FireRed Version	Nintendo Game Boy Advance	Fanart - Box - Front	North America	Pok_mon_FireRed_Version__Fanart_-_Box_-_Front__North_America__r2_ac301e1d-cd0a-4b67-a4cd-426b20ca0a89.png
IMG	Pokémon FireRed Version	Nintendo Game Boy Advance	Fanart - Box - Front		Pok_mon_FireRed_Version__Fanart_-_Box_-_Front____9c07a61e-b4ac-40af-8b4a-ede870a39775.png
IMG	Pokémon FireRed Version	Nintendo Game Boy Advance	Fanart - Box - Front	North America	Pok_mon_FireRed_Version__Fanart_-_Box_-_Front__North_America__2b76a4ce-6f08-4376-8e5c-13217eec80f5.jpg
IMG	Pokémon FireRed Version	Nintendo Game Boy Advance	Fanart - Box - Front	World	Pok_mon_FireRed_Version__Fanart_-_Box_-_Front__World__r2_b8e7c7b8-16a6-4be4-a896-b58585346588.png
IMG	Pokémon FireRed Version	Nintendo Game Boy Advance	Fanart - Cart - Front	North America	Pok_mon_FireRed_Version__Fanart_-_Cart_-_Front__North_America__2f044702-518f-4213-bdf5-4811d485522a.png
IMG	Pokémon FireRed Version	Nintendo Game Boy Advance	Icon	World	Pok_mon_FireRed_Version__Icon__World__r2_d830f20b-c1e6-4ec3-8507-612d61feac83.png
IMG	Pokémon FireRed Version	Nintendo Game Boy Advance	Screenshot - Gameplay	World	Pok_mon_FireRed_Version__Screenshot_-_Gameplay__World__a1de569e-a92b-4ca4-9c0a-b967ab53c588.png
IMG	Pokémon FireRed Version	Nintendo Game Boy Advance	Screenshot - Gameplay	World	Pok_mon_FireRed_Version__Screenshot_-_Gameplay__World__ff0a6c03-5115-4249-9f5e-6cf924954f13.jpg
IMG	Pokémon FireRed Version	Nintendo Game Boy Advance	Screenshot - Gameplay	Spain	Pok_mon_FireRed_Version__Screenshot_-_Gameplay__Spain__5c14ab49-8b3f-402e-8c73-bba8d702a41e.jpg
IMG	Pokémon FireRed Version	Nintendo Game Boy Advance	Screenshot - Gameplay	World	Pok_mon_FireRed_Version__Screenshot_-_Gameplay__World__0c188ad4-a983-4ec5-a21b-9fe375063327.png
IMG	Pokémon FireRed Version	Nintendo Game Boy Advance	Screenshot - Gameplay	World	Pok_mon_FireRed_Version__Screenshot_-_Gameplay__World__d2090e86-46c4-4ebd-a559-2af73048418d.png
IMG	Pokémon FireRed Version	Nintendo Game Boy Advance	Screenshot - Game Title	World	Pok_mon_FireRed_Version__Screenshot_-_Game_Title__World__38ab1f5b-0f63-4f1e-ae39-9e3f73f26539.png
IMG	Pokémon FireRed Version	Nintendo Game Boy Advance	Screenshot - Game Title	United States	Pok_mon_FireRed_Version__Screenshot_-_Game_Title__United_States__r2_5111a1d8-873e-4331-b1ca-dcf847bcb1da.png
IMG	Pokémon FireRed Version	Nintendo Game Boy Advance	Screenshot - Game Title	Italy	Pok_mon_FireRed_Version__Screenshot_-_Game_Title__Italy__e7b1531f-2c1d-46f5-b269-5f8e9eea6c4d.png
IMG	Pokémon FireRed Version	Nintendo Game Boy Advance	Screenshot - Game Title	Spain	Pok_mon_FireRed_Version__Screenshot_-_Game_Title__Spain__411a890f-71d0-40f6-a758-ce3244cbc812.png
IMG	Pokémon FireRed Version	Nintendo Game Boy Advance	Square	World	Pok_mon_FireRed_Version__Square__World__r2_2d9449d6-6534-4fc2-8a68-9f288f78e374.jpg
IMG	Pokémon Pinball: Ruby & Sapphire	Nintendo Game Boy Advance	Banner		Pok_mon_Pinball_Ruby_Sapphire__Banner____7462cf23-da41-4e52-be2b-d4db1e32d63d.jpg
IMG	Pokémon Pinball: Ruby & Sapphire	Nintendo Game Boy Advance	Box - 3D	North America	Pok_mon_Pinball_Ruby_Sapphire__Box_-_3D__North_America__r2_9bcceaa5-050e-45c8-9638-a23a243d2f68.png
IMG	Pokémon Pinball: Ruby & Sapphire	Nintendo Game Boy Advance	Box - Back	Europe	Pok_mon_Pinball_Ruby_Sapphire__Box_-_Back__Europe__d8498514-0b07-4106-884f-e2000b8b9502.jpg
IMG	Pokémon Pinball: Ruby & Sapphire	Nintendo Game Boy Advance	Box - Back	North America	Pok_mon_Pinball_Ruby_Sapphire__Box_-_Back__North_America__52403e92-8f29-4adf-82cc-a3ecef8883da.jpg
IMG	Pokémon Pinball: Ruby & Sapphire	Nintendo Game Boy Advance	Box - Back	Japan	Pok_mon_Pinball_Ruby_Sapphire__Box_-_Back__Japan__r2_b2123212-76f5-440b-9c92-3c59b7a33365.png
IMG	Pokémon Pinball: Ruby & Sapphire	Nintendo Game Boy Advance	Box - Back	France	Pok_mon_Pinball_Ruby_Sapphire__Box_-_Back__France__r2_b1856336-a605-4064-9399-697a0c1df7a0.jpg
IMG	Pokémon Pinball: Ruby & Sapphire	Nintendo Game Boy Advance	Box - Front	North America	Pok_mon_Pinball_Ruby_Sapphire__Box_-_Front__North_America__7009cb78-35fe-4080-808d-60d0638e2a82.jpg
IMG	Pokémon Pinball: Ruby & Sapphire	Nintendo Game Boy Advance	Box - Front	Europe	Pok_mon_Pinball_Ruby_Sapphire__Box_-_Front__Europe__36ac3c83-7230-4bc0-a2fa-bcc4ebb32fcf.jpg
IMG	Pokémon Pinball: Ruby & Sapphire	Nintendo Game Boy Advance	Box - Front	Germany	Pok_mon_Pinball_Ruby_Sapphire__Box_-_Front__Germany__d2b0d3d0-72be-4c41-bf3c-e946ba18ddd6.png
IMG	Pokémon Pinball: Ruby & Sapphire	Nintendo Game Boy Advance	Box - Front	Japan	Pok_mon_Pinball_Ruby_Sapphire__Box_-_Front__Japan__8f306af2-99e4-413b-9f68-ac3e489e34e0.jpg
IMG	Pokémon Pinball: Ruby & Sapphire	Nintendo Game Boy Advance	Box - Front	Italy	Pok_mon_Pinball_Ruby_Sapphire__Box_-_Front__Italy__0243081b-4524-4846-add8-2dd5c5224ee0.jpg
IMG	Pokémon Pinball: Ruby & Sapphire	Nintendo Game Boy Advance	Box - Front	Australia	Pok_mon_Pinball_Ruby_Sapphire__Box_-_Front__Australia__e03fc52c-6a93-4b39-a327-862d602458a4.jpg
IMG	Pokémon Pinball: Ruby & Sapphire	Nintendo Game Boy Advance	Box - Front	Spain	Pok_mon_Pinball_Ruby_Sapphire__Box_-_Front__Spain__e36c5c28-325f-4b2b-862d-9c6e1f6a3c11.png
IMG	Pokémon Pinball: Ruby & Sapphire	Nintendo Game Boy Advance	Cart - Front	Europe	Pok_mon_Pinball_Ruby_Sapphire__Cart_-_Front__Europe__r2_c39cabb6-6416-4bf9-a456-b1bb01820338.png
IMG	Pokémon Pinball: Ruby & Sapphire	Nintendo Game Boy Advance	Cart - Front	Japan	Pok_mon_Pinball_Ruby_Sapphire__Cart_-_Front__Japan__r2_7a4cb442-6418-4cd1-8cbe-4bc13aed63e7.png
IMG	Pokémon Pinball: Ruby & Sapphire	Nintendo Game Boy Advance	Cart - Front	North America	Pok_mon_Pinball_Ruby_Sapphire__Cart_-_Front__North_America__r2_19ee18b8-873a-4c66-a740-74b964f9cec2.png
IMG	Pokémon Pinball: Ruby & Sapphire	Nintendo Game Boy Advance	Cart - Front	Australia	Pok_mon_Pinball_Ruby_Sapphire__Cart_-_Front__Australia__r2_e91bbf56-557e-480a-91b8-dfc17be97ac7.png
IMG	Pokémon Pinball: Ruby & Sapphire	Nintendo Game Boy Advance	Clear Logo	World	Pok_mon_Pinball_Ruby_Sapphire__Clear_Logo__World__1da4d245-33cd-4c5a-ab0f-f629cd5d1b3b.png
IMG	Pokémon Pinball: Ruby & Sapphire	Nintendo Game Boy Advance	Clear Logo	World	Pok_mon_Pinball_Ruby_Sapphire__Clear_Logo__World__r2_f6e427e5-63df-4075-881b-abc848425b35.png
IMG	Pokémon Pinball: Ruby & Sapphire	Nintendo Game Boy Advance	Clear Logo	World	Pok_mon_Pinball_Ruby_Sapphire__Clear_Logo__World__r2_4c4ba877-e2f4-41e6-8e8f-968602a8e745.png
IMG	Pokémon Pinball: Ruby & Sapphire	Nintendo Game Boy Advance	Clear Logo	Japan	Pok_mon_Pinball_Ruby_Sapphire__Clear_Logo__Japan__r2_fde1b9fe-2ca9-497e-9737-6f2fb961a5dc.png
IMG	Pokémon Pinball: Ruby & Sapphire	Nintendo Game Boy Advance	Fanart - Background		Pok_mon_Pinball_Ruby_Sapphire__Fanart_-_Background____19c9e387-4e85-40f1-b0b2-7869cba3f3eb.jpg
IMG	Pokémon Pinball: Ruby & Sapphire	Nintendo Game Boy Advance	Fanart - Background	World	Pok_mon_Pinball_Ruby_Sapphire__Fanart_-_Background__World__r2_a172b843-6b39-4869-89fc-4f1ba862f3eb.jpg
IMG	Pokémon Pinball: Ruby & Sapphire	Nintendo Game Boy Advance	Screenshot - Gameplay		Pok_mon_Pinball_Ruby_Sapphire__Screenshot_-_Gameplay____251ea37d-cb46-4620-88a5-0251514c2bd7.png
IMG	Pokémon Pinball: Ruby & Sapphire	Nintendo Game Boy Advance	Screenshot - Gameplay		Pok_mon_Pinball_Ruby_Sapphire__Screenshot_-_Gameplay____af824ee4-c56c-4827-bf9c-0c779f1da65e.png
IMG	Pokémon Pinball: Ruby & Sapphire	Nintendo Game Boy Advance	Screenshot - Gameplay		Pok_mon_Pinball_Ruby_Sapphire__Screenshot_-_Gameplay____dcc6c385-b7a5-4f71-9241-bff37774d101.png
IMG	Pokémon Pinball: Ruby & Sapphire	Nintendo Game Boy Advance	Screenshot - Gameplay		Pok_mon_Pinball_Ruby_Sapphire__Screenshot_-_Gameplay____eb8b9b6e-716b-441f-b97c-2eb89ad0b537.png
IMG	Pokémon Pinball: Ruby & Sapphire	Nintendo Game Boy Advance	Screenshot - Gameplay		Pok_mon_Pinball_Ruby_Sapphire__Screenshot_-_Gameplay____1561c61e-a126-45fd-8525-464e28b47e3a.png
IMG	Pokémon Pinball: Ruby & Sapphire	Nintendo Game Boy Advance	Screenshot - Game Title		Pok_mon_Pinball_Ruby_Sapphire__Screenshot_-_Game_Title____6ebafae9-957e-471a-8baa-1068959dcb3a.png
IMG	Pokémon Pinball: Ruby & Sapphire	Nintendo Game Boy Advance	Screenshot - Game Title	World	Pok_mon_Pinball_Ruby_Sapphire__Screenshot_-_Game_Title__World__r2_cc782d70-d809-4186-af8d-9f962f0d1900.png
IMG	Pokémon Pinball	Nintendo Game Boy Color	Advertisement Flyer - Front	North America	Pok_mon_Pinball__Advertisement_Flyer_-_Front__North_America__r2_51a5d586-1744-4c6f-8e42-9fa1b91c74da.png
IMG	Pokémon Pinball	Nintendo Game Boy Color	Box - 3D	North America	Pok_mon_Pinball__Box_-_3D__North_America__r2_23a5e5e6-4806-4cad-bfa6-ee3f6511b584.png
IMG	Pokémon Pinball	Nintendo Game Boy Color	Box - Back	Japan	Pok_mon_Pinball__Box_-_Back__Japan__r2_8aeb5803-391c-4be0-9f19-71ecf0df5316.png
IMG	Pokémon Pinball	Nintendo Game Boy Color	Box - Back	North America	Pok_mon_Pinball__Box_-_Back__North_America__33a956b7-310c-4edf-9bec-e6cf4d3d5fee.jpg
IMG	Pokémon Pinball	Nintendo Game Boy Color	Box - Front	Europe	Pok_mon_Pinball__Box_-_Front__Europe__0322229e-29e0-4b4e-88e4-2bec83563a4a.jpg
IMG	Pokémon Pinball	Nintendo Game Boy Color	Box - Front	Japan	Pok_mon_Pinball__Box_-_Front__Japan__6e86cc2d-9b04-452a-bfeb-e6f9b9ab4f46.png
IMG	Pokémon Pinball	Nintendo Game Boy Color	Box - Front	North America	Pok_mon_Pinball__Box_-_Front__North_America__8d7637d2-721e-48e3-9cab-633628a05a99.jpg
IMG	Pokémon Pinball	Nintendo Game Boy Color	Box - Front - Reconstructed		Pok_mon_Pinball__Box_-_Front_-_Reconstructed____72f24805-0ed7-413e-a162-de8770aeafd9.png
IMG	Pokémon Pinball	Nintendo Game Boy Color	Clear Logo	World	Pok_mon_Pinball__Clear_Logo__World__2cf407da-7e16-42d9-b7ea-72aa7ef9bfab.png
IMG	Pokémon Pinball	Nintendo Game Boy Color	Fanart - Background		Pok_mon_Pinball__Fanart_-_Background____df591b0b-0489-46cb-aa8e-4abe06e58f5b.jpg
IMG	Pokémon Pinball	Nintendo Game Boy Color	Fanart - Background	World	Pok_mon_Pinball__Fanart_-_Background__World__r2_a80a5957-42d0-49b8-a511-f48accc2236d.jpg
IMG	Pokémon Pinball	Nintendo Game Boy Color	Fanart - Background	World	Pok_mon_Pinball__Fanart_-_Background__World__r2_88508ee5-91f1-459f-9910-5a489c5940b2.jpg
IMG	Pokémon Pinball	Nintendo Game Boy Color	Fanart - Cart - Front		Pok_mon_Pinball__Fanart_-_Cart_-_Front____f9bdeef7-8158-4d6c-a78d-115b3c425629.png
IMG	Pokémon Pinball	Nintendo Game Boy Color	Fanart - Cart - Front	North America	Pok_mon_Pinball__Fanart_-_Cart_-_Front__North_America__c533770c-874b-4d19-99bf-a9238f533d2f.png
IMG	Pokémon Pinball	Nintendo Game Boy Color	Screenshot - Gameplay	World	Pok_mon_Pinball__Screenshot_-_Gameplay__World__dc61664f-a056-442c-a91b-01a8bd211651.png
IMG	Pokémon Pinball	Nintendo Game Boy Color	Screenshot - Gameplay	World	Pok_mon_Pinball__Screenshot_-_Gameplay__World__9093505a-474c-4624-9ecc-055cc07f3cf3.png
IMG	Pokémon Pinball	Nintendo Game Boy Color	Screenshot - Gameplay	World	Pok_mon_Pinball__Screenshot_-_Gameplay__World__b983f02f-4ef9-489e-9a23-8e6927b5f13a.png
IMG	Pokémon Pinball	Nintendo Game Boy Color	Screenshot - Game Select	World	Pok_mon_Pinball__Screenshot_-_Game_Select__World__37baa8af-bbd4-40e4-9667-f7556cd5ec25.png
IMG	Pokémon Pinball	Nintendo Game Boy Color	Screenshot - Game Title	World	Pok_mon_Pinball__Screenshot_-_Game_Title__World__4058a4a1-d9fd-40b2-8932-1269e826a534.png
IMG	Pokémon Trading Card Game	Nintendo Game Boy Color	Advertisement Flyer - Front	North America	Pok_mon_Trading_Card_Game__Advertisement_Flyer_-_Front__North_America__c9e23d14-5c04-49bc-93de-9c27d0e1791d.jpg
IMG	Pokémon Trading Card Game	Nintendo Game Boy Color	Box - 3D	North America	Pok_mon_Trading_Card_Game__Box_-_3D__North_America__r2_13365647-549e-43ee-bab1-2e545d28c572.png
IMG	Pokémon Trading Card Game	Nintendo Game Boy Color	Box - Back	Australia	Pok_mon_Trading_Card_Game__Box_-_Back__Australia__fca06fa1-3be2-4969-907d-ee60814a93eb.jpg
IMG	Pokémon Trading Card Game	Nintendo Game Boy Color	Box - Back	Japan	Pok_mon_Trading_Card_Game__Box_-_Back__Japan__2e123ec7-5a43-46ff-8575-f15b7c46e034.jpg
IMG	Pokémon Trading Card Game	Nintendo Game Boy Color	Box - Back	Europe	Pok_mon_Trading_Card_Game__Box_-_Back__Europe__14a79cce-bcb9-4ed0-b001-4b7862502fc1.jpg
IMG	Pokémon Trading Card Game	Nintendo Game Boy Color	Box - Back	Europe	Pok_mon_Trading_Card_Game__Box_-_Back__Europe__42f14d06-743f-410b-91b8-a4320a17c58b.jpg
IMG	Pokémon Trading Card Game	Nintendo Game Boy Color	Box - Back	North America	Pok_mon_Trading_Card_Game__Box_-_Back__North_America__e0ccd2a0-c490-490b-b385-6840fab4022a.jpg
IMG	Pokémon Trading Card Game	Nintendo Game Boy Color	Box - Back - Reconstructed	Oceania	Pok_mon_Trading_Card_Game__Box_-_Back_-_Reconstructed__Oceania__12f5a4cb-18c9-40ed-a285-b43f1631ec64.jpg
IMG	Pokémon Trading Card Game	Nintendo Game Boy Color	Box - Front	Europe	Pok_mon_Trading_Card_Game__Box_-_Front__Europe__aff61041-ba2f-4c28-bde5-e4c32443b066.jpg
IMG	Pokémon Trading Card Game	Nintendo Game Boy Color	Box - Front	Oceania	Pok_mon_Trading_Card_Game__Box_-_Front__Oceania__ee8a5d94-2fbe-4c3a-8c09-7144c164e751.jpg
IMG	Pokémon Trading Card Game	Nintendo Game Boy Color	Box - Front	Europe	Pok_mon_Trading_Card_Game__Box_-_Front__Europe__5506fde5-493a-4cfe-961c-d1e648c81caa.jpg
IMG	Pokémon Trading Card Game	Nintendo Game Boy Color	Box - Front	Japan	Pok_mon_Trading_Card_Game__Box_-_Front__Japan__edaaada4-a18f-4da8-9a03-13b52eace462.png
IMG	Pokémon Trading Card Game	Nintendo Game Boy Color	Box - Front	North America	Pok_mon_Trading_Card_Game__Box_-_Front__North_America__1ee726e2-7e07-4d2a-83cf-4e0001d2f4cc.png
IMG	Pokémon Trading Card Game	Nintendo Game Boy Color	Cart - Front	North America	Pok_mon_Trading_Card_Game__Cart_-_Front__North_America__86af08a9-1c7b-49a5-b075-bcb22fda865c.png
IMG	Pokémon Trading Card Game	Nintendo Game Boy Color	Clear Logo	World	Pok_mon_Trading_Card_Game__Clear_Logo__World__5b30119a-176c-4980-8469-666943908db5.png
IMG	Pokémon Trading Card Game	Nintendo Game Boy Color	Fanart - Background		Pok_mon_Trading_Card_Game__Fanart_-_Background____26ccc2b8-cdb8-4f74-adaf-9b2b843c1069.png
IMG	Pokémon Trading Card Game	Nintendo Game Boy Color	Fanart - Box - Front	North America	Pok_mon_Trading_Card_Game__Fanart_-_Box_-_Front__North_America__326dea1d-883e-4758-a39d-eb0bce70ba70.jpg
IMG	Pokémon Trading Card Game	Nintendo Game Boy Color	Fanart - Box - Front		Pok_mon_Trading_Card_Game__Fanart_-_Box_-_Front____45053bb2-0e44-4257-b3b2-dfdeaef85b07.png
IMG	Pokémon Trading Card Game	Nintendo Game Boy Color	Fanart - Cart - Front	North America	Pok_mon_Trading_Card_Game__Fanart_-_Cart_-_Front__North_America__ce252c11-81c3-4f47-8196-b4a4780f0b62.png
IMG	Pokémon Trading Card Game	Nintendo Game Boy Color	Icon	World	Pok_mon_Trading_Card_Game__Icon__World__r2_99763f7d-f81b-4771-bd60-d8821bd796e7.png
IMG	Pokémon Trading Card Game	Nintendo Game Boy Color	Screenshot - Gameplay	World	Pok_mon_Trading_Card_Game__Screenshot_-_Gameplay__World__038d9e39-bbdb-4e60-a8ed-8295e4228b93.png
IMG	Pokémon Trading Card Game	Nintendo Game Boy Color	Screenshot - Gameplay	World	Pok_mon_Trading_Card_Game__Screenshot_-_Gameplay__World__c0439e1f-f4d1-4395-aa0e-d52c31446785.png
IMG	Pokémon Trading Card Game	Nintendo Game Boy Color	Screenshot - Gameplay	World	Pok_mon_Trading_Card_Game__Screenshot_-_Gameplay__World__352fc67a-7a2b-46a0-a51c-13730b2caaee.png
IMG	Pokémon Trading Card Game	Nintendo Game Boy Color	Screenshot - Gameplay	World	Pok_mon_Trading_Card_Game__Screenshot_-_Gameplay__World__1c63a472-3795-4035-b990-57537ec9c98b.png
IMG	Pokémon Trading Card Game	Nintendo Game Boy Color	Screenshot - Gameplay	World	Pok_mon_Trading_Card_Game__Screenshot_-_Gameplay__World__cc21190b-9c2b-4d8e-a6d9-91e9d9cf0055.png
IMG	Pokémon Trading Card Game	Nintendo Game Boy Color	Screenshot - Game Title	World	Pok_mon_Trading_Card_Game__Screenshot_-_Game_Title__World__05390824-a999-447f-ad05-1248bf707682.png
IMG	Pokémon Trading Card Game	Nintendo Game Boy Color	Screenshot - Game Title	Japan	Pok_mon_Trading_Card_Game__Screenshot_-_Game_Title__Japan__3654e812-1205-46d3-8f7e-8c60c61fc323.png
IMG	Pokémon Puzzle Challenge	Nintendo Game Boy Color	Box - 3D	North America	Pok_mon_Puzzle_Challenge__Box_-_3D__North_America__r2_47a08522-8112-43df-ab96-8d5df5d0b1a7.png
IMG	Pokémon Puzzle Challenge	Nintendo Game Boy Color	Box - Back	Japan	Pok_mon_Puzzle_Challenge__Box_-_Back__Japan__r2_4b9d3594-72b5-4804-89a8-995a5d44e6d1.png
IMG	Pokémon Puzzle Challenge	Nintendo Game Boy Color	Box - Back	North America	Pok_mon_Puzzle_Challenge__Box_-_Back__North_America__31e217da-cc23-463a-a69e-8ca7b773f9d3.jpg
IMG	Pokémon Puzzle Challenge	Nintendo Game Boy Color	Box - Front	North America	Pok_mon_Puzzle_Challenge__Box_-_Front__North_America__0c34271a-99ba-45ef-aab8-c9ece1029099.jpg
IMG	Pokémon Puzzle Challenge	Nintendo Game Boy Color	Box - Front	Japan	Pok_mon_Puzzle_Challenge__Box_-_Front__Japan__2f6d7140-a191-4b27-b5be-b43608358483.jpg
IMG	Pokémon Puzzle Challenge	Nintendo Game Boy Color	Box - Front	Oceania	Pok_mon_Puzzle_Challenge__Box_-_Front__Oceania__26fccda2-d120-45fb-a466-0378f61134a2.jpg
IMG	Pokémon Puzzle Challenge	Nintendo Game Boy Color	Box - Front	World	Pok_mon_Puzzle_Challenge__Box_-_Front__World__220981e6-e4d9-49b1-a4ac-d8fd63d2029a.png
IMG	Pokémon Puzzle Challenge	Nintendo Game Boy Color	Box - Front	Europe	Pok_mon_Puzzle_Challenge__Box_-_Front__Europe__0be86ea1-7ffc-43cd-a814-561d944242f1.png
IMG	Pokémon Puzzle Challenge	Nintendo Game Boy Color	Clear Logo	China	Pok_mon_Puzzle_Challenge__Clear_Logo__China__r2_e4da83cc-9512-4036-89c4-e1d08aa37b71.png
IMG	Pokémon Puzzle Challenge	Nintendo Game Boy Color	Clear Logo		Pok_mon_Puzzle_Challenge__Clear_Logo____2a1aeb00-7772-4e71-8038-19e64216ece7.png
IMG	Pokémon Puzzle Challenge	Nintendo Game Boy Color	Fanart - Background		Pok_mon_Puzzle_Challenge__Fanart_-_Background____d9952253-2c7b-40b4-ae07-c2fd323e0cee.jpg
IMG	Pokémon Puzzle Challenge	Nintendo Game Boy Color	Fanart - Box - Front	North America	Pok_mon_Puzzle_Challenge__Fanart_-_Box_-_Front__North_America__r2_7c7c455c-551c-46c6-bc86-3718752d98a2.png
IMG	Pokémon Puzzle Challenge	Nintendo Game Boy Color	Fanart - Cart - Front	North America	Pok_mon_Puzzle_Challenge__Fanart_-_Cart_-_Front__North_America__f5917d9c-12a9-4a1f-be65-75e795ed3e4c.png
IMG	Pokémon Puzzle Challenge	Nintendo Game Boy Color	Screenshot - Gameplay		Pok_mon_Puzzle_Challenge__Screenshot_-_Gameplay____9488734c-14a5-4e4e-9a21-d620504d0d8f.png
IMG	Pokémon Puzzle Challenge	Nintendo Game Boy Color	Screenshot - Game Title		Pok_mon_Puzzle_Challenge__Screenshot_-_Game_Title____65112bd3-321d-437a-a997-9929934d589d.png
IMG	Pokémon Card GB2: GR-dan Sanjou!	Nintendo Game Boy Color	Advertisement Flyer - Front	Japan	Pok_mon_Card_GB2_GR-dan_Sanjou___Advertisement_Flyer_-_Front__Japan__554fe722-0633-4ad4-9563-9c67b15df45c.png
IMG	Pokémon Card GB2: GR-dan Sanjou!	Nintendo Game Boy Color	Arcade - Marquee	World	Pok_mon_Card_GB2_GR-dan_Sanjou___Arcade_-_Marquee__World__r2_d7ca5906-75d3-48d4-bbf8-3b1db95e6e8a.png
IMG	Pokémon Card GB2: GR-dan Sanjou!	Nintendo Game Boy Color	Arcade - Marquee	Japan	Pok_mon_Card_GB2_GR-dan_Sanjou___Arcade_-_Marquee__Japan__r2_0fe50ce3-7f39-4eb2-a2fc-9a766c79443f.png
IMG	Pokémon Card GB2: GR-dan Sanjou!	Nintendo Game Boy Color	Box - 3D	Japan	Pok_mon_Card_GB2_GR-dan_Sanjou___Box_-_3D__Japan__r2_e0d9111f-b00b-45dd-9719-f9750f3ed5b4.png
IMG	Pokémon Card GB2: GR-dan Sanjou!	Nintendo Game Boy Color	Box - Back	Japan	Pok_mon_Card_GB2_GR-dan_Sanjou___Box_-_Back__Japan__07ecaaab-cecd-41fa-94d8-10933dcc40ae.png
IMG	Pokémon Card GB2: GR-dan Sanjou!	Nintendo Game Boy Color	Box - Front	Japan	Pok_mon_Card_GB2_GR-dan_Sanjou___Box_-_Front__Japan__d22db1e7-a454-4aa8-9fe7-1ad9da06ae08.png
IMG	Pokémon Card GB2: GR-dan Sanjou!	Nintendo Game Boy Color	Box - Spine	Japan	Pok_mon_Card_GB2_GR-dan_Sanjou___Box_-_Spine__Japan__44ea9c48-22f8-4272-b7c4-ae212ab827a5.jpg
IMG	Pokémon Card GB2: GR-dan Sanjou!	Nintendo Game Boy Color	Cart - Front	Japan	Pok_mon_Card_GB2_GR-dan_Sanjou___Cart_-_Front__Japan__937c600a-c2f1-410c-ba63-9d6eafa554e8.png
IMG	Pokémon Card GB2: GR-dan Sanjou!	Nintendo Game Boy Color	Clear Logo	World	Pok_mon_Card_GB2_GR-dan_Sanjou___Clear_Logo__World__r2_7312c465-ae7d-4b3c-91f5-5a7cea57c696.png
IMG	Pokémon Card GB2: GR-dan Sanjou!	Nintendo Game Boy Color	Clear Logo	World	Pok_mon_Card_GB2_GR-dan_Sanjou___Clear_Logo__World__7f5b7394-68c8-4771-ac7b-298110ba0f02.png
IMG	Pokémon Card GB2: GR-dan Sanjou!	Nintendo Game Boy Color	Clear Logo	Japan	Pok_mon_Card_GB2_GR-dan_Sanjou___Clear_Logo__Japan__c1aa8d35-45be-4265-8206-c246006b7e62.png
IMG	Pokémon Card GB2: GR-dan Sanjou!	Nintendo Game Boy Color	Clear Logo	World	Pok_mon_Card_GB2_GR-dan_Sanjou___Clear_Logo__World__r2_7942ce5c-523d-4fcb-baa9-abb42604259f.png
IMG	Pokémon Card GB2: GR-dan Sanjou!	Nintendo Game Boy Color	Fanart - Background	Japan	Pok_mon_Card_GB2_GR-dan_Sanjou___Fanart_-_Background__Japan__r2_85f7f917-a30e-497c-8768-aa61aef7c60c.png
IMG	Pokémon Card GB2: GR-dan Sanjou!	Nintendo Game Boy Color	Fanart - Box - Back	North America	Pok_mon_Card_GB2_GR-dan_Sanjou___Fanart_-_Box_-_Back__North_America__03b277da-daaf-43fb-901f-757da95fc9d3.jpg
IMG	Pokémon Card GB2: GR-dan Sanjou!	Nintendo Game Boy Color	Fanart - Box - Front	North America	Pok_mon_Card_GB2_GR-dan_Sanjou___Fanart_-_Box_-_Front__North_America__f6ccea54-0b3b-4b89-8376-702a07f92e3b.jpg
IMG	Pokémon Card GB2: GR-dan Sanjou!	Nintendo Game Boy Color	Screenshot - Gameplay	World	Pok_mon_Card_GB2_GR-dan_Sanjou___Screenshot_-_Gameplay__World__210cd6a3-dfb6-4501-b452-e0b89f47b7cc.png
IMG	Pokémon Card GB2: GR-dan Sanjou!	Nintendo Game Boy Color	Screenshot - Gameplay	World	Pok_mon_Card_GB2_GR-dan_Sanjou___Screenshot_-_Gameplay__World__10ff6e29-7726-4064-ae38-df435c85681a.png
IMG	Pokémon Card GB2: GR-dan Sanjou!	Nintendo Game Boy Color	Screenshot - Game Title	World	Pok_mon_Card_GB2_GR-dan_Sanjou___Screenshot_-_Game_Title__World__95facfb1-2b80-47cd-890b-06cd2bec5750.png
IMG	Pokémon AshGray	Nintendo Game Boy Advance	Banner	World	Pok_mon_AshGray__Banner__World__41998a9e-7048-4575-8f3a-a1fd8b064142.jpg
IMG	Pokémon AshGray	Nintendo Game Boy Advance	Box - Back	North America	Pok_mon_AshGray__Box_-_Back__North_America__56f74793-8ffb-4416-9b55-b6666574016a.jpg
IMG	Pokémon AshGray	Nintendo Game Boy Advance	Box - Front	North America	Pok_mon_AshGray__Box_-_Front__North_America__15ef9880-ea14-49ae-800a-d31ecb7df6e0.png
IMG	Pokémon AshGray	Nintendo Game Boy Advance	Box - Front	North America	Pok_mon_AshGray__Box_-_Front__North_America__f2ee1733-d32e-44f9-9cd3-0a713224b602.png
IMG	Pokémon AshGray	Nintendo Game Boy Advance	Cart - Front	North America	Pok_mon_AshGray__Cart_-_Front__North_America__d49753f2-0a9f-4c9b-b107-ccc59fc5a8ec.png
IMG	Pokémon AshGray	Nintendo Game Boy Advance	Clear Logo	World	Pok_mon_AshGray__Clear_Logo__World__9d32d48e-a805-41dc-94c8-35204dc8fc1f.png
IMG	Pokémon AshGray	Nintendo Game Boy Advance	Fanart - Background		Pok_mon_AshGray__Fanart_-_Background____d1424e7d-743e-4d29-b5b0-b505a215e4d1.png
IMG	Pokémon AshGray	Nintendo Game Boy Advance	Fanart - Background		Pok_mon_AshGray__Fanart_-_Background____cf65b5ea-cdc3-4e32-bc54-78224f1d19a2.png
IMG	Pokémon AshGray	Nintendo Game Boy Advance	Icon	World	Pok_mon_AshGray__Icon__World__r2_0e6cfb2d-a3c1-41e1-af7a-54d76bddfbd3.png
IMG	Pokémon AshGray	Nintendo Game Boy Advance	Screenshot - Gameplay	World	Pok_mon_AshGray__Screenshot_-_Gameplay__World__c31655fd-fff0-4f95-82bc-c4c9f9cee6ba.png
IMG	Pokémon AshGray	Nintendo Game Boy Advance	Screenshot - Gameplay	World	Pok_mon_AshGray__Screenshot_-_Gameplay__World__8a3245ec-a8da-4bf6-b52e-78c9cee2af02.png
IMG	Pokémon AshGray	Nintendo Game Boy Advance	Screenshot - Gameplay	World	Pok_mon_AshGray__Screenshot_-_Gameplay__World__59c26c55-dfae-4708-a148-821f836ccc1d.png
IMG	Pokémon AshGray	Nintendo Game Boy Advance	Screenshot - Gameplay	World	Pok_mon_AshGray__Screenshot_-_Gameplay__World__2119841b-c200-43b9-bf6c-94a27adf8cd8.png
IMG	Pokémon AshGray	Nintendo Game Boy Advance	Screenshot - Gameplay	World	Pok_mon_AshGray__Screenshot_-_Gameplay__World__a110e5e2-6dbe-498f-94e4-8b40542634fa.png
IMG	Pokémon AshGray	Nintendo Game Boy Advance	Screenshot - Gameplay	World	Pok_mon_AshGray__Screenshot_-_Gameplay__World__f6113f42-43b7-465d-a32a-43da921b3973.png
IMG	Pokémon AshGray	Nintendo Game Boy Advance	Screenshot - Game Title	World	Pok_mon_AshGray__Screenshot_-_Game_Title__World__6ca5fb2e-4add-4e74-a922-cbfcd236eb3a.png
IMG	Pokémon Prism	Nintendo Game Boy Color	Banner		Pok_mon_Prism__Banner____6ba2eeba-f461-431c-9497-2a2b64b7ecf3.png
IMG	Pokémon Prism	Nintendo Game Boy Color	Box - 3D	North America	Pok_mon_Prism__Box_-_3D__North_America__4ee2345b-e47e-4630-b625-df734f197d2d.png
IMG	Pokémon Prism	Nintendo Game Boy Color	Box - Front	World	Pok_mon_Prism__Box_-_Front__World__a75aec23-ffff-4e4c-8c8f-7f968bd3b842.png
IMG	Pokémon Prism	Nintendo Game Boy Color	Box - Front	North America	Pok_mon_Prism__Box_-_Front__North_America__b1e51fc0-56d8-4b5a-bc54-5b475c4d4e2e.jpg
IMG	Pokémon Prism	Nintendo Game Boy Color	Clear Logo	World	Pok_mon_Prism__Clear_Logo__World__6ec44780-28ea-4d20-96b5-01637e455d4f.png
IMG	Pokémon Prism	Nintendo Game Boy Color	Clear Logo	World	Pok_mon_Prism__Clear_Logo__World__8194fd3b-1fd1-477f-8d02-7c805fc0c98d.png
IMG	Pokémon Prism	Nintendo Game Boy Color	Clear Logo	World	Pok_mon_Prism__Clear_Logo__World__e65b2239-7f01-4b75-922b-57a92718d909.png
IMG	Pokémon Prism	Nintendo Game Boy Color	Fanart - Background		Pok_mon_Prism__Fanart_-_Background____ed81f662-bd13-42d8-8a70-60bdd8c13e40.jpg
IMG	Pokémon Prism	Nintendo Game Boy Color	Fanart - Background	World	Pok_mon_Prism__Fanart_-_Background__World__r2_6ed67501-22d6-42cd-94f9-651b41a62031.jpg
IMG	Pokémon Prism	Nintendo Game Boy Color	Fanart - Box - Front	North America	Pok_mon_Prism__Fanart_-_Box_-_Front__North_America__c40cd3dc-1539-420a-a18b-d82d99bc50e1.png
IMG	Pokémon Prism	Nintendo Game Boy Color	Fanart - Box - Front	North America	Pok_mon_Prism__Fanart_-_Box_-_Front__North_America__03d79512-5c46-40db-a041-34bfb230e960.png
IMG	Pokémon Prism	Nintendo Game Boy Color	Screenshot - Gameplay	World	Pok_mon_Prism__Screenshot_-_Gameplay__World__0b4187d9-8d7f-4046-b02d-7ce1ab92abef.png
IMG	Pokémon Prism	Nintendo Game Boy Color	Screenshot - Gameplay	World	Pok_mon_Prism__Screenshot_-_Gameplay__World__0e35b719-192d-46c4-bb65-fd92d98b91fc.png
IMG	Pokémon Prism	Nintendo Game Boy Color	Screenshot - Gameplay	World	Pok_mon_Prism__Screenshot_-_Gameplay__World__e4511763-b99b-4ba3-a967-f997eb2d783f.png
IMG	Pokémon Prism	Nintendo Game Boy Color	Screenshot - Gameplay	World	Pok_mon_Prism__Screenshot_-_Gameplay__World__16656d86-0a84-4171-990a-b06d604960ae.png
IMG	Pokémon Prism	Nintendo Game Boy Color	Screenshot - Gameplay	World	Pok_mon_Prism__Screenshot_-_Gameplay__World__f5196a4b-ff55-41ba-9a24-d20d6d2abae3.png
IMG	Pokémon Prism	Nintendo Game Boy Color	Screenshot - Gameplay	World	Pok_mon_Prism__Screenshot_-_Gameplay__World__8e6c1f8f-2019-4428-80d7-339ca7c88848.png
IMG	Pokémon Prism	Nintendo Game Boy Color	Screenshot - Game Title	World	Pok_mon_Prism__Screenshot_-_Game_Title__World__07b260b9-8cea-42fc-a782-5241ca55344c.png
IMG	Pokémon Dark Rising	Nintendo Game Boy Advance	Box - Back	North America	Pok_mon_Dark_Rising__Box_-_Back__North_America__f6afc9f0-5c97-456a-aca3-7a7433b7a965.png
IMG	Pokémon Dark Rising	Nintendo Game Boy Advance	Box - Front	North America	Pok_mon_Dark_Rising__Box_-_Front__North_America__bbcf74c9-b370-4d1f-9091-5b4c3a942cd5.jpg
IMG	Pokémon Dark Rising	Nintendo Game Boy Advance	Clear Logo		Pok_mon_Dark_Rising__Clear_Logo____6faf57b8-12c5-4ec9-a2f7-df606fde97d8.png
IMG	Pokémon Dark Rising	Nintendo Game Boy Advance	Fanart - Box - Front	North America	Pok_mon_Dark_Rising__Fanart_-_Box_-_Front__North_America__be23e579-29a3-4129-bd40-784e1869d7cd.png
IMG	Pokémon Dark Rising	Nintendo Game Boy Advance	Screenshot - Gameplay	North America	Pok_mon_Dark_Rising__Screenshot_-_Gameplay__North_America__2c6bcb20-8511-431b-a65e-43fe4aeacd37.png
IMG	Pokémon Dark Rising	Nintendo Game Boy Advance	Screenshot - Gameplay		Pok_mon_Dark_Rising__Screenshot_-_Gameplay____8ad44306-9249-4eb0-bbc6-aa14656a7251.png
IMG	Pokémon Dark Rising	Nintendo Game Boy Advance	Screenshot - Gameplay		Pok_mon_Dark_Rising__Screenshot_-_Gameplay____36bb920a-0111-44a6-b601-20d97b50072c.png
IMG	Pokémon Dark Rising	Nintendo Game Boy Advance	Screenshot - Gameplay		Pok_mon_Dark_Rising__Screenshot_-_Gameplay____f8cdedee-a0f7-4367-8016-b0bfabac9a62.png
IMG	Pokémon Dark Rising	Nintendo Game Boy Advance	Screenshot - Gameplay	North America	Pok_mon_Dark_Rising__Screenshot_-_Gameplay__North_America__69831a5f-c3e9-4e27-9a61-b2ffbd924365.png
IMG	Pokémon Dark Rising	Nintendo Game Boy Advance	Screenshot - Gameplay	North America	Pok_mon_Dark_Rising__Screenshot_-_Gameplay__North_America__04e6eb95-0ef3-419b-965f-080f20c887c7.png
IMG	Pokémon Dark Rising	Nintendo Game Boy Advance	Screenshot - Gameplay	North America	Pok_mon_Dark_Rising__Screenshot_-_Gameplay__North_America__5ecc11da-8cf7-47ef-a360-39942fd8de64.png
IMG	Pokémon Dark Rising	Nintendo Game Boy Advance	Screenshot - Gameplay	North America	Pok_mon_Dark_Rising__Screenshot_-_Gameplay__North_America__3debf0bf-8687-45ba-9616-f6d87d0b4148.png
IMG	Pokémon Dark Rising	Nintendo Game Boy Advance	Screenshot - Gameplay	North America	Pok_mon_Dark_Rising__Screenshot_-_Gameplay__North_America__d6ce3dad-e935-4adc-9d1c-41fbdad0fbc5.png
IMG	Pokémon Dark Rising	Nintendo Game Boy Advance	Screenshot - Gameplay	North America	Pok_mon_Dark_Rising__Screenshot_-_Gameplay__North_America__cd2dd32a-a57f-46e9-aa76-96e8b4ddb622.png
IMG	Pokémon Dark Rising	Nintendo Game Boy Advance	Screenshot - Gameplay	North America	Pok_mon_Dark_Rising__Screenshot_-_Gameplay__North_America__ee7b453a-515f-49e9-a941-731dd2123790.png
IMG	Pokémon Dark Rising	Nintendo Game Boy Advance	Screenshot - Game Select	North America	Pok_mon_Dark_Rising__Screenshot_-_Game_Select__North_America__f01bd614-87da-4cf8-9141-996cd37170e5.png
IMG	Pokémon Glazed	Nintendo Game Boy Advance	Banner	World	Pok_mon_Glazed__Banner__World__r2_b2144de7-5f2c-4dfd-b65c-42e00a335fcd.jpg
IMG	Pokémon Glazed	Nintendo Game Boy Advance	Banner	World	Pok_mon_Glazed__Banner__World__r2_0bcd3074-cd8a-40d1-a762-a4472b36a32b.jpg
IMG	Pokémon Glazed	Nintendo Game Boy Advance	Box - 3D	North America	Pok_mon_Glazed__Box_-_3D__North_America__2be79445-faf4-4029-8278-6fc2d829fc67.png
IMG	Pokémon Glazed	Nintendo Game Boy Advance	Box - Front	World	Pok_mon_Glazed__Box_-_Front__World__1679e829-a7c7-4bfd-9b6e-87f4caff9644.jpg
IMG	Pokémon Glazed	Nintendo Game Boy Advance	Box - Front	North America	Pok_mon_Glazed__Box_-_Front__North_America__c1502302-aa34-4829-bf60-b828578f1456.jpg
IMG	Pokémon Glazed	Nintendo Game Boy Advance	Box - Front	North America	Pok_mon_Glazed__Box_-_Front__North_America__ad2c8190-4f21-4911-b857-8f8490be75a6.jpg
IMG	Pokémon Glazed	Nintendo Game Boy Advance	Cart - 3D	North America	Pok_mon_Glazed__Cart_-_3D__North_America__5f0917a1-4626-4896-8040-13abce132cea.png
IMG	Pokémon Glazed	Nintendo Game Boy Advance	Cart - Front	World	Pok_mon_Glazed__Cart_-_Front__World__r2_4abbade2-d1aa-4e1c-b4e5-34e3acd3a7e6.png
IMG	Pokémon Glazed	Nintendo Game Boy Advance	Clear Logo		Pok_mon_Glazed__Clear_Logo____e8423ff2-3ab2-4932-a135-e4bf8982288d.png
IMG	Pokémon Glazed	Nintendo Game Boy Advance	Clear Logo		Pok_mon_Glazed__Clear_Logo____aa9d022d-6095-4042-96a8-35a280beb62d.png
IMG	Pokémon Glazed	Nintendo Game Boy Advance	Fanart - Box - Front	World	Pok_mon_Glazed__Fanart_-_Box_-_Front__World__r2_474f8bd3-0cc9-45d2-bcdd-b09b11969ae0.jpg
IMG	Pokémon Glazed	Nintendo Game Boy Advance	Fanart - Box - Front		Pok_mon_Glazed__Fanart_-_Box_-_Front____3f4ac775-36df-4542-b2b4-56a4bab23b71.jpg
IMG	Pokémon Glazed	Nintendo Game Boy Advance	Screenshot - Gameplay	World	Pok_mon_Glazed__Screenshot_-_Gameplay__World__4d0084ce-7824-4967-8e18-4b1698049b5a.png
IMG	Pokémon Glazed	Nintendo Game Boy Advance	Screenshot - Game Title	World	Pok_mon_Glazed__Screenshot_-_Game_Title__World__42861a7d-41fa-4010-8861-adba3d3e16e1.png
IMG	Pokémon Light Platinum	Nintendo Game Boy Advance	Box - Front	World	Pok_mon_Light_Platinum__Box_-_Front__World__727639af-f0e4-49fb-aa72-ac4675096d01.png
IMG	Pokémon Light Platinum	Nintendo Game Boy Advance	Clear Logo	North America	Pok_mon_Light_Platinum__Clear_Logo__North_America__4f826bec-880f-4a9a-8218-dd5dccd0a87d.png
IMG	Pokémon Light Platinum	Nintendo Game Boy Advance	Fanart - Background	World	Pok_mon_Light_Platinum__Fanart_-_Background__World__9750938a-fe8a-4033-aa7a-504b5030662e.jpg
IMG	Pokémon Light Platinum	Nintendo Game Boy Advance	Screenshot - Gameplay		Pok_mon_Light_Platinum__Screenshot_-_Gameplay____533ccaba-7280-4a4b-8dbc-7227fdb45f58.png
IMG	Pokémon Light Platinum	Nintendo Game Boy Advance	Screenshot - Gameplay		Pok_mon_Light_Platinum__Screenshot_-_Gameplay____bbef13a2-7b0f-4694-8785-d3f6f1b65a41.png
IMG	Pokémon Light Platinum	Nintendo Game Boy Advance	Screenshot - Gameplay		Pok_mon_Light_Platinum__Screenshot_-_Gameplay____9276d4f7-0932-4a3d-81bf-fcc5711c3603.png
IMG	Pokémon Light Platinum	Nintendo Game Boy Advance	Screenshot - Gameplay	North America	Pok_mon_Light_Platinum__Screenshot_-_Gameplay__North_America__d45ad530-8ba4-464b-be85-1c6ac42b96cc.png
IMG	Pokémon Light Platinum	Nintendo Game Boy Advance	Screenshot - Game Title	North America	Pok_mon_Light_Platinum__Screenshot_-_Game_Title__North_America__d33a7b37-4f47-46b0-a397-8776b149a4cf.png
IMG	Pokémon Ultra Violet	Nintendo Game Boy Advance	Box - 3D	North America	Pok_mon_Ultra_Violet__Box_-_3D__North_America__5e87fd31-b3f9-403b-87c3-6fd3b76c6451.png
IMG	Pokémon Ultra Violet	Nintendo Game Boy Advance	Box - Back	North America	Pok_mon_Ultra_Violet__Box_-_Back__North_America__81b6c1d3-52e3-4a41-98bb-df08ad43daeb.jpg
IMG	Pokémon Ultra Violet	Nintendo Game Boy Advance	Box - Front	North America	Pok_mon_Ultra_Violet__Box_-_Front__North_America__ad5a93b4-fb4b-4ef7-ba7d-02457f819950.png
IMG	Pokémon Ultra Violet	Nintendo Game Boy Advance	Box - Spine	North America	Pok_mon_Ultra_Violet__Box_-_Spine__North_America__a26ff211-6199-43c7-b716-fa46b06bcaa1.jpg
IMG	Pokémon Ultra Violet	Nintendo Game Boy Advance	Cart - 3D	North America	Pok_mon_Ultra_Violet__Cart_-_3D__North_America__b5022940-72fa-4f84-860d-ea06ff3734cc.png
IMG	Pokémon Ultra Violet	Nintendo Game Boy Advance	Clear Logo	World	Pok_mon_Ultra_Violet__Clear_Logo__World__4c12af9a-1fff-410c-a0b0-c8be7a34ea0c.png
IMG	Pokémon Ultra Violet	Nintendo Game Boy Advance	Fanart - Background	World	Pok_mon_Ultra_Violet__Fanart_-_Background__World__r2_a80f8e6e-77ba-4781-aecb-3cb515fde34b.png
IMG	Pokémon Ultra Violet	Nintendo Game Boy Advance	Screenshot - Gameplay	World	Pok_mon_Ultra_Violet__Screenshot_-_Gameplay__World__a8962ff5-8750-445f-be8b-2f7ec6256cd5.png
IMG	Pokémon Ultra Violet	Nintendo Game Boy Advance	Screenshot - Game Select	World	Pok_mon_Ultra_Violet__Screenshot_-_Game_Select__World__803de9f5-543a-4a7b-94ca-2dbda7512526.png
IMG	Pokémon Orange	Nintendo Game Boy Color	Box - Front	World	Pok_mon_Orange__Box_-_Front__World__c97b1ee0-9034-4165-ac8d-e42bb09912d9.jpg
IMG	Pokémon Orange	Nintendo Game Boy Color	Box - Front	North America	Pok_mon_Orange__Box_-_Front__North_America__f60c7f77-1f30-41d5-a47a-42d3ea034adc.png
IMG	Pokémon Orange	Nintendo Game Boy Color	Clear Logo		Pok_mon_Orange__Clear_Logo____32c8b062-896d-431c-b85e-bd96497ec471.png
IMG	Pokémon Orange	Nintendo Game Boy Color	Screenshot - Gameplay		Pok_mon_Orange__Screenshot_-_Gameplay____49123d34-37e4-414f-9535-e4037d455d97.png
IMG	Pokémon Orange	Nintendo Game Boy Color	Screenshot - Gameplay		Pok_mon_Orange__Screenshot_-_Gameplay____f7427faa-f741-4802-803b-26d28a0e8ce2.png
IMG	Pokémon Orange	Nintendo Game Boy Color	Screenshot - Gameplay		Pok_mon_Orange__Screenshot_-_Gameplay____2bc5f967-fbf4-4fd2-8a13-0d1406806c46.png
IMG	Pokémon Orange	Nintendo Game Boy Color	Screenshot - Game Title		Pok_mon_Orange__Screenshot_-_Game_Title____64312b2e-a344-4281-bf1a-26012eedb3af.png
IMG	Pokémon Marble	Nintendo Game Boy Advance	Box - Front	North America	Pok_mon_Marble__Box_-_Front__North_America__707765e4-1d0f-43bc-bff4-6fa80ffc428f.png
IMG	Pokémon Naranja	Nintendo Game Boy Advance	Box - Front	North America	Pok_mon_Naranja__Box_-_Front__North_America__d2a25d82-4840-4c12-acc9-4ea4aedcdb95.jpg
IMG	Pokémon Naranja	Nintendo Game Boy Advance	Fanart - Box - Front	North America	Pok_mon_Naranja__Fanart_-_Box_-_Front__North_America__r2_906e0079-9300-408f-8cb4-64ddeef5c8e1.png
IMG	Pokémon Naranja	Nintendo Game Boy Advance	Screenshot - Game Title	World	Pok_mon_Naranja__Screenshot_-_Game_Title__World__r2_fb3169eb-3800-443c-8abd-c033f5da805b.jpg
IMG	Pokémon Diamond	Nintendo Game Boy Color	Box - Front	Europe	Pok_mon_Diamond__Box_-_Front__Europe__7517160c-b4ab-4c28-991a-40e88d40a2f5.png
IMG	Pokémon Diamond	Nintendo Game Boy Color	Fanart - Cart - Front		Pok_mon_Diamond__Fanart_-_Cart_-_Front____6db12695-aa2a-4f5f-8041-7a23378011da.png
IMG	Pokémon Diamond	Nintendo Game Boy Color	Screenshot - Game Title	World	Pok_mon_Diamond__Screenshot_-_Game_Title__World__22311d5f-e20e-4650-9e92-75aeb955cb41.png
IMG	Pokémon Brown Version	Nintendo Game Boy	Box - Back	World	Pok_mon_Brown_Version__Box_-_Back__World__6a7c2037-5bd7-4e3f-a338-3230129d32f2.png
IMG	Pokémon Brown Version	Nintendo Game Boy	Box - Front	North America	Pok_mon_Brown_Version__Box_-_Front__North_America__76afbafa-121f-4490-b66c-0a6cfade0df0.png
IMG	Pokémon Brown Version	Nintendo Game Boy	Box - Front	World	Pok_mon_Brown_Version__Box_-_Front__World__b96030d5-408d-4405-8f77-4f337c9c05bf.png
IMG	Pokémon Brown Version	Nintendo Game Boy	Clear Logo		Pok_mon_Brown_Version__Clear_Logo____fbc03d22-543a-4254-bea2-0c4a083c5472.png
IMG	Pokémon Brown Version	Nintendo Game Boy	Fanart - Box - Front	North America	Pok_mon_Brown_Version__Fanart_-_Box_-_Front__North_America__56975324-150c-46dc-a66a-db3cf9e19edd.png
IMG	Pokémon Brown Version	Nintendo Game Boy	Fanart - Box - Front	World	Pok_mon_Brown_Version__Fanart_-_Box_-_Front__World__57c44282-ed61-4dd9-a563-709233f3c560.jpg
IMG	Pokémon Brown Version	Nintendo Game Boy	Screenshot - Gameplay	World	Pok_mon_Brown_Version__Screenshot_-_Gameplay__World__639273c1-e2b5-4723-84d2-c857ff932a06.png
IMG	Pokémon Brown Version	Nintendo Game Boy	Screenshot - Gameplay	World	Pok_mon_Brown_Version__Screenshot_-_Gameplay__World__4d43a605-9511-4cbe-8b5d-421cb9e56c76.png
IMG	Pokémon Brown Version	Nintendo Game Boy	Screenshot - Gameplay	World	Pok_mon_Brown_Version__Screenshot_-_Gameplay__World__a1370949-a775-49b7-9ef9-5e880e90106f.png
IMG	Pokémon Brown Version	Nintendo Game Boy	Screenshot - Gameplay	World	Pok_mon_Brown_Version__Screenshot_-_Gameplay__World__9d074941-db85-4aeb-81f6-1f87d4dbb252.png
IMG	Pokémon Brown Version	Nintendo Game Boy	Screenshot - Gameplay	World	Pok_mon_Brown_Version__Screenshot_-_Gameplay__World__da658783-0ccf-4f5f-8825-624a3ffdd7da.jpg
IMG	Pokémon Brown Version	Nintendo Game Boy	Screenshot - Game Title	World	Pok_mon_Brown_Version__Screenshot_-_Game_Title__World__aa208f15-0b01-4fa7-91c0-588891c5c2e3.png
IMG	Pokémon Brown Version	Nintendo Game Boy	Screenshot - Game Title	World	Pok_mon_Brown_Version__Screenshot_-_Game_Title__World__1012ecdc-8004-4bbb-89b4-5582e3dfbf9a.png
IMG	Pokémon Red++	Nintendo Game Boy Color	Box - Front	North America	Pok_mon_Red___Box_-_Front__North_America__92127a4f-a1d6-42af-a678-b155c47433e6.png
IMG	Pokémon Red++	Nintendo Game Boy Color	Clear Logo		Pok_mon_Red___Clear_Logo____0847951e-56e1-4426-917e-1446674d1494.png
IMG	Pokémon Red++	Nintendo Game Boy Color	Screenshot - Game Title		Pok_mon_Red___Screenshot_-_Game_Title____bc133445-6ed1-449a-9ec8-a4374c8f68a3.png
IMG	Pokémon Crystal World	Nintendo Game Boy Color	Fanart - Box - Front	World	Pok_mon_Crystal_World__Fanart_-_Box_-_Front__World__f42ceed9-d4c0-40ee-a959-33ff68ea84f1.png
IMG	Pokémon Christmas	Nintendo Game Boy Color	Fanart - Box - Front	North America	Pok_mon_Christmas__Fanart_-_Box_-_Front__North_America__95fe0fe7-d758-4018-8503-9e8d6ab6bf9b.png
IMG	Pokémon Advanced Adventure	Nintendo Game Boy Advance	Box - Front	North America	Pok_mon_Advanced_Adventure__Box_-_Front__North_America__d3e4cb35-9634-4254-a025-4d1372eeb91f.jpg
IMG	Pokémon Advanced Adventure	Nintendo Game Boy Advance	Fanart - Box - Front	North America	Pok_mon_Advanced_Adventure__Fanart_-_Box_-_Front__North_America__f14616b7-615f-4600-a4a3-5308e1511bea.jpg
IMG	Pokémon Blazed Glazed	Nintendo Game Boy Advance	Box - Front	North America	Pok_mon_Blazed_Glazed__Box_-_Front__North_America__d3a7d2ab-dcae-4f05-bb47-e322b96f382d.png
IMG	Pokémon Blazed Glazed	Nintendo Game Boy Advance	Clear Logo	World	Pok_mon_Blazed_Glazed__Clear_Logo__World__09add7bf-7777-4d11-8094-6d4a7e1de7a0.png
IMG	Pokémon Blazed Glazed	Nintendo Game Boy Advance	Screenshot - Gameplay	World	Pok_mon_Blazed_Glazed__Screenshot_-_Gameplay__World__5ca9ee70-ed6c-43e0-a3e3-3f2893f445ed.png
IMG	Pokémon Pikachu Edition	Nintendo Game Boy Color	Box - Front	World	Pok_mon_Pikachu_Edition__Box_-_Front__World__e333a354-c1bd-419e-bd58-910980f259c1.jpg
IMG	Pokémon Pikachu Edition	Nintendo Game Boy Color	Clear Logo		Pok_mon_Pikachu_Edition__Clear_Logo____r2_75d0f55c-6848-49f5-a6a3-b686f966232c.png
IMG	Pokémon Pyrite	Nintendo Game Boy Color	Box - Front	World	Pok_mon_Pyrite__Box_-_Front__World__fbaa91bf-27ff-40a2-b2cd-c76d121e1057.png
IMG	Pokémon Ultimate End	Nintendo Game Boy Color	Box - Front	World	Pok_mon_Ultimate_End__Box_-_Front__World__d42cf29d-e924-4cab-926d-16818e821303.jpg
IMG	Pokémon Altair	Nintendo Game Boy Advance	Fanart - Box - Front	North America	Pok_mon_Altair__Fanart_-_Box_-_Front__North_America__7e2428cb-0c46-4011-a46a-47a65c5d129d.jpg
IMG	Pokémon Chaos Black	Nintendo Game Boy Advance	Box - Front	North America	Pok_mon_Chaos_Black__Box_-_Front__North_America__7fbccc9e-11aa-407b-bfba-20424856723a.png
IMG	Pokémon Chaos Black	Nintendo Game Boy Advance	Fanart - Box - Front	World	Pok_mon_Chaos_Black__Fanart_-_Box_-_Front__World__c0bd19a1-b2ec-4094-901c-1479b6972119.jpg
IMG	Pokémon Cloud White	Nintendo Game Boy Advance	Clear Logo		Pok_mon_Cloud_White__Clear_Logo____11a674b0-f576-4203-bc5f-b4831109e644.png
IMG	Pokémon Cloud White	Nintendo Game Boy Advance	Fanart - Box - Front	Europe	Pok_mon_Cloud_White__Fanart_-_Box_-_Front__Europe__e749a331-2cf4-4818-a56b-90cc5944ad79.png
IMG	Pokémon Cloud White	Nintendo Game Boy Advance	Fanart - Box - Front	World	Pok_mon_Cloud_White__Fanart_-_Box_-_Front__World__73a4a95c-7821-484b-8a0d-ade010b837d3.png
IMG	Pokémon Cloud White	Nintendo Game Boy Advance	Fanart - Box - Front	World	Pok_mon_Cloud_White__Fanart_-_Box_-_Front__World__2ed0478d-c5e5-4189-a6aa-8d421aa8bf64.png
IMG	Pokémon Cloud White	Nintendo Game Boy Advance	Screenshot - Gameplay		Pok_mon_Cloud_White__Screenshot_-_Gameplay____ddb04183-9340-4ccd-8c80-6d243005b53a.png
IMG	Pokémon Cloud White	Nintendo Game Boy Advance	Screenshot - Gameplay		Pok_mon_Cloud_White__Screenshot_-_Gameplay____14d83c6a-29bc-495d-8ead-64b9805ab04d.png
IMG	Pokémon Cloud White	Nintendo Game Boy Advance	Screenshot - Gameplay		Pok_mon_Cloud_White__Screenshot_-_Gameplay____b2793a7a-7caa-4f6e-8e99-336675bafd86.png
IMG	Pokémon Cloud White	Nintendo Game Boy Advance	Screenshot - Gameplay		Pok_mon_Cloud_White__Screenshot_-_Gameplay____66d22141-2cc3-4e05-92da-10abee7354d5.png
IMG	Pokémon Cloud White	Nintendo Game Boy Advance	Screenshot - Gameplay		Pok_mon_Cloud_White__Screenshot_-_Gameplay____4a57f3b9-2f3f-437a-82bc-0c73b56430d7.png
IMG	Pokémon Cloud White	Nintendo Game Boy Advance	Screenshot - Gameplay		Pok_mon_Cloud_White__Screenshot_-_Gameplay____e111fe18-75fa-42cd-af3f-d957d98cd936.png
IMG	Pokémon Cloud White	Nintendo Game Boy Advance	Screenshot - Game Title		Pok_mon_Cloud_White__Screenshot_-_Game_Title____1160a74a-c9a3-4833-badf-5f3b4bcdfdef.png
IMG	Pokémon Cyan	Nintendo Game Boy Advance	Box - Front	World	Pok_mon_Cyan__Box_-_Front__World__ef9fc28e-ade6-45a5-93d6-f873c83e0b3c.jpg
IMG	Pokémon Cyan	Nintendo Game Boy Advance	Clear Logo	World	Pok_mon_Cyan__Clear_Logo__World__c329b9b8-0535-425e-94d3-aab2db1077c7.png
IMG	Pokémon Cyan	Nintendo Game Boy Advance	Screenshot - Gameplay		Pok_mon_Cyan__Screenshot_-_Gameplay____b5e31ffb-cc86-4e47-8dd2-6fed3661dd29.png
IMG	Pokémon Cyan	Nintendo Game Boy Advance	Screenshot - Gameplay		Pok_mon_Cyan__Screenshot_-_Gameplay____2e37be9f-993d-4587-9ccc-8a699ae18bc5.png
IMG	Pokémon Cyan	Nintendo Game Boy Advance	Screenshot - Gameplay		Pok_mon_Cyan__Screenshot_-_Gameplay____f45c14bc-605d-41df-8330-84a944e09341.png
IMG	Pokémon Cyan	Nintendo Game Boy Advance	Screenshot - Gameplay		Pok_mon_Cyan__Screenshot_-_Gameplay____77a40223-2edf-41e4-a7a3-55bc9f0ebbdf.png
IMG	Pokémon Cyan	Nintendo Game Boy Advance	Screenshot - Gameplay		Pok_mon_Cyan__Screenshot_-_Gameplay____1e5ec11a-d5d0-4dc2-a76a-8aeefb97aa46.png
IMG	Pokémon Cyan	Nintendo Game Boy Advance	Screenshot - Gameplay		Pok_mon_Cyan__Screenshot_-_Gameplay____ec9851bf-d2f9-45ee-a8f8-2ffad0372cb4.png
IMG	Pokémon Cyan	Nintendo Game Boy Advance	Screenshot - Gameplay		Pok_mon_Cyan__Screenshot_-_Gameplay____3da11254-2713-45e5-b1a9-4d91b8a968a5.png
IMG	Pokémon Cyan	Nintendo Game Boy Advance	Screenshot - Gameplay		Pok_mon_Cyan__Screenshot_-_Gameplay____aed3b2c3-678a-4fce-b1d7-25da83c65d99.png
IMG	Pokémon Cyan	Nintendo Game Boy Advance	Screenshot - Gameplay		Pok_mon_Cyan__Screenshot_-_Gameplay____0b16fd15-e080-447b-91e1-430696f5a2a0.png
IMG	Pokémon Cyan	Nintendo Game Boy Advance	Screenshot - Gameplay		Pok_mon_Cyan__Screenshot_-_Gameplay____d7ee408c-232e-4548-b75b-a7c74c285fdd.png
IMG	Pokémon Cyan	Nintendo Game Boy Advance	Screenshot - Gameplay		Pok_mon_Cyan__Screenshot_-_Gameplay____cd9b45dd-3165-45b3-998f-fc753cfc0130.png
IMG	Pokémon Cyan	Nintendo Game Boy Advance	Screenshot - Gameplay		Pok_mon_Cyan__Screenshot_-_Gameplay____86322259-bae4-4e33-8a15-06603ee191cb.png
IMG	Pokémon Cyan	Nintendo Game Boy Advance	Screenshot - Gameplay		Pok_mon_Cyan__Screenshot_-_Gameplay____d17f766c-09ba-49af-b769-70851bf937d8.png
IMG	Pokémon Cyan	Nintendo Game Boy Advance	Screenshot - Gameplay		Pok_mon_Cyan__Screenshot_-_Gameplay____2698f090-2f66-4dd1-b1bc-89422c309bb3.png
IMG	Pokémon Cyan	Nintendo Game Boy Advance	Screenshot - Game Title		Pok_mon_Cyan__Screenshot_-_Game_Title____f8c78780-7c46-499d-9cdd-f1bfe03767b8.png
IMG	Pokémon CAWPS	Nintendo Game Boy Advance	Box - Front	North America	Pok_mon_CAWPS__Box_-_Front__North_America__918c2547-7d61-404f-847d-8127c9b324e7.jpg
IMG	Pokémon CAWPS	Nintendo Game Boy Advance	Fanart - Box - Front	World	Pok_mon_CAWPS__Fanart_-_Box_-_Front__World__87136e3e-999c-41e5-8f69-61112089b1b3.jpg
IMG	Pokémon Dark Rising II	Nintendo Game Boy Advance	Box - Front	North America	Pok_mon_Dark_Rising_II__Box_-_Front__North_America__1e169e81-130a-415e-af4a-1feb0f87cbdf.png
IMG	Pokémon Dark Rising II	Nintendo Game Boy Advance	Clear Logo		Pok_mon_Dark_Rising_II__Clear_Logo____fa1f2393-ce6a-4591-be20-f6efcec9a765.png
IMG	Pokémon Dark Rising II	Nintendo Game Boy Advance	Screenshot - Gameplay		Pok_mon_Dark_Rising_II__Screenshot_-_Gameplay____0c6de5e6-c42d-4ba2-a944-5255c425cc4e.png
IMG	Pokémon Dark Rising II	Nintendo Game Boy Advance	Screenshot - Gameplay		Pok_mon_Dark_Rising_II__Screenshot_-_Gameplay____884c0726-bc8c-4c6f-8684-3a48b7980031.png
IMG	Pokémon Dark Rising II	Nintendo Game Boy Advance	Screenshot - Gameplay		Pok_mon_Dark_Rising_II__Screenshot_-_Gameplay____d6fe4bc7-01c0-47c2-babd-810a10c4f0f1.png
IMG	Pokémon Dark Rising II	Nintendo Game Boy Advance	Screenshot - Gameplay		Pok_mon_Dark_Rising_II__Screenshot_-_Gameplay____620dbb63-5169-4da9-a5ea-bef1b0d63693.png
IMG	Pokémon Dark Rising II	Nintendo Game Boy Advance	Screenshot - Gameplay		Pok_mon_Dark_Rising_II__Screenshot_-_Gameplay____b3441683-1629-4052-9d09-ad9b766ac4db.png
IMG	Pokémon Dark Rising II	Nintendo Game Boy Advance	Screenshot - Gameplay		Pok_mon_Dark_Rising_II__Screenshot_-_Gameplay____0a6bfbfa-fb99-40a8-b4de-0690063cf1ba.png
IMG	Pokémon Dark Rising II	Nintendo Game Boy Advance	Screenshot - Gameplay		Pok_mon_Dark_Rising_II__Screenshot_-_Gameplay____94f98e61-956a-4c58-8757-dd2a448ee6a0.png
IMG	Pokémon Dark Rising II	Nintendo Game Boy Advance	Screenshot - Gameplay		Pok_mon_Dark_Rising_II__Screenshot_-_Gameplay____1f5ee1be-c8b9-4a8b-bffc-35bc58307f02.png
IMG	Pokémon Dark Rising II	Nintendo Game Boy Advance	Screenshot - Gameplay		Pok_mon_Dark_Rising_II__Screenshot_-_Gameplay____3a168fd8-5f11-45dd-9ecc-69aef1bc33e1.png
IMG	Pokémon Dark Rising II	Nintendo Game Boy Advance	Screenshot - Gameplay		Pok_mon_Dark_Rising_II__Screenshot_-_Gameplay____0f9778b1-da5f-4485-9f23-f14d1ab768df.png
IMG	Pokémon Dark Rising II	Nintendo Game Boy Advance	Screenshot - Gameplay		Pok_mon_Dark_Rising_II__Screenshot_-_Gameplay____e99c7937-3c5a-4dd7-b3d4-2730b092aae3.png
IMG	Pokémon Dark Rising II	Nintendo Game Boy Advance	Screenshot - Game Title		Pok_mon_Dark_Rising_II__Screenshot_-_Game_Title____6d315971-07de-4e28-a861-3b562fcf388a.png
IMG	Pokémon Dark Rising: Order Destroyed	Nintendo Game Boy Advance	Clear Logo		Pok_mon_Dark_Rising_Order_Destroyed__Clear_Logo____c96c0abf-2b82-49ea-965d-333b60c5439e.png
IMG	Pokémon Dark Rising: Order Destroyed	Nintendo Game Boy Advance	Fanart - Box - Front	World	Pok_mon_Dark_Rising_Order_Destroyed__Fanart_-_Box_-_Front__World__ca619d55-7ad3-44b0-ac86-3245d0cf845b.png
IMG	Pokémon Dark Rising Origins: Worlds Collide	Nintendo Game Boy Advance	Box - Front	World	Pok_mon_Dark_Rising_Origins_Worlds_Collide__Box_-_Front__World__a3a29c8e-a9e9-4712-b011-5651212afe9a.png
IMG	Pokémon Dark Rising Origins: Worlds Collide	Nintendo Game Boy Advance	Clear Logo		Pok_mon_Dark_Rising_Origins_Worlds_Collide__Clear_Logo____c891c0dd-b89c-4c91-a182-5eac90c28bcc.png
IMG	Pokémon Dark Rising Origins: Worlds Collide	Nintendo Game Boy Advance	Fanart - Box - Front		Pok_mon_Dark_Rising_Origins_Worlds_Collide__Fanart_-_Box_-_Front____9459e21f-fb26-4cab-8e8e-9b5608c655ff.png
IMG	Pokémon Dark Rising Origins: Worlds Collide	Nintendo Game Boy Advance	Fanart - Box - Front	World	Pok_mon_Dark_Rising_Origins_Worlds_Collide__Fanart_-_Box_-_Front__World__eced82e9-d572-4fbc-b502-420aab92cbce.jpg
IMG	Pokémon Flora Sky	Nintendo Game Boy Advance	Box - Front	World	Pok_mon_Flora_Sky__Box_-_Front__World__af4ecd10-0227-4053-8839-cabca9964f17.png
IMG	Pokémon Flora Sky	Nintendo Game Boy Advance	Clear Logo	World	Pok_mon_Flora_Sky__Clear_Logo__World__c70f2297-2a94-4ee6-8a72-09ad2001244c.png
IMG	Pokémon Flora Sky	Nintendo Game Boy Advance	Screenshot - Gameplay		Pok_mon_Flora_Sky__Screenshot_-_Gameplay____0b660395-cbc2-4fd0-9101-5a5c0063005c.png
IMG	Pokémon Flora Sky	Nintendo Game Boy Advance	Screenshot - Game Title		Pok_mon_Flora_Sky__Screenshot_-_Game_Title____5ec70f0a-5e12-48a4-b518-7a16b221a813.png
IMG	Pokémon Fuligin	Nintendo Game Boy Advance	Box - Front	North America	Pok_mon_Fuligin__Box_-_Front__North_America__069362f1-9757-47ac-9eb0-188736a9bcce.jpg
IMG	Pokémon Fuligin	Nintendo Game Boy Advance	Screenshot - Gameplay		Pok_mon_Fuligin__Screenshot_-_Gameplay____6d7f7e39-4d79-434e-9c51-eab030d24f8a.png
IMG	Pokémon Fuligin	Nintendo Game Boy Advance	Screenshot - Gameplay		Pok_mon_Fuligin__Screenshot_-_Gameplay____32e01cd2-83bc-41be-a179-cc39335aec64.png
IMG	Pokémon Fuligin	Nintendo Game Boy Advance	Screenshot - Gameplay		Pok_mon_Fuligin__Screenshot_-_Gameplay____834194dc-dad6-4ebb-9028-a130a5600321.png
IMG	Pokémon Fuligin	Nintendo Game Boy Advance	Screenshot - Gameplay		Pok_mon_Fuligin__Screenshot_-_Gameplay____0f64771f-e3ad-4f93-9c24-59abe6e3fa09.png
IMG	Pokémon Fuligin	Nintendo Game Boy Advance	Screenshot - Gameplay		Pok_mon_Fuligin__Screenshot_-_Gameplay____d72192a9-df5d-4b0c-a049-c549cddbea1f.png
IMG	Pokémon Fuligin	Nintendo Game Boy Advance	Screenshot - Gameplay		Pok_mon_Fuligin__Screenshot_-_Gameplay____3afcaf44-c195-466e-8672-b8710ab323a0.png
IMG	Pokémon Fuligin	Nintendo Game Boy Advance	Screenshot - Gameplay		Pok_mon_Fuligin__Screenshot_-_Gameplay____3559947c-e1bb-43b5-8ad6-b7689cc42d61.png
IMG	Pokémon Fuligin	Nintendo Game Boy Advance	Screenshot - Gameplay		Pok_mon_Fuligin__Screenshot_-_Gameplay____59b2dcf1-456a-49f5-b96a-5af2cdc5a915.png
IMG	Pokémon Fuligin	Nintendo Game Boy Advance	Screenshot - Gameplay		Pok_mon_Fuligin__Screenshot_-_Gameplay____75a1f767-76b6-438b-9456-61596bf40059.png
IMG	Pokémon Fuligin	Nintendo Game Boy Advance	Screenshot - Gameplay		Pok_mon_Fuligin__Screenshot_-_Gameplay____8bd04790-1288-4260-9be1-d35c935aaaf7.png
IMG	Pokémon Fuligin	Nintendo Game Boy Advance	Screenshot - Gameplay		Pok_mon_Fuligin__Screenshot_-_Gameplay____68813f0c-2449-4771-8659-da0d0400c74b.png
IMG	Pokémon Mega Power	Nintendo Game Boy Advance	Box - Front	North America	Pok_mon_Mega_Power__Box_-_Front__North_America__96524c35-caba-4d64-978c-1912923e3fa4.jpg
IMG	Pokémon Mega Power	Nintendo Game Boy Advance	Fanart - Box - Front	World	Pok_mon_Mega_Power__Fanart_-_Box_-_Front__World__4bd16823-453f-4893-aaf2-ba3e8cbcc3c4.jpg
IMG	Pokémon Order & Chaos	Nintendo Game Boy Advance	Banner	World	Pok_mon_Order_Chaos__Banner__World__c694700b-444e-4115-a4e8-4d3b70b57297.jpg
IMG	Pokémon Order & Chaos	Nintendo Game Boy Advance	Box - Front	World	Pok_mon_Order_Chaos__Box_-_Front__World__04ff8be8-5c2e-4f4a-abe3-27a524e0c0d4.png
IMG	Pokémon Order & Chaos	Nintendo Game Boy Advance	Screenshot - Gameplay		Pok_mon_Order_Chaos__Screenshot_-_Gameplay____ca5a8a7b-4cb5-42e7-b8ec-609dd990b10c.png
IMG	Pokémon Outlaw	Nintendo Game Boy Advance	Box - Back	North America	Pok_mon_Outlaw__Box_-_Back__North_America__b0cad917-4f58-496d-acf3-e95de718115a.jpg
IMG	Pokémon Outlaw	Nintendo Game Boy Advance	Box - Front	North America	Pok_mon_Outlaw__Box_-_Front__North_America__30788ff5-b911-480d-8fbc-df79e27f9ec4.jpg
IMG	Pokémon Outlaw	Nintendo Game Boy Advance	Box - Front	World	Pok_mon_Outlaw__Box_-_Front__World__5dc13c6c-fd0f-4c74-9141-aab436c72b96.png
IMG	Pokémon Outlaw	Nintendo Game Boy Advance	Box - Spine	North America	Pok_mon_Outlaw__Box_-_Spine__North_America__a3b3bd85-79b2-478f-bbee-5055770cb527.jpg
IMG	Pokémon Outlaw	Nintendo Game Boy Advance	Clear Logo		Pok_mon_Outlaw__Clear_Logo____1c051785-3b45-4c9e-96fa-c4f8b2e73a74.png
IMG	Pokémon Outlaw	Nintendo Game Boy Advance	Fanart - Box - Front	World	Pok_mon_Outlaw__Fanart_-_Box_-_Front__World__2d76a699-164f-4625-89ed-add84f00aa47.jpg
IMG	Pokémon Outlaw	Nintendo Game Boy Advance	Screenshot - Gameplay	World	Pok_mon_Outlaw__Screenshot_-_Gameplay__World__a4f26253-742e-4c43-b824-0ea0d69eb746.png
IMG	Pokémon Outlaw	Nintendo Game Boy Advance	Screenshot - Game Title	World	Pok_mon_Outlaw__Screenshot_-_Game_Title__World__d81c6a52-07ad-4354-b30a-52b8e6797ef1.png
IMG	Pokémon Quartz	Nintendo Game Boy Advance	Box - Front	North America	Pok_mon_Quartz__Box_-_Front__North_America__07fa85e2-adf4-49d0-95e8-19e9ecdd1217.jpg
IMG	Pokémon Quartz	Nintendo Game Boy Advance	Clear Logo		Pok_mon_Quartz__Clear_Logo____e26ac8b8-202c-4247-a634-c675978a4964.png
IMG	Pokémon Quartz	Nintendo Game Boy Advance	Screenshot - Gameplay		Pok_mon_Quartz__Screenshot_-_Gameplay____bcd3a0cd-5043-4093-8020-ce0f18532914.png
IMG	Pokémon Quartz	Nintendo Game Boy Advance	Screenshot - Gameplay		Pok_mon_Quartz__Screenshot_-_Gameplay____2772453f-5b19-445a-a72e-6df32a68cbfb.png
IMG	Pokémon Quartz	Nintendo Game Boy Advance	Screenshot - Gameplay		Pok_mon_Quartz__Screenshot_-_Gameplay____30a312e5-87d8-4108-8c0f-ce9a7e4476c5.png
IMG	Pokémon Quartz	Nintendo Game Boy Advance	Screenshot - Gameplay		Pok_mon_Quartz__Screenshot_-_Gameplay____ea1a731b-a730-41ae-80db-031f2fbc2108.png
IMG	Pokémon Quartz	Nintendo Game Boy Advance	Screenshot - Game Title		Pok_mon_Quartz__Screenshot_-_Game_Title____9868e337-12e6-43e8-9f35-8d0a28d13429.png
IMG	Pokémon Resolute	Nintendo Game Boy Advance	Box - Front	World	Pok_mon_Resolute__Box_-_Front__World__8648d61b-c2ef-4190-b9ca-c9912ae418c5.jpg
IMG	Pokémon Resolute	Nintendo Game Boy Advance	Clear Logo		Pok_mon_Resolute__Clear_Logo____408ad741-dbb6-4aa4-b898-8139f66c4097.png
IMG	Pokémon Rocket Science	Nintendo Game Boy Advance	Box - Front	World	Pok_mon_Rocket_Science__Box_-_Front__World__6d3b275f-2be4-4346-be0b-40a42e7c927b.jpg
IMG	Pokémon Rocket Science	Nintendo Game Boy Advance	Box - Front	World	Pok_mon_Rocket_Science__Box_-_Front__World__37d4f56c-c3b2-4ab8-b503-d26c4ae60cc0.jpg
IMG	Pokémon Ruby Destiny Reign of Legends	Nintendo Game Boy Advance	Box - Front	World	Pok_mon_Ruby_Destiny_Reign_of_Legends__Box_-_Front__World__1674ea09-bcad-4511-ad21-628651d7b9e7.png
IMG	Pokémon Ruby Destiny Reign of Legends	Nintendo Game Boy Advance	Screenshot - Gameplay		Pok_mon_Ruby_Destiny_Reign_of_Legends__Screenshot_-_Gameplay____b9043320-b55c-4d46-b7f8-e793a5b83e2d.png
IMG	Pokémon Ruby Destiny Reign of Legends	Nintendo Game Boy Advance	Screenshot - Gameplay		Pok_mon_Ruby_Destiny_Reign_of_Legends__Screenshot_-_Gameplay____57619cfb-4906-47d2-aa80-00c718818340.png
IMG	Pokémon Ruby Destiny Reign of Legends	Nintendo Game Boy Advance	Screenshot - Gameplay		Pok_mon_Ruby_Destiny_Reign_of_Legends__Screenshot_-_Gameplay____ee09c083-d47a-45c4-8b68-32ef49551558.png
IMG	Pokémon Ruby Destiny Reign of Legends	Nintendo Game Boy Advance	Screenshot - Game Title		Pok_mon_Ruby_Destiny_Reign_of_Legends__Screenshot_-_Game_Title____cb57d69c-b38a-43b4-9c56-9bc3b85c4203.png
IMG	Pokémon Ruby Destiny Rescue Ranges	Nintendo Game Boy Advance	Box - Front	United States	Pok_mon_Ruby_Destiny_Rescue_Ranges__Box_-_Front__United_States__1f9d23cf-325d-48a2-8275-dff7159995cc.jpg
IMG	Pokémon Ruby Destiny Rescue Ranges	Nintendo Game Boy Advance	Clear Logo	World	Pok_mon_Ruby_Destiny_Rescue_Ranges__Clear_Logo__World__11028d72-81e2-4a66-b14c-88c68adc9ba7.png
IMG	Pokémon Ruby Destiny Rescue Ranges	Nintendo Game Boy Advance	Screenshot - Gameplay		Pok_mon_Ruby_Destiny_Rescue_Ranges__Screenshot_-_Gameplay____8d2e4e07-41aa-44a9-880e-d9daf8d9a12a.png
IMG	Pokémon Ruby Destiny Rescue Ranges	Nintendo Game Boy Advance	Screenshot - Gameplay		Pok_mon_Ruby_Destiny_Rescue_Ranges__Screenshot_-_Gameplay____933a701f-8c13-4727-a72f-c80c7a0990eb.png
IMG	Pokémon Ruby Destiny Rescue Ranges	Nintendo Game Boy Advance	Screenshot - Gameplay		Pok_mon_Ruby_Destiny_Rescue_Ranges__Screenshot_-_Gameplay____b8cc0288-5956-4c10-99f7-70ee2e5db047.png
IMG	Pokémon Ruby Destiny Rescue Ranges	Nintendo Game Boy Advance	Screenshot - Game Title		Pok_mon_Ruby_Destiny_Rescue_Ranges__Screenshot_-_Game_Title____c6db37d6-af1b-42ee-8772-1cbc6f0df2b6.png
IMG	Pokémon Ruby Destiny Life of Guardians	Nintendo Game Boy Advance	Box - Front	North America	Pok_mon_Ruby_Destiny_Life_of_Guardians__Box_-_Front__North_America__7d6f85ea-6bfa-447d-9854-d040cd4cc7b6.jpg
IMG	Pokémon Ruby Destiny Life of Guardians	Nintendo Game Boy Advance	Clear Logo	World	Pok_mon_Ruby_Destiny_Life_of_Guardians__Clear_Logo__World__7b171e38-ed66-49a1-9cd9-bfab5f2af9d0.png
IMG	Pokémon Ruby Destiny Life of Guardians	Nintendo Game Boy Advance	Screenshot - Gameplay		Pok_mon_Ruby_Destiny_Life_of_Guardians__Screenshot_-_Gameplay____89d75a58-0651-4a37-968c-d145eddc0b58.png
IMG	Pokémon Ruby Destiny Life of Guardians	Nintendo Game Boy Advance	Screenshot - Gameplay		Pok_mon_Ruby_Destiny_Life_of_Guardians__Screenshot_-_Gameplay____fef2d9ae-6c67-4946-864a-3a395208a57a.png
IMG	Pokémon Ruby Destiny Life of Guardians	Nintendo Game Boy Advance	Screenshot - Gameplay		Pok_mon_Ruby_Destiny_Life_of_Guardians__Screenshot_-_Gameplay____d6bd8bd4-0bf8-4b61-8cee-096bad2b452b.png
IMG	Pokémon Ruby Destiny Life of Guardians	Nintendo Game Boy Advance	Screenshot - Game Title		Pok_mon_Ruby_Destiny_Life_of_Guardians__Screenshot_-_Game_Title____688d42d2-82d2-4962-9827-bec516d16aa1.png
IMG	Pokémon Shiny Gold Sigma	Nintendo Game Boy Advance	Box - Front	North America	Pok_mon_Shiny_Gold_Sigma__Box_-_Front__North_America__79f4094c-f8aa-461a-94ff-03a7db57039f.jpg
IMG	Pokémon Shiny Gold Sigma	Nintendo Game Boy Advance	Clear Logo	World	Pok_mon_Shiny_Gold_Sigma__Clear_Logo__World__4a981fce-b4cd-4eb9-83b0-1a8dcf56a615.png
IMG	Pokémon Shiny Gold Sigma	Nintendo Game Boy Advance	Clear Logo	World	Pok_mon_Shiny_Gold_Sigma__Clear_Logo__World__deb9ee76-65f8-4319-9b04-cacd14f3d54e.png
IMG	Pokémon Shiny Gold Sigma	Nintendo Game Boy Advance	Fanart - Background		Pok_mon_Shiny_Gold_Sigma__Fanart_-_Background____451c9863-ffba-4084-b5db-701b4f6411a9.jpg
IMG	Pokémon Shiny Gold Sigma	Nintendo Game Boy Advance	Fanart - Background		Pok_mon_Shiny_Gold_Sigma__Fanart_-_Background____4a908da6-77fc-443b-ad4e-8e386ef37715.png
IMG	Pokémon Shiny Gold Sigma	Nintendo Game Boy Advance	Fanart - Background		Pok_mon_Shiny_Gold_Sigma__Fanart_-_Background____93c1d784-6d36-4a0c-b4b0-41aad16d93c0.jpg
IMG	Pokémon Shiny Gold Sigma	Nintendo Game Boy Advance	Fanart - Background		Pok_mon_Shiny_Gold_Sigma__Fanart_-_Background____3be84078-d6cc-4032-ab98-944b4cebb460.jpg
IMG	Pokémon Shiny Gold Sigma	Nintendo Game Boy Advance	Fanart - Background		Pok_mon_Shiny_Gold_Sigma__Fanart_-_Background____bc308b78-b867-4ddd-9af1-2075f33c10c7.jpg
IMG	Pokémon Shiny Gold Sigma	Nintendo Game Boy Advance	Fanart - Background		Pok_mon_Shiny_Gold_Sigma__Fanart_-_Background____6cfccf8b-b0ef-4057-826b-4a0522c7bf0a.jpg
IMG	Pokémon Shiny Gold Sigma	Nintendo Game Boy Advance	Fanart - Background		Pok_mon_Shiny_Gold_Sigma__Fanart_-_Background____a05330f7-4c34-4f8f-b369-d53c68f34866.png
IMG	Pokémon Shiny Gold Sigma	Nintendo Game Boy Advance	Fanart - Background		Pok_mon_Shiny_Gold_Sigma__Fanart_-_Background____abd8db16-87ff-4670-9db1-56ee113ffd10.jpg
IMG	Pokémon Shiny Gold Sigma	Nintendo Game Boy Advance	Fanart - Background		Pok_mon_Shiny_Gold_Sigma__Fanart_-_Background____d0201075-7191-4c1e-a6db-61d7dff172d5.jpg
IMG	Pokémon Shiny Gold Sigma	Nintendo Game Boy Advance	Fanart - Background		Pok_mon_Shiny_Gold_Sigma__Fanart_-_Background____19710f3e-3a81-456b-9b4d-388542255087.jpg
IMG	Pokémon Shiny Gold Sigma	Nintendo Game Boy Advance	Fanart - Background		Pok_mon_Shiny_Gold_Sigma__Fanart_-_Background____52a97a27-bdff-451e-8a06-728674b1146c.png
IMG	Pokémon Shiny Gold Sigma	Nintendo Game Boy Advance	Fanart - Background		Pok_mon_Shiny_Gold_Sigma__Fanart_-_Background____81ce3fdf-3129-46e5-9fb7-54f619d14b91.png
IMG	Pokémon Shiny Gold Sigma	Nintendo Game Boy Advance	Fanart - Background		Pok_mon_Shiny_Gold_Sigma__Fanart_-_Background____575f0e8d-99f1-4880-9f05-8374fa5d1eeb.png
IMG	Pokémon Shiny Gold Sigma	Nintendo Game Boy Advance	Fanart - Box - Front	World	Pok_mon_Shiny_Gold_Sigma__Fanart_-_Box_-_Front__World__1094bc81-12f3-4187-aff6-246e47609b6a.png
IMG	Pokémon Shiny Gold Sigma	Nintendo Game Boy Advance	Fanart - Box - Front	World	Pok_mon_Shiny_Gold_Sigma__Fanart_-_Box_-_Front__World__e527292b-8c21-414f-bc21-e097b19e935e.png
IMG	Pokémon Shiny Gold Sigma	Nintendo Game Boy Advance	Screenshot - Gameplay		Pok_mon_Shiny_Gold_Sigma__Screenshot_-_Gameplay____36d021ac-2fc8-4be7-8396-e2bb70cef41b.png
IMG	Pokémon Shiny Gold Sigma	Nintendo Game Boy Advance	Screenshot - Gameplay		Pok_mon_Shiny_Gold_Sigma__Screenshot_-_Gameplay____714838c3-1364-4daf-8688-2e3b2f610478.png
IMG	Pokémon Shiny Gold Sigma	Nintendo Game Boy Advance	Screenshot - Gameplay		Pok_mon_Shiny_Gold_Sigma__Screenshot_-_Gameplay____11e2c9da-4315-4163-ad5c-8242bbc8bcdc.png
IMG	Pokémon Shiny Gold Sigma	Nintendo Game Boy Advance	Screenshot - Gameplay		Pok_mon_Shiny_Gold_Sigma__Screenshot_-_Gameplay____d681d0e0-ccc1-4ec5-9b98-d6e43ac67dc5.png
IMG	Pokémon Shiny Gold Sigma	Nintendo Game Boy Advance	Screenshot - Gameplay		Pok_mon_Shiny_Gold_Sigma__Screenshot_-_Gameplay____260f3f4b-6e5a-4ec2-a500-fb12093d790b.png
IMG	Pokémon Shiny Gold Sigma	Nintendo Game Boy Advance	Screenshot - Gameplay		Pok_mon_Shiny_Gold_Sigma__Screenshot_-_Gameplay____3b4edac1-1ccb-4087-aea4-ace63b300d46.png
IMG	Pokémon Shiny Gold Sigma	Nintendo Game Boy Advance	Screenshot - Gameplay		Pok_mon_Shiny_Gold_Sigma__Screenshot_-_Gameplay____86f8d896-03ce-4d07-861a-0f09cbabca1a.png
IMG	Pokémon Shiny Gold Sigma	Nintendo Game Boy Advance	Screenshot - Game Title		Pok_mon_Shiny_Gold_Sigma__Screenshot_-_Game_Title____12bf1603-f85c-4836-8a13-ef0e4dec347b.png
IMG	Pokémon Sirius	Nintendo Game Boy Advance	Box - Front	World	Pok_mon_Sirius__Box_-_Front__World__bcb1a906-5dee-41af-a4b4-4558a4550611.jpg
IMG	Pokémon Sirius	Nintendo Game Boy Advance	Clear Logo	World	Pok_mon_Sirius__Clear_Logo__World__r2_3b865395-e863-4464-90ee-98e3077fc83e.png
IMG	Pokémon Snakewood	Nintendo Game Boy Advance	Box - Back	North America	Pok_mon_Snakewood__Box_-_Back__North_America__58f75b28-5904-47a0-a7bf-6e3c568734c1.jpg
IMG	Pokémon Snakewood	Nintendo Game Boy Advance	Box - Front	North America	Pok_mon_Snakewood__Box_-_Front__North_America__e6744104-31d6-4131-87f7-50abbbbebc2d.jpg
IMG	Pokémon Snakewood	Nintendo Game Boy Advance	Box - Front	North America	Pok_mon_Snakewood__Box_-_Front__North_America__a00ef718-c9ff-4def-8169-6d9bf4f3f613.png
IMG	Pokémon Snakewood	Nintendo Game Boy Advance	Box - Front	North America	Pok_mon_Snakewood__Box_-_Front__North_America__949009ad-a311-4bda-bc46-478a33b03b36.jpg
IMG	Pokémon Snakewood	Nintendo Game Boy Advance	Box - Spine	North America	Pok_mon_Snakewood__Box_-_Spine__North_America__5977c4c2-108e-47a4-aeba-cda4617c1cb4.jpg
IMG	Pokémon Snakewood	Nintendo Game Boy Advance	Clear Logo		Pok_mon_Snakewood__Clear_Logo____ccc7ae0c-36c4-40b0-9df3-715e0fbc5b0f.png
IMG	Pokémon Snakewood	Nintendo Game Boy Advance	Screenshot - Gameplay		Pok_mon_Snakewood__Screenshot_-_Gameplay____1cce0f0a-932d-4881-bbba-6b839a8a691b.png
IMG	Pokémon Snakewood	Nintendo Game Boy Advance	Screenshot - Gameplay		Pok_mon_Snakewood__Screenshot_-_Gameplay____b572ad5d-ffea-42d2-a3ab-0c19bf4c4a48.png
IMG	Pokémon Snakewood	Nintendo Game Boy Advance	Screenshot - Gameplay		Pok_mon_Snakewood__Screenshot_-_Gameplay____9426979c-4e61-4e17-a179-5048b84be255.png
IMG	Pokémon Snakewood	Nintendo Game Boy Advance	Screenshot - Game Title		Pok_mon_Snakewood__Screenshot_-_Game_Title____559330fa-7934-4322-8f6a-1ec680cd4d2d.png
IMG	Pokémon Topaz	Nintendo Game Boy Advance	Box - Front	World	Pok_mon_Topaz__Box_-_Front__World__17458d64-c5f3-43a9-b3ce-1376d83b4b34.jpg
IMG	Pokémon Vega	Nintendo Game Boy Advance	Box - Front	World	Pok_mon_Vega__Box_-_Front__World__b9afb0eb-8909-480d-b738-a1ef8535ef4e.png
IMG	Pokémon Vega	Nintendo Game Boy Advance	Box - Front	North America	Pok_mon_Vega__Box_-_Front__North_America__89138940-63d3-4895-94c4-7a2d027534d7.jpg
IMG	Pokémon Vega	Nintendo Game Boy Advance	Cart - Front	North America	Pok_mon_Vega__Cart_-_Front__North_America__5bc6b06b-e7a0-477a-b1fe-146649970e78.png
IMG	Pokémon Vega	Nintendo Game Boy Advance	Clear Logo		Pok_mon_Vega__Clear_Logo____506a05c8-f987-48c3-b5c7-88047b9b30b1.png
IMG	Pokémon Vega	Nintendo Game Boy Advance	Screenshot - Gameplay	North America	Pok_mon_Vega__Screenshot_-_Gameplay__North_America__2f921b43-4e5f-4ac7-a41a-fbad87285525.png
IMG	Pokémon Vega	Nintendo Game Boy Advance	Screenshot - Gameplay	North America	Pok_mon_Vega__Screenshot_-_Gameplay__North_America__47e0130f-c26c-4a3a-964f-ea82b3b70ca7.png
IMG	Pokémon Vega	Nintendo Game Boy Advance	Screenshot - Gameplay	North America	Pok_mon_Vega__Screenshot_-_Gameplay__North_America__019b0ef8-f726-4289-8ce9-843090fd25aa.png
IMG	Pokémon Vega	Nintendo Game Boy Advance	Screenshot - Gameplay	North America	Pok_mon_Vega__Screenshot_-_Gameplay__North_America__a59e5ac6-ecce-4b8e-80a9-3fad677f78ae.png
IMG	Pokémon Vega	Nintendo Game Boy Advance	Screenshot - Gameplay	North America	Pok_mon_Vega__Screenshot_-_Gameplay__North_America__ecebdfaa-f0ae-463d-8992-43771259bfd3.png
IMG	Pokémon Vega	Nintendo Game Boy Advance	Screenshot - Gameplay	North America	Pok_mon_Vega__Screenshot_-_Gameplay__North_America__5860af63-b12e-41fa-88b6-8c8297ab91f4.png
IMG	Pokémon Vega	Nintendo Game Boy Advance	Screenshot - Gameplay	North America	Pok_mon_Vega__Screenshot_-_Gameplay__North_America__9232701e-df8d-4b09-8b3f-7e47f2c9ea6d.png
IMG	Pokémon Vega	Nintendo Game Boy Advance	Screenshot - Gameplay	North America	Pok_mon_Vega__Screenshot_-_Gameplay__North_America__9f585bd8-2b25-469e-8a6d-96806ab1b925.png
IMG	Pokémon Vega	Nintendo Game Boy Advance	Screenshot - Gameplay	North America	Pok_mon_Vega__Screenshot_-_Gameplay__North_America__10284676-59e6-455a-a184-4d71a79765aa.png
IMG	Pokémon Vega	Nintendo Game Boy Advance	Screenshot - Gameplay	North America	Pok_mon_Vega__Screenshot_-_Gameplay__North_America__41557f09-007d-4e3b-ba7a-f305bd3f3627.png
IMG	Pokémon Vega	Nintendo Game Boy Advance	Screenshot - Gameplay	North America	Pok_mon_Vega__Screenshot_-_Gameplay__North_America__c29cfec3-af3c-4c08-9ced-cbba7a0ffdf1.png
IMG	Pokémon Vega	Nintendo Game Boy Advance	Screenshot - Gameplay	North America	Pok_mon_Vega__Screenshot_-_Gameplay__North_America__25ef7fd4-ab36-4abf-a427-19e48fae9d65.png
IMG	Pokémon Vega	Nintendo Game Boy Advance	Screenshot - Gameplay	North America	Pok_mon_Vega__Screenshot_-_Gameplay__North_America__9ff0474e-7f93-41dd-9af9-9bb3031d1495.png
IMG	Pokémon Vega	Nintendo Game Boy Advance	Screenshot - Gameplay	North America	Pok_mon_Vega__Screenshot_-_Gameplay__North_America__53e81229-b44b-487e-81dc-965c6f1d4878.png
IMG	Pokémon Vega	Nintendo Game Boy Advance	Screenshot - Game Title		Pok_mon_Vega__Screenshot_-_Game_Title____3b1f9b24-3fb9-4890-a7b2-b8bbb4438f98.png
IMG	Pokémon Victory Fire	Nintendo Game Boy Advance	Box - Front	World	Pok_mon_Victory_Fire__Box_-_Front__World__56f7563c-9cac-4b39-97e0-e92f105f494d.jpg
IMG	Pokémon Super Fire Red	Nintendo Game Boy Advance	Banner	World	Pok_mon_Super_Fire_Red__Banner__World__de2d33d8-2949-4c84-bb57-cd1f79583c9e.jpg
IMG	Pokémon Super Fire Red	Nintendo Game Boy Advance	Box - Front	World	Pok_mon_Super_Fire_Red__Box_-_Front__World__d211bbcd-bcb7-4faf-bb4d-8eb583e699f9.png
IMG	Pokémon Super Fire Red	Nintendo Game Boy Advance	Fanart - Background		Pok_mon_Super_Fire_Red__Fanart_-_Background____8fc2750f-7722-4bb2-bb9b-64d48da071b4.jpg
IMG	Pokémon Super Fire Red	Nintendo Game Boy Advance	Screenshot - Gameplay		Pok_mon_Super_Fire_Red__Screenshot_-_Gameplay____b78c00c9-94af-4c26-aa98-71b9dd60e2d1.jpg
IMG	Pokémon Cloud White 3	Nintendo Game Boy Advance	Banner		Pok_mon_Cloud_White_3__Banner____7119df65-d2ff-4a27-be34-3a3a5a490042.png
IMG	Pokémon Cloud White 3	Nintendo Game Boy Advance	Box - 3D		Pok_mon_Cloud_White_3__Box_-_3D____fb6d9ac2-c1c8-4a0d-888b-27aba28342fe.jpg
IMG	Pokémon Cloud White 3	Nintendo Game Boy Advance	Box - Front	United States	Pok_mon_Cloud_White_3__Box_-_Front__United_States__e2bf29a5-19f8-446d-98d4-a873aec0c351.jpg
IMG	Pokémon Cloud White 3	Nintendo Game Boy Advance	Clear Logo		Pok_mon_Cloud_White_3__Clear_Logo____66f62e83-5118-488d-a22d-35b2859538ce.png
IMG	Pokémon Cloud White 3	Nintendo Game Boy Advance	Screenshot - Gameplay		Pok_mon_Cloud_White_3__Screenshot_-_Gameplay____4b0d7ca0-b349-4971-9d8b-38bb1d4c6495.png
IMG	Pokémon Cloud White 3	Nintendo Game Boy Advance	Screenshot - Gameplay		Pok_mon_Cloud_White_3__Screenshot_-_Gameplay____0ee58455-ddc4-459a-8789-6c7ba89b3810.png
IMG	Pokémon Cloud White 3	Nintendo Game Boy Advance	Screenshot - Gameplay		Pok_mon_Cloud_White_3__Screenshot_-_Gameplay____53cb432a-8a79-4ed3-9025-9b1037fd21fd.png
IMG	Pokémon Cloud White 3	Nintendo Game Boy Advance	Screenshot - Gameplay		Pok_mon_Cloud_White_3__Screenshot_-_Gameplay____253d4d15-f8b5-4c24-9af7-85afcd2e248b.png
IMG	Pokémon Cloud White 3	Nintendo Game Boy Advance	Screenshot - Gameplay		Pok_mon_Cloud_White_3__Screenshot_-_Gameplay____2a84370f-f54d-48f9-a858-10682db895dc.png
IMG	Pokémon Cloud White 3	Nintendo Game Boy Advance	Screenshot - Gameplay		Pok_mon_Cloud_White_3__Screenshot_-_Gameplay____4ea0f4c7-a470-4feb-8baf-41fb5753a71d.png
IMG	Pokémon Cloud White 3	Nintendo Game Boy Advance	Screenshot - Gameplay		Pok_mon_Cloud_White_3__Screenshot_-_Gameplay____5ebd737a-4a90-42b9-94e0-b1a1a3c00f79.png
IMG	Pokémon Cloud White 3	Nintendo Game Boy Advance	Screenshot - Gameplay		Pok_mon_Cloud_White_3__Screenshot_-_Gameplay____c41e1c74-7cb6-4f2b-a488-dd010674b0f4.png
IMG	Pokémon Cloud White 3	Nintendo Game Boy Advance	Screenshot - Gameplay		Pok_mon_Cloud_White_3__Screenshot_-_Gameplay____94765980-7f28-4f39-b582-5992b94b4d60.png
IMG	Pokémon Cloud White 3	Nintendo Game Boy Advance	Screenshot - Gameplay		Pok_mon_Cloud_White_3__Screenshot_-_Gameplay____4be95976-e668-4ea9-866b-5073229aec65.png
IMG	Pokémon Cloud White 3	Nintendo Game Boy Advance	Screenshot - Gameplay		Pok_mon_Cloud_White_3__Screenshot_-_Gameplay____fdd15d8a-f338-4690-b5e7-d9fd7b7be5d0.png
IMG	Pokémon Cloud White 3	Nintendo Game Boy Advance	Screenshot - Gameplay		Pok_mon_Cloud_White_3__Screenshot_-_Gameplay____ff0d298e-c396-45a9-bb7c-e83aa75f813c.png
IMG	Pokémon Cloud White 3	Nintendo Game Boy Advance	Screenshot - Gameplay		Pok_mon_Cloud_White_3__Screenshot_-_Gameplay____cf5b79b7-7eae-4dcf-96a5-c274d4689690.png
IMG	Pokémon Cloud White 3	Nintendo Game Boy Advance	Screenshot - Gameplay		Pok_mon_Cloud_White_3__Screenshot_-_Gameplay____6706535a-5d85-48b9-9d05-6cd7fdbb62e2.png
IMG	Pokémon Cloud White 3	Nintendo Game Boy Advance	Screenshot - Gameplay		Pok_mon_Cloud_White_3__Screenshot_-_Gameplay____9049df31-6f9b-46f2-8ca6-3137282bcfdc.png
IMG	Pokémon Cloud White 3	Nintendo Game Boy Advance	Screenshot - Game Title		Pok_mon_Cloud_White_3__Screenshot_-_Game_Title____9ae2041e-2b11-4bf5-8859-ac2ab8bc29df.png
IMG	Pokémon Cloud White 2	Nintendo Game Boy Advance	Box - Front	United States	Pok_mon_Cloud_White_2__Box_-_Front__United_States__7748ed9e-0957-4f68-ac49-5dd984e22590.jpg
IMG	Pokémon Cloud White 2	Nintendo Game Boy Advance	Clear Logo		Pok_mon_Cloud_White_2__Clear_Logo____6f5d4fda-612b-4f02-8eca-e145e1323817.png
IMG	Pokémon Cloud White 2	Nintendo Game Boy Advance	Fanart - Box - Front	North America	Pok_mon_Cloud_White_2__Fanart_-_Box_-_Front__North_America__766e9372-e87a-4aeb-8078-c83acafc1e4e.png
IMG	Pokémon Cloud White 2	Nintendo Game Boy Advance	Screenshot - Gameplay		Pok_mon_Cloud_White_2__Screenshot_-_Gameplay____660bc2ab-e165-4011-92da-14bdce214b06.png
IMG	Pokémon Cloud White 2	Nintendo Game Boy Advance	Screenshot - Gameplay		Pok_mon_Cloud_White_2__Screenshot_-_Gameplay____4ba033b1-08a5-4ae7-ae64-72b5bb2143ae.png
IMG	Pokémon Cloud White 2	Nintendo Game Boy Advance	Screenshot - Gameplay		Pok_mon_Cloud_White_2__Screenshot_-_Gameplay____70aa69f5-7998-4ea8-8f18-e717031bbf0a.png
IMG	Pokémon Cloud White 2	Nintendo Game Boy Advance	Screenshot - Gameplay		Pok_mon_Cloud_White_2__Screenshot_-_Gameplay____f3d17636-b5ab-4adf-84d1-646819a644c5.png
IMG	Pokémon Cloud White 2	Nintendo Game Boy Advance	Screenshot - Gameplay		Pok_mon_Cloud_White_2__Screenshot_-_Gameplay____83fa81bb-cec1-4998-8461-8ff0a9aee9f6.png
IMG	Pokémon Cloud White 2	Nintendo Game Boy Advance	Screenshot - Gameplay		Pok_mon_Cloud_White_2__Screenshot_-_Gameplay____fbd28769-aa5c-4989-8903-1119fec4ab47.png
IMG	Pokémon Cloud White 2	Nintendo Game Boy Advance	Screenshot - Gameplay		Pok_mon_Cloud_White_2__Screenshot_-_Gameplay____4108a449-943e-4cc3-a8e4-cc9e14d0a694.png
IMG	Pokémon Cloud White 2	Nintendo Game Boy Advance	Screenshot - Gameplay		Pok_mon_Cloud_White_2__Screenshot_-_Gameplay____d39c9023-5fde-4497-af1b-5df3a9ee169e.png
IMG	Pokémon Cloud White 2	Nintendo Game Boy Advance	Screenshot - Gameplay		Pok_mon_Cloud_White_2__Screenshot_-_Gameplay____dcf4e904-e7cb-4539-a9ab-f63cd0eae840.png
IMG	Pokémon Cloud White 2	Nintendo Game Boy Advance	Screenshot - Gameplay		Pok_mon_Cloud_White_2__Screenshot_-_Gameplay____6e90f626-70d4-421e-833e-e8bf2d0ead74.png
IMG	Pokémon Cloud White 2	Nintendo Game Boy Advance	Screenshot - Gameplay		Pok_mon_Cloud_White_2__Screenshot_-_Gameplay____facd5619-20ca-4953-99f9-8a61b2990db9.png
IMG	Pokémon Cloud White 2	Nintendo Game Boy Advance	Screenshot - Gameplay		Pok_mon_Cloud_White_2__Screenshot_-_Gameplay____08baedd2-f097-4728-b31b-af9f2ffea808.png
IMG	Pokémon Cloud White 2	Nintendo Game Boy Advance	Screenshot - Gameplay		Pok_mon_Cloud_White_2__Screenshot_-_Gameplay____b6684e59-29cf-4c09-af58-0757969e682a.png
IMG	Pokémon Cloud White 2	Nintendo Game Boy Advance	Screenshot - Game Title		Pok_mon_Cloud_White_2__Screenshot_-_Game_Title____c1bfb062-ba0e-4623-abc2-5b991355cdb5.png
IMG	Pokémon Clover	Nintendo Game Boy Advance	Clear Logo		Pok_mon_Clover__Clear_Logo____c8acd5b6-8462-4d56-8403-16f26eefc1fe.png
IMG	Pokémon Clover	Nintendo Game Boy Advance	Fanart - Box - Front	North America	Pok_mon_Clover__Fanart_-_Box_-_Front__North_America__dcbf78d0-d717-4998-9aef-d1236ed8376f.jpg
IMG	Pokémon Clover	Nintendo Game Boy Advance	Fanart - Box - Front	World	Pok_mon_Clover__Fanart_-_Box_-_Front__World__5dd04953-23a3-47b7-899c-13e82ee9a2a8.png
IMG	Pokémon Clover	Nintendo Game Boy Advance	Screenshot - Gameplay	World	Pok_mon_Clover__Screenshot_-_Gameplay__World__7f4fed1f-a647-4c7a-9583-d20ce36e3c7b.png
IMG	Pokémon Clover	Nintendo Game Boy Advance	Screenshot - Gameplay	World	Pok_mon_Clover__Screenshot_-_Gameplay__World__3da91176-2704-40d5-aade-8177395587d4.png
IMG	Pokémon Clover	Nintendo Game Boy Advance	Screenshot - Gameplay		Pok_mon_Clover__Screenshot_-_Gameplay____756125c6-de78-4587-860d-1810a98ebdbf.png
IMG	Pokémon Clover	Nintendo Game Boy Advance	Screenshot - Game Title	World	Pok_mon_Clover__Screenshot_-_Game_Title__World__836bd238-377c-439f-a62d-1d972c88ba6f.png
IMG	Pokémon Theta Emerald	Nintendo Game Boy Advance	Box - Front	United States	Pok_mon_Theta_Emerald__Box_-_Front__United_States__774eae15-a354-4e65-a3b9-d3e3983d5784.jpg
IMG	Pokémon Theta Emerald	Nintendo Game Boy Advance	Clear Logo		Pok_mon_Theta_Emerald__Clear_Logo____33f5fab7-8346-4afc-97ad-f56ee1a6a25f.png
IMG	Pokémon Theta Emerald	Nintendo Game Boy Advance	Fanart - Box - Front		Pok_mon_Theta_Emerald__Fanart_-_Box_-_Front____00206a42-a41d-462c-a8c5-f8bc5de9823c.png
IMG	Pokémon Theta Emerald	Nintendo Game Boy Advance	Fanart - Box - Front	North America	Pok_mon_Theta_Emerald__Fanart_-_Box_-_Front__North_America__r2_6b3a0bbd-794e-488a-befc-b87c2ab1ac27.png
IMG	Pokémon XY Naturia Version	Nintendo Game Boy Color	Box - Front	United States	Pok_mon_XY_Naturia_Version__Box_-_Front__United_States__306a782e-edd9-47f7-815e-8fab76fb29bd.jpg
IMG	Pokémon XY Naturia Version	Nintendo Game Boy Color	Box - Front	North America	Pok_mon_XY_Naturia_Version__Box_-_Front__North_America__611ee651-722d-4c0f-92ea-740c1b2a815b.jpg
IMG	Pokémon XY Naturia Version	Nintendo Game Boy Color	Screenshot - Gameplay	North America	Pok_mon_XY_Naturia_Version__Screenshot_-_Gameplay__North_America__2bbafd40-2697-4b9b-9738-696bb135a577.png
IMG	Pokémon XY Naturia Version	Nintendo Game Boy Color	Screenshot - Gameplay	United States	Pok_mon_XY_Naturia_Version__Screenshot_-_Gameplay__United_States__49d64cd9-e595-42c6-a47a-1446c698d8d7.png
IMG	Pokémon Dark Energy	Nintendo Game Boy Color	Box - Front	World	Pok_mon_Dark_Energy__Box_-_Front__World__0a5ee0e7-a669-4753-b0eb-07c86025fd15.jpg
IMG	Pokémon Dark Energy	Nintendo Game Boy Color	Clear Logo		Pok_mon_Dark_Energy__Clear_Logo____39bd0bd4-3e02-4f83-be00-f31834b79c41.png
IMG	Pokémon Dark Energy	Nintendo Game Boy Color	Screenshot - Gameplay	World	Pok_mon_Dark_Energy__Screenshot_-_Gameplay__World__r2_b88e2fbc-1c59-41c5-a5e7-09fea5e75fae.png
IMG	Pokémon Dark Energy	Nintendo Game Boy Color	Screenshot - Gameplay	World	Pok_mon_Dark_Energy__Screenshot_-_Gameplay__World__r2_6770e3c6-490a-47b9-9cb5-e01270de37af.png
IMG	Pokémon Dark Energy	Nintendo Game Boy Color	Screenshot - Gameplay	World	Pok_mon_Dark_Energy__Screenshot_-_Gameplay__World__r2_0c064018-7083-4076-88d9-e2bfc12f6628.png
IMG	Pokémon Dark Energy	Nintendo Game Boy Color	Screenshot - Gameplay	World	Pok_mon_Dark_Energy__Screenshot_-_Gameplay__World__r2_02270f53-1229-4c86-9273-c9cca86223b0.png
IMG	Pokémon Dark Energy	Nintendo Game Boy Color	Screenshot - Gameplay	World	Pok_mon_Dark_Energy__Screenshot_-_Gameplay__World__r2_0d8a7a66-6b82-471f-a5d8-fefd6f7deeea.png
IMG	Pokémon Dark Energy	Nintendo Game Boy Color	Screenshot - Game Title	World	Pok_mon_Dark_Energy__Screenshot_-_Game_Title__World__b71bc76d-c084-46c5-942e-8d33cf4e6b85.png
IMG	Pokémon Sweet: 2th Edition	Nintendo Game Boy Advance	Box - Front	World	Pok_mon_Sweet_2th_Edition__Box_-_Front__World__0e081f0e-f021-47d7-b36a-d4b277e10edb.jpg
IMG	Pokémon Sweet: 2th Edition	Nintendo Game Boy Advance	Screenshot - Game Title		Pok_mon_Sweet_2th_Edition__Screenshot_-_Game_Title____b92a4d98-5ce0-46c2-aaa1-82d1bd358204.png
IMG	Pokémon Dragon Ball Z Team Training	Nintendo Game Boy Advance	Box - Front	World	Pok_mon_Dragon_Ball_Z_Team_Training__Box_-_Front__World__b3e31b72-15e3-4826-8994-275afd35447e.jpg
IMG	Pokémon Dragon Ball Z Team Training	Nintendo Game Boy Advance	Cart - Front		Pok_mon_Dragon_Ball_Z_Team_Training__Cart_-_Front____9a6f32e0-1484-4b95-9a0d-cba47dabea40.jpg
IMG	Pokémon Dragon Ball Z Team Training	Nintendo Game Boy Advance	Clear Logo		Pok_mon_Dragon_Ball_Z_Team_Training__Clear_Logo____c9265192-023e-4ab4-9cf0-9a36471a1b92.png
IMG	Pokémon Dragon Ball Z Team Training	Nintendo Game Boy Advance	Screenshot - Gameplay	United States	Pok_mon_Dragon_Ball_Z_Team_Training__Screenshot_-_Gameplay__United_States__22460b3f-826b-42f5-99a0-cb0fba6ac035.png
IMG	Pokémon Dragon Ball Z Team Training	Nintendo Game Boy Advance	Screenshot - Gameplay	United States	Pok_mon_Dragon_Ball_Z_Team_Training__Screenshot_-_Gameplay__United_States__d95091c5-155f-4ddb-be5a-7650a0759248.png
IMG	Pokémon Dragon Ball Z Team Training	Nintendo Game Boy Advance	Screenshot - Gameplay		Pok_mon_Dragon_Ball_Z_Team_Training__Screenshot_-_Gameplay____bf8d1ea7-f3e2-49aa-a2d9-20d1f3ae48ed.png
IMG	Pokémon Dragon Ball Z Team Training	Nintendo Game Boy Advance	Screenshot - Gameplay		Pok_mon_Dragon_Ball_Z_Team_Training__Screenshot_-_Gameplay____8f677d48-f993-4a8e-9295-3683bbf02942.jpg
IMG	Pokémon Dragon Ball Z Team Training	Nintendo Game Boy Advance	Screenshot - Gameplay		Pok_mon_Dragon_Ball_Z_Team_Training__Screenshot_-_Gameplay____61288d66-260d-4950-839d-b71210b2c4c9.png
IMG	Pokémon Dragon Ball Z Team Training	Nintendo Game Boy Advance	Screenshot - Game Title	United States	Pok_mon_Dragon_Ball_Z_Team_Training__Screenshot_-_Game_Title__United_States__dd5b6c62-4754-4e2b-947f-7ee4bedbaab3.png
IMG	Pokémon Polished Crystal	Nintendo Game Boy Color	Box - Front	World	Pok_mon_Polished_Crystal__Box_-_Front__World__587823e1-b73c-40c9-bd72-c3a9b42be5e3.jpg
IMG	Pokémon Polished Crystal	Nintendo Game Boy Color	Box - Front	North America	Pok_mon_Polished_Crystal__Box_-_Front__North_America__a787eda0-feb5-4479-adfa-b8c406c12373.jpg
IMG	Pokémon Polished Crystal	Nintendo Game Boy Color	Clear Logo	World	Pok_mon_Polished_Crystal__Clear_Logo__World__r2_8959b823-b9ae-4adc-af86-8ca8e0254de1.png
IMG	Pokémon Polished Crystal	Nintendo Game Boy Color	Fanart - Background	World	Pok_mon_Polished_Crystal__Fanart_-_Background__World__r2_cd923d0d-e96f-433a-9c28-7331cc24dc26.jpg
IMG	Pokémon Polished Crystal	Nintendo Game Boy Color	Screenshot - Game Over	World	Pok_mon_Polished_Crystal__Screenshot_-_Game_Over__World__r2_fadce3c0-8e27-4d15-a513-2cae38d540e9.png
IMG	Pokémon Pink	Nintendo Game Boy Color	Cart - Front	World	Pok_mon_Pink__Cart_-_Front__World__a3f4d20c-01d4-430f-aa6d-7e1a9a0782f4.png
IMG	Pokémon Pink	Nintendo Game Boy Color	Fanart - Box - Front		Pok_mon_Pink__Fanart_-_Box_-_Front____3bc528e0-9ae5-4783-b80b-4c71c98016b1.png
IMG	Pokémon Pink	Nintendo Game Boy Color	Screenshot - Gameplay		Pok_mon_Pink__Screenshot_-_Gameplay____bb15f71d-1c11-40d7-8764-eb85ce7d62c4.png
IMG	Pokémon Pink	Nintendo Game Boy Color	Screenshot - Gameplay		Pok_mon_Pink__Screenshot_-_Gameplay____4b1e9b1a-5920-4dcb-9392-7bba46747105.png
IMG	Pokémon Pink	Nintendo Game Boy Color	Screenshot - Gameplay		Pok_mon_Pink__Screenshot_-_Gameplay____82e45559-3423-4e01-8aa2-92cd4492278d.png
IMG	Pokémon Sienna Version	Nintendo Game Boy Advance	Box - Front	World	Pok_mon_Sienna_Version__Box_-_Front__World__f267be28-7292-4202-9029-39a1d43fce86.jpg
IMG	Pokémon Sienna Version	Nintendo Game Boy Advance	Clear Logo	World	Pok_mon_Sienna_Version__Clear_Logo__World__552274d6-a8a9-4bb0-b975-a55a1923a61d.png
IMG	Pokémon Apollo	Nintendo Game Boy Advance	Box - Front	World	Pok_mon_Apollo__Box_-_Front__World__335875f1-3ddb-41f7-b035-94cc88f56d2a.png
IMG	Pokémon: Edición Chileno	Nintendo Game Boy Advance	Banner	World	Pok_mon_Edici_n_Chileno__Banner__World__a3c8e70c-972b-4d9a-b4a9-ce23cccdb3a4.jpg
IMG	Pokémon: Edición Chileno	Nintendo Game Boy Advance	Box - Front - Reconstructed	World	Pok_mon_Edici_n_Chileno__Box_-_Front_-_Reconstructed__World__f67fdde5-7310-4261-a772-987191bc5882.jpg
IMG	Pokémon: Edición Chileno	Nintendo Game Boy Advance	Fanart - Box - Front	South America	Pok_mon_Edici_n_Chileno__Fanart_-_Box_-_Front__South_America__66953f55-e155-45e2-90c1-74d182c2ddb4.png
IMG	Pokémon: Edición Chileno	Nintendo Game Boy Advance	Screenshot - Game Over	South America	Pok_mon_Edici_n_Chileno__Screenshot_-_Game_Over__South_America__ab032f38-8945-4cf2-a568-c38d53202197.jpg
IMG	Pokémon: Edición Chileno	Nintendo Game Boy Advance	Screenshot - Gameplay	South America	Pok_mon_Edici_n_Chileno__Screenshot_-_Gameplay__South_America__863d3062-2c14-45f8-a7e3-d7548e5ddeca.jpg
IMG	Pokémon: Edición Chileno	Nintendo Game Boy Advance	Screenshot - Gameplay	South America	Pok_mon_Edici_n_Chileno__Screenshot_-_Gameplay__South_America__109aa7c0-20af-4f58-9b40-aebb70e75e0c.jpg
IMG	Pokémon: Edición Chileno	Nintendo Game Boy Advance	Screenshot - Game Title		Pok_mon_Edici_n_Chileno__Screenshot_-_Game_Title____fc85f88a-2b6e-4e97-bc51-a3182ee1ff41.png
IMG	Pokémon Mega Fire Red	Nintendo Game Boy Advance	Box - Front	World	Pok_mon_Mega_Fire_Red__Box_-_Front__World__6208f66c-6b57-4b3f-ad7f-523998c74825.jpg
IMG	Pokémon Gaia	Nintendo Game Boy Advance	Box - Front	North America	Pok_mon_Gaia__Box_-_Front__North_America__1cb3de09-830e-4b30-bc4c-04e206612148.jpg
IMG	Pokémon Gaia	Nintendo Game Boy Advance	Box - Front - Reconstructed	World	Pok_mon_Gaia__Box_-_Front_-_Reconstructed__World__7a22d6ce-6e8c-4e22-8bbd-3386deffbce4.png
IMG	Pokémon Gaia	Nintendo Game Boy Advance	Cart - Front	World	Pok_mon_Gaia__Cart_-_Front__World__d8ff5325-1612-4b9f-9ec6-5d5561c67565.png
IMG	Pokémon Gaia	Nintendo Game Boy Advance	Cart - Front	World	Pok_mon_Gaia__Cart_-_Front__World__r2_effc0ed3-20f7-4092-8270-356835e95c9b.png
IMG	Pokémon Gaia	Nintendo Game Boy Advance	Clear Logo	World	Pok_mon_Gaia__Clear_Logo__World__9983e86b-d476-47cd-979e-4fe22d29e35f.png
IMG	Pokémon Gaia	Nintendo Game Boy Advance	Fanart - Background	World	Pok_mon_Gaia__Fanart_-_Background__World__r2_e6c8b0a2-64fd-425f-84b9-07df61eccc91.jpg
IMG	Pokémon Gaia	Nintendo Game Boy Advance	Screenshot - Gameplay		Pok_mon_Gaia__Screenshot_-_Gameplay____595debea-7f05-41ce-9b2d-ace6fb53c8c8.png
IMG	Pokémon Gaia	Nintendo Game Boy Advance	Screenshot - Gameplay		Pok_mon_Gaia__Screenshot_-_Gameplay____900e902f-228e-4414-a348-5d37e6cae009.png
IMG	Pokémon Gaia	Nintendo Game Boy Advance	Screenshot - Gameplay		Pok_mon_Gaia__Screenshot_-_Gameplay____4fa6716b-cfd1-4a41-b678-126ec4e8f0d2.png
IMG	Pokémon Gaia	Nintendo Game Boy Advance	Screenshot - Gameplay		Pok_mon_Gaia__Screenshot_-_Gameplay____ae1d33e8-a582-41e0-9746-2a19efc3f51c.png
IMG	Pokémon Gaia	Nintendo Game Boy Advance	Screenshot - Gameplay		Pok_mon_Gaia__Screenshot_-_Gameplay____8c1e38db-ec77-442c-bd7b-e3feae7e3ec2.png
IMG	Pokémon Gaia	Nintendo Game Boy Advance	Screenshot - Gameplay		Pok_mon_Gaia__Screenshot_-_Gameplay____0ca30415-ca6a-4e1b-a63f-fd2b8bb2c183.png
IMG	Pokémon Gaia	Nintendo Game Boy Advance	Screenshot - Gameplay	World	Pok_mon_Gaia__Screenshot_-_Gameplay__World__7577cfbf-be00-4246-9895-231a058b2d8b.png
IMG	Pokémon Gaia	Nintendo Game Boy Advance	Screenshot - Gameplay		Pok_mon_Gaia__Screenshot_-_Gameplay____dec689e8-925a-477b-9bc9-d9793d6c1ebb.png
IMG	Pokémon Gaia	Nintendo Game Boy Advance	Screenshot - Gameplay		Pok_mon_Gaia__Screenshot_-_Gameplay____992e5bc6-da7f-4e66-a97f-6fbf6295fae2.png
IMG	Pokémon Gaia	Nintendo Game Boy Advance	Screenshot - Gameplay		Pok_mon_Gaia__Screenshot_-_Gameplay____2a8df1e3-22b9-4bf6-a3ea-f9851fb6367a.png
IMG	Pokémon Gaia	Nintendo Game Boy Advance	Screenshot - Gameplay		Pok_mon_Gaia__Screenshot_-_Gameplay____12c3b0da-810f-427e-b00d-df00ce9930aa.png
IMG	Pokémon Gaia	Nintendo Game Boy Advance	Screenshot - Gameplay		Pok_mon_Gaia__Screenshot_-_Gameplay____60ef7052-8457-4e3e-b79c-9b01b592df69.png
IMG	Pokémon Gaia	Nintendo Game Boy Advance	Screenshot - Game Title	World	Pok_mon_Gaia__Screenshot_-_Game_Title__World__ce54787b-ede9-40cb-8692-0e319f97aa70.png
IMG	Pokémon Life	Nintendo Game Boy Advance	Box - Front	World	Pok_mon_Life__Box_-_Front__World__6f3a3539-dd56-43db-9919-b5faef159f4e.png
IMG	Pokémon Life	Nintendo Game Boy Advance	Screenshot - Game Title	World	Pok_mon_Life__Screenshot_-_Game_Title__World__2a31aca3-d05a-4c0c-b7ba-b7b34b40faaf.png
IMG	Pokémon Crystal Clear	Nintendo Game Boy Color	Banner	World	Pok_mon_Crystal_Clear__Banner__World__15795561-6a26-4523-9df1-7cf3c9d1b97f.png
IMG	Pokémon Crystal Clear	Nintendo Game Boy Color	Box - 3D	World	Pok_mon_Crystal_Clear__Box_-_3D__World__53ab8cd8-ca59-476a-abf8-32067625a26b.png
IMG	Pokémon Crystal Clear	Nintendo Game Boy Color	Box - Front	World	Pok_mon_Crystal_Clear__Box_-_Front__World__4a709af8-4ae8-4644-99cd-3586ee801eca.png
IMG	Pokémon Crystal Clear	Nintendo Game Boy Color	Cart - Front	North America	Pok_mon_Crystal_Clear__Cart_-_Front__North_America__d1fe722d-524b-4fa2-b477-99104ae7cd5b.png
IMG	Pokémon Crystal Clear	Nintendo Game Boy Color	Clear Logo	World	Pok_mon_Crystal_Clear__Clear_Logo__World__cc307919-b671-4e8b-ae3c-080f93e209dd.png
IMG	Pokémon Crystal Clear	Nintendo Game Boy Color	Fanart - Box - Front	North America	Pok_mon_Crystal_Clear__Fanart_-_Box_-_Front__North_America__2ba7ba42-984f-4ef2-8f1c-29343024a873.png
IMG	Pokémon Crystal Clear	Nintendo Game Boy Color	Fanart - Box - Front	North America	Pok_mon_Crystal_Clear__Fanart_-_Box_-_Front__North_America__60d06358-1ef8-41b1-a103-f3402b766ab7.png
IMG	Pokémon Crystal Clear	Nintendo Game Boy Color	Fanart - Box - Front	World	Pok_mon_Crystal_Clear__Fanart_-_Box_-_Front__World__d635e617-fa4d-40af-a300-efe0e856dd74.png
IMG	Pokémon Crystal Clear	Nintendo Game Boy Color	Screenshot - Gameplay		Pok_mon_Crystal_Clear__Screenshot_-_Gameplay____2b9e8eee-1f3b-4811-b96e-b5b07bf2eb93.png
IMG	Pokémon Crystal Clear	Nintendo Game Boy Color	Screenshot - Gameplay		Pok_mon_Crystal_Clear__Screenshot_-_Gameplay____dfce946a-d1a0-4836-a4f5-39f0537ba34f.png
IMG	Pokémon Crystal Clear	Nintendo Game Boy Color	Screenshot - Gameplay		Pok_mon_Crystal_Clear__Screenshot_-_Gameplay____4304fe6c-da93-454f-a88c-0321c98c7dea.png
IMG	Pokémon Crystal Clear	Nintendo Game Boy Color	Screenshot - Gameplay		Pok_mon_Crystal_Clear__Screenshot_-_Gameplay____9331956c-cda7-4aac-b3d9-d021e08e217a.png
IMG	Pokémon Crystal Clear	Nintendo Game Boy Color	Screenshot - Gameplay		Pok_mon_Crystal_Clear__Screenshot_-_Gameplay____57684d7a-4440-4121-af8b-13561f6d8360.png
IMG	Pokémon Crystal Clear	Nintendo Game Boy Color	Screenshot - Gameplay		Pok_mon_Crystal_Clear__Screenshot_-_Gameplay____d565e24b-165d-478b-bf27-41d0029b354e.png
IMG	Pokémon Crystal Clear	Nintendo Game Boy Color	Screenshot - Game Title		Pok_mon_Crystal_Clear__Screenshot_-_Game_Title____889fc8ae-4045-465d-87a1-ac9d91f62aef.png
IMG	Pokémon Hoenn Adventures	Nintendo Game Boy Advance	Box - 3D	North America	Pok_mon_Hoenn_Adventures__Box_-_3D__North_America__54246532-c556-4356-beb0-629ccebe5892.png
IMG	Pokémon Hoenn Adventures	Nintendo Game Boy Advance	Box - Back - Reconstructed	North America	Pok_mon_Hoenn_Adventures__Box_-_Back_-_Reconstructed__North_America__85c49d48-b07f-4246-bd40-3e1ac69de08e.png
IMG	Pokémon Hoenn Adventures	Nintendo Game Boy Advance	Box - Front - Reconstructed	North America	Pok_mon_Hoenn_Adventures__Box_-_Front_-_Reconstructed__North_America__fa240222-6c96-4a0a-a569-4e597a18e59d.png
IMG	Pokémon Hoenn Adventures	Nintendo Game Boy Advance	Fanart - Background		Pok_mon_Hoenn_Adventures__Fanart_-_Background____9097817f-3650-48b1-8f81-87ca6874d7c2.png
IMG	Pokémon Hoenn Adventures	Nintendo Game Boy Advance	Fanart - Background		Pok_mon_Hoenn_Adventures__Fanart_-_Background____1227738e-4318-4e89-8183-b22cbb989712.png
IMG	Pokémon Jupiter	Nintendo Game Boy Advance	Box - Front	North America	Pok_mon_Jupiter__Box_-_Front__North_America__6c7c3b40-74c7-4c58-ae6f-807d13cf3e27.jpg
IMG	Pokémon Jupiter	Nintendo Game Boy Advance	Clear Logo	World	Pok_mon_Jupiter__Clear_Logo__World__8dfb56fb-457e-4a24-937a-d560a80dbe72.png
IMG	Pokémon Jupiter	Nintendo Game Boy Advance	Fanart - Background		Pok_mon_Jupiter__Fanart_-_Background____7952cc65-3cf8-4022-8791-285e5abfe4a4.jpg
IMG	Pokémon Jupiter	Nintendo Game Boy Advance	Screenshot - Gameplay	World	Pok_mon_Jupiter__Screenshot_-_Gameplay__World__f553d1b7-0f7c-4827-a6b5-acab58d81ad7.png
IMG	Pokémon Jupiter	Nintendo Game Boy Advance	Screenshot - Gameplay	World	Pok_mon_Jupiter__Screenshot_-_Gameplay__World__cdd07ab8-2d1b-4d2a-9a16-796d578071d0.png
IMG	Pokémon Jupiter	Nintendo Game Boy Advance	Screenshot - Game Title	World	Pok_mon_Jupiter__Screenshot_-_Game_Title__World__38da113b-5062-469d-b38b-f60372078310.png
IMG	Pokémon Korosu	Nintendo Game Boy Advance	Banner	United States	Pok_mon_Korosu__Banner__United_States__7c818761-4909-4971-8c1c-6bad40891ae9.png
IMG	Pokémon Korosu	Nintendo Game Boy Advance	Fanart - Background	United States	Pok_mon_Korosu__Fanart_-_Background__United_States__6a303f52-c0ed-4d12-81ca-beb7402612e8.jpg
IMG	Pokémon Korosu	Nintendo Game Boy Advance	Fanart - Box - Front	United States	Pok_mon_Korosu__Fanart_-_Box_-_Front__United_States__418de2ac-671b-400c-a02d-00acfa7ae3f5.jpg
IMG	Pokémon Korosu	Nintendo Game Boy Advance	Screenshot - Gameplay	United States	Pok_mon_Korosu__Screenshot_-_Gameplay__United_States__edc90150-f30b-4edc-a831-34905658a210.png
IMG	Pokémon Korosu	Nintendo Game Boy Advance	Screenshot - Game Title	United States	Pok_mon_Korosu__Screenshot_-_Game_Title__United_States__79b05ad7-006c-49f3-80d6-982c503a445e.png
IMG	Pokémon Eternal Snow	Nintendo Game Boy Advance	Fanart - Box - Front	North America	Pok_mon_Eternal_Snow__Fanart_-_Box_-_Front__North_America__94aa4876-b7e3-4475-8ea6-86f695bf82fc.png
IMG	Pokémon Eternal Snow	Nintendo Game Boy Advance	Screenshot - Gameplay	World	Pok_mon_Eternal_Snow__Screenshot_-_Gameplay__World__3e245ca4-8c9a-4237-b3d3-ba6500cef397.png
IMG	Pokémon Eternal Snow	Nintendo Game Boy Advance	Screenshot - Gameplay	World	Pok_mon_Eternal_Snow__Screenshot_-_Gameplay__World__7a32decb-b8cf-41b3-8fc1-0839e6a62c1d.png
IMG	Pokémon Eternal Snow	Nintendo Game Boy Advance	Screenshot - Game Title	World	Pok_mon_Eternal_Snow__Screenshot_-_Game_Title__World__a50a4ba0-1dc2-4988-ace6-529584b8999d.png
IMG	Pokémon Avventura a Fento	Nintendo Game Boy Advance	Clear Logo	Italy	Pok_mon_Avventura_a_Fento__Clear_Logo__Italy__cb3a7a53-3034-4582-b461-928352b692fb.jpg
IMG	Pokémon Gold Version (Spaceworld 1997 Demo)	Nintendo Game Boy	Box - Front	Japan	Pok_mon_Gold_Version_Spaceworld_1997_Demo___Box_-_Front__Japan__27adb39d-5273-42df-aecb-adf38fb4107c.jpg
IMG	Pokémon Gold Version (Spaceworld 1997 Demo)	Nintendo Game Boy	Clear Logo		Pok_mon_Gold_Version_Spaceworld_1997_Demo___Clear_Logo____42e30eb2-a8f2-4e8a-8822-a36e31f01363.png
IMG	Pokémon Gold Version (Spaceworld 1997 Demo)	Nintendo Game Boy	Screenshot - Gameplay	Japan	Pok_mon_Gold_Version_Spaceworld_1997_Demo___Screenshot_-_Gameplay__Japan__19e54cde-2b15-45d5-a5b7-25bcea896a4e.png
IMG	Pokémon Gold Version (Spaceworld 1997 Demo)	Nintendo Game Boy	Screenshot - Gameplay	Japan	Pok_mon_Gold_Version_Spaceworld_1997_Demo___Screenshot_-_Gameplay__Japan__18a87802-675b-49f0-a6cc-1e9e1def8cc2.png
IMG	Pokémon Gold Version (Spaceworld 1997 Demo)	Nintendo Game Boy	Screenshot - Game Title	Japan	Pok_mon_Gold_Version_Spaceworld_1997_Demo___Screenshot_-_Game_Title__Japan__d0afbe62-e9e9-45f2-b4e9-ecd9721d3e9c.png
IMG	Pokémon Liquid Crystal	Nintendo Game Boy Advance	Clear Logo	World	Pok_mon_Liquid_Crystal__Clear_Logo__World__de3f78f4-e4ef-4d79-be08-12da5aa81c7c.png
IMG	Pokémon Liquid Crystal	Nintendo Game Boy Advance	Fanart - Box - Back	World	Pok_mon_Liquid_Crystal__Fanart_-_Box_-_Back__World__r2_e32563c2-be83-4bd5-8945-a9dd9ec7d217.png
IMG	Pokémon Liquid Crystal	Nintendo Game Boy Advance	Fanart - Box - Front	World	Pok_mon_Liquid_Crystal__Fanart_-_Box_-_Front__World__0b9fa53c-38a5-406c-9a80-4e65630423fe.png
IMG	Pokémon Liquid Crystal	Nintendo Game Boy Advance	Fanart - Box - Front	North America	Pok_mon_Liquid_Crystal__Fanart_-_Box_-_Front__North_America__f9ed8658-e34d-4be4-99a2-2d9c30d71327.jpg
IMG	Pokémon Liquid Crystal	Nintendo Game Boy Advance	Fanart - Cart - Front	World	Pok_mon_Liquid_Crystal__Fanart_-_Cart_-_Front__World__r2_8285deb2-8bed-457d-a444-f8f1f9a554e9.png
IMG	Pokémon Liquid Crystal	Nintendo Game Boy Advance	Screenshot - Gameplay	World	Pok_mon_Liquid_Crystal__Screenshot_-_Gameplay__World__r2_12182534-7548-4fce-b0f2-db6a8bb1a64d.png
IMG	Pokémon Liquid Crystal	Nintendo Game Boy Advance	Screenshot - Gameplay		Pok_mon_Liquid_Crystal__Screenshot_-_Gameplay____fdd4d4ab-0285-435f-afd5-7db7e0a6df56.png
IMG	Pokémon Liquid Crystal	Nintendo Game Boy Advance	Screenshot - Game Title		Pok_mon_Liquid_Crystal__Screenshot_-_Game_Title____5162ddba-d3d6-40f0-9521-d27567300092.png
IMG	Pokémon Perfect Crystal	Nintendo Game Boy Color	Clear Logo		Pok_mon_Perfect_Crystal__Clear_Logo____bca08177-6854-4bcd-8d6d-506c60b4efe5.png
IMG	Pokémon Perfect Crystal	Nintendo Game Boy Color	Fanart - Box - Front	World	Pok_mon_Perfect_Crystal__Fanart_-_Box_-_Front__World__f565d7bd-d5ed-4255-83cf-1b341f875744.png
IMG	Pokémon Perfect Crystal	Nintendo Game Boy Color	Screenshot - Gameplay		Pok_mon_Perfect_Crystal__Screenshot_-_Gameplay____c997d238-4ae8-424f-b4ab-f42d1c8ed049.png
IMG	Pokémon Perfect Crystal	Nintendo Game Boy Color	Screenshot - Gameplay		Pok_mon_Perfect_Crystal__Screenshot_-_Gameplay____ac2825b5-9428-4bb3-9dbb-08fcad6ca932.png
IMG	Pokémon Perfect Crystal	Nintendo Game Boy Color	Screenshot - Game Title	North America	Pok_mon_Perfect_Crystal__Screenshot_-_Game_Title__North_America__75b1922a-1efc-485b-a3d9-97640046f8b1.png
IMG	Pokémon Bronze Version	Nintendo Game Boy Color	Clear Logo		Pok_mon_Bronze_Version__Clear_Logo____0ed0fa32-7f6a-406b-a946-7d98b124bfeb.png
IMG	Pokémon Bronze Version	Nintendo Game Boy Color	Fanart - Box - Front	World	Pok_mon_Bronze_Version__Fanart_-_Box_-_Front__World__fe3465bb-e130-4ef4-b330-eaed829bb899.jpg
IMG	Pokémon Bronze Version	Nintendo Game Boy Color	Screenshot - Gameplay		Pok_mon_Bronze_Version__Screenshot_-_Gameplay____cc6eb5df-7b7f-48f4-9318-12ecb5bcca8c.png
IMG	Pokémon Bronze Version	Nintendo Game Boy Color	Screenshot - Gameplay		Pok_mon_Bronze_Version__Screenshot_-_Gameplay____1c96a1d3-ba94-47c2-98de-d19e97a1a7e4.png
IMG	Pokémon Bronze Version	Nintendo Game Boy Color	Screenshot - Game Title	World	Pok_mon_Bronze_Version__Screenshot_-_Game_Title__World__6b8d03dc-4c94-4db8-868d-55f32142dfb1.png
IMG	Pokémon Emerald Enhanced	Nintendo Game Boy Advance	Box - Front	World	Pok_mon_Emerald_Enhanced__Box_-_Front__World__16752ee7-b5d2-4f77-8111-b88f00a497d2.png
IMG	Pokémon Emerald Enhanced	Nintendo Game Boy Advance	Clear Logo		Pok_mon_Emerald_Enhanced__Clear_Logo____4f7d0c5b-e363-4e1b-8138-2a8c75f19fd5.png
IMG	Pokémon Emerald Enhanced	Nintendo Game Boy Advance	Screenshot - Gameplay		Pok_mon_Emerald_Enhanced__Screenshot_-_Gameplay____c2aad60b-ea6c-4031-b449-a3ee4b6825fd.png
IMG	Pokémon Emerald Enhanced	Nintendo Game Boy Advance	Screenshot - Gameplay		Pok_mon_Emerald_Enhanced__Screenshot_-_Gameplay____e0622cf5-64fc-46b2-b2e9-83d30dc7cbdf.png
IMG	Pokémon Emerald Enhanced	Nintendo Game Boy Advance	Screenshot - Gameplay		Pok_mon_Emerald_Enhanced__Screenshot_-_Gameplay____94e61077-0cdd-41ad-b75f-76ff528e3760.png
IMG	Pokémon Emerald Enhanced	Nintendo Game Boy Advance	Screenshot - Gameplay		Pok_mon_Emerald_Enhanced__Screenshot_-_Gameplay____d486c159-1728-4d26-aab4-cd81afee921b.png
IMG	Pokémon Emerald Enhanced	Nintendo Game Boy Advance	Screenshot - Gameplay		Pok_mon_Emerald_Enhanced__Screenshot_-_Gameplay____fd090824-00e3-4cec-9475-cf4db70eb59b.png
IMG	Pokémon Emerald Enhanced	Nintendo Game Boy Advance	Screenshot - Gameplay		Pok_mon_Emerald_Enhanced__Screenshot_-_Gameplay____7c89b594-d9b6-48b7-aa71-2b60aa199c9d.png
IMG	Pokémon Emerald Enhanced	Nintendo Game Boy Advance	Screenshot - Gameplay		Pok_mon_Emerald_Enhanced__Screenshot_-_Gameplay____805ad220-0f95-431e-adf6-7848e25f1546.png
IMG	Pokémon Emerald Enhanced	Nintendo Game Boy Advance	Screenshot - Gameplay		Pok_mon_Emerald_Enhanced__Screenshot_-_Gameplay____86e359f4-2d71-45ab-b8d8-15f726febeb4.png
IMG	Pokémon Emerald Enhanced	Nintendo Game Boy Advance	Screenshot - Gameplay		Pok_mon_Emerald_Enhanced__Screenshot_-_Gameplay____7e3c688d-94b3-482e-bb16-4d44ad09c7ef.png
IMG	Pokémon Emerald Enhanced	Nintendo Game Boy Advance	Screenshot - Gameplay		Pok_mon_Emerald_Enhanced__Screenshot_-_Gameplay____f452d656-a75f-4a1a-9bfe-dda65bbda083.png
IMG	Pokémon Emerald Enhanced	Nintendo Game Boy Advance	Screenshot - Gameplay		Pok_mon_Emerald_Enhanced__Screenshot_-_Gameplay____b018b61c-a4fc-4bb1-a327-181ca1378e33.png
IMG	Pokémon Emerald Enhanced	Nintendo Game Boy Advance	Screenshot - Gameplay		Pok_mon_Emerald_Enhanced__Screenshot_-_Gameplay____5500c5e7-b4e1-4d11-bbe0-0a3659616afb.png
IMG	Pokémon Emerald Enhanced	Nintendo Game Boy Advance	Screenshot - Gameplay		Pok_mon_Emerald_Enhanced__Screenshot_-_Gameplay____377e7707-748a-4911-9c8c-6988844f704c.png
IMG	Pokémon Emerald Enhanced	Nintendo Game Boy Advance	Screenshot - Gameplay		Pok_mon_Emerald_Enhanced__Screenshot_-_Gameplay____546ee881-93e5-4951-a44a-2ffe88eadb66.png
IMG	Pokémon Emerald Enhanced	Nintendo Game Boy Advance	Screenshot - Gameplay		Pok_mon_Emerald_Enhanced__Screenshot_-_Gameplay____f5dc4060-abda-4dad-9cd2-3d38d0f64fd1.png
IMG	Pokémon Emerald Enhanced	Nintendo Game Boy Advance	Screenshot - Gameplay		Pok_mon_Emerald_Enhanced__Screenshot_-_Gameplay____f0f89a06-a36e-4200-b0e8-9512e175ed7e.png
IMG	Pokémon Emerald Enhanced	Nintendo Game Boy Advance	Screenshot - Gameplay		Pok_mon_Emerald_Enhanced__Screenshot_-_Gameplay____4a6944dd-ebc9-4d2e-9732-2b268b9b2a6e.png
IMG	Pokémon Emerald Enhanced	Nintendo Game Boy Advance	Screenshot - Gameplay		Pok_mon_Emerald_Enhanced__Screenshot_-_Gameplay____688e598d-04fc-492f-aa33-1c0a55040d5b.png
IMG	Pokémon Emerald Enhanced	Nintendo Game Boy Advance	Screenshot - Gameplay		Pok_mon_Emerald_Enhanced__Screenshot_-_Gameplay____7e215895-5cad-4b2f-b07b-a44f644883a5.png
IMG	Pokémon Emerald Enhanced	Nintendo Game Boy Advance	Screenshot - Gameplay		Pok_mon_Emerald_Enhanced__Screenshot_-_Gameplay____d8cf7b68-e894-40f7-8a6e-ceb002b68c52.png
IMG	Pokémon Emerald Enhanced	Nintendo Game Boy Advance	Screenshot - Gameplay		Pok_mon_Emerald_Enhanced__Screenshot_-_Gameplay____7f89988c-d767-4913-a8f2-d4a994139b7e.png
IMG	Pokémon Emerald Enhanced	Nintendo Game Boy Advance	Screenshot - Gameplay		Pok_mon_Emerald_Enhanced__Screenshot_-_Gameplay____b057056f-6687-4fb7-9285-b621d07dcef6.png
IMG	Pokémon Emerald Enhanced	Nintendo Game Boy Advance	Screenshot - Gameplay		Pok_mon_Emerald_Enhanced__Screenshot_-_Gameplay____dd577438-8304-489d-96c6-cb93708dd5d6.png
IMG	Pokémon Emerald Enhanced	Nintendo Game Boy Advance	Screenshot - Gameplay		Pok_mon_Emerald_Enhanced__Screenshot_-_Gameplay____97526c71-09e1-47cc-ba13-29fb3fbfc6ce.png
IMG	Pokémon Emerald Enhanced	Nintendo Game Boy Advance	Screenshot - Gameplay		Pok_mon_Emerald_Enhanced__Screenshot_-_Gameplay____cc7236a6-edae-4471-af0c-93b1512e6eee.png
IMG	Pokémon Emerald Enhanced	Nintendo Game Boy Advance	Screenshot - Gameplay		Pok_mon_Emerald_Enhanced__Screenshot_-_Gameplay____229a6edd-9b93-4731-9615-c9d2491e0cc0.png
IMG	Pokémon Emerald Enhanced	Nintendo Game Boy Advance	Screenshot - Gameplay		Pok_mon_Emerald_Enhanced__Screenshot_-_Gameplay____a6ced77e-45b9-4867-948b-69e7ab6c93d7.png
IMG	Pokémon Emerald Enhanced	Nintendo Game Boy Advance	Screenshot - Gameplay		Pok_mon_Emerald_Enhanced__Screenshot_-_Gameplay____8663aa1f-7516-4e1a-8ec2-78aba2cf5081.png
IMG	Pokémon Emerald Enhanced	Nintendo Game Boy Advance	Screenshot - Gameplay		Pok_mon_Emerald_Enhanced__Screenshot_-_Gameplay____fac17e50-df98-4478-8029-b99c653fd99a.png
IMG	Pokémon Emerald Enhanced	Nintendo Game Boy Advance	Screenshot - Gameplay		Pok_mon_Emerald_Enhanced__Screenshot_-_Gameplay____e92ca105-92ca-4ee2-b383-764c8345e899.png
IMG	Pokémon Emerald Enhanced	Nintendo Game Boy Advance	Screenshot - Gameplay		Pok_mon_Emerald_Enhanced__Screenshot_-_Gameplay____85e1c42a-e3bf-45dc-a800-d4e7695ced89.png
IMG	Pokémon Emerald Enhanced	Nintendo Game Boy Advance	Screenshot - Gameplay		Pok_mon_Emerald_Enhanced__Screenshot_-_Gameplay____db0de97b-200b-4c40-bd8b-751b89b545a3.png
IMG	Pokémon Emerald Enhanced	Nintendo Game Boy Advance	Screenshot - Gameplay		Pok_mon_Emerald_Enhanced__Screenshot_-_Gameplay____24ecf17d-434c-4633-85cd-b6e5f696a3cf.png
IMG	Pokémon Emerald Enhanced	Nintendo Game Boy Advance	Screenshot - Gameplay		Pok_mon_Emerald_Enhanced__Screenshot_-_Gameplay____0db58670-548c-4d64-b282-c06fbce6c2ca.png
IMG	Pokémon Emerald Enhanced	Nintendo Game Boy Advance	Screenshot - Game Select		Pok_mon_Emerald_Enhanced__Screenshot_-_Game_Select____0b3701ed-362e-4719-851f-de5dc10e3eee.png
IMG	Pokémon Emerald Enhanced	Nintendo Game Boy Advance	Screenshot - Game Title		Pok_mon_Emerald_Enhanced__Screenshot_-_Game_Title____becd08fb-ae3e-4110-82e2-e6ca20d660d4.png
IMG	Pokémon Mirage of Tales	Nintendo Game Boy Advance	Box - Front	North America	Pok_mon_Mirage_of_Tales__Box_-_Front__North_America__eac8f777-28cb-4a0e-bc4d-06dfa7f7161a.jpg
IMG	Pokémon Mirage of Tales	Nintendo Game Boy Advance	Screenshot - Gameplay		Pok_mon_Mirage_of_Tales__Screenshot_-_Gameplay____aaf005db-e36b-4821-a25d-c7e2c3b52165.png
IMG	Pokémon Super Rising Thunder	Nintendo Game Boy Advance	Box - Front	North America	Pok_mon_Super_Rising_Thunder__Box_-_Front__North_America__b637dd9d-3ade-42f7-a661-451877838095.jpg
IMG	Pokémon Super Rising Thunder	Nintendo Game Boy Advance	Screenshot - Gameplay		Pok_mon_Super_Rising_Thunder__Screenshot_-_Gameplay____31fe3fc4-c52d-4d8d-bacb-93ae3bee9a7f.png
IMG	Pokémon Super Rising Thunder	Nintendo Game Boy Advance	Screenshot - Gameplay		Pok_mon_Super_Rising_Thunder__Screenshot_-_Gameplay____dd4a3f7d-8de9-4096-98c1-f1c8730bebe6.png
IMG	Pokémon Super Rising Thunder	Nintendo Game Boy Advance	Screenshot - Gameplay		Pok_mon_Super_Rising_Thunder__Screenshot_-_Gameplay____9bcceeee-42e3-44da-8957-0235a14ff02c.png
IMG	Pokémon Super Rising Thunder	Nintendo Game Boy Advance	Screenshot - Game Title		Pok_mon_Super_Rising_Thunder__Screenshot_-_Game_Title____fd2fccd6-2906-4ad9-8f8f-b1ebefd25615.png
IMG	Bag Monster Ultimate Collector’s Edition	Nintendo Game Boy Advance	Screenshot - Gameplay	North America	Bag_Monster_Ultimate_Collector_s_Edition__Screenshot_-_Gameplay__North_America__4fec296b-cb1c-42d3-81dd-a8456068e1b0.png
IMG	Bag Monster Ultimate Collector’s Edition	Nintendo Game Boy Advance	Screenshot - Gameplay		Bag_Monster_Ultimate_Collector_s_Edition__Screenshot_-_Gameplay____cbfdbf72-67ac-4337-be46-54c5a84318ce.png
IMG	Bag Monster Ultimate Collector’s Edition	Nintendo Game Boy Advance	Screenshot - Gameplay	North America	Bag_Monster_Ultimate_Collector_s_Edition__Screenshot_-_Gameplay__North_America__4d0eaa9b-00e6-43d6-b4ff-4fa40791921e.png
IMG	Bag Monster Ultimate Collector’s Edition	Nintendo Game Boy Advance	Screenshot - Game Title	North America	Bag_Monster_Ultimate_Collector_s_Edition__Screenshot_-_Game_Title__North_America__1bc12658-b51e-4e2d-90cc-3e096d0ebdfe.png
IMG	Pokémon: Fire Red 20XX	Nintendo Game Boy Advance	Screenshot - Gameplay	North America	Pok_mon_Fire_Red_20XX__Screenshot_-_Gameplay__North_America__5adc78bb-87ed-4b1c-b2b4-c09484aa652a.png
IMG	Pokémon: Fire Red 20XX	Nintendo Game Boy Advance	Screenshot - Gameplay	North America	Pok_mon_Fire_Red_20XX__Screenshot_-_Gameplay__North_America__c870c004-fd39-4bb1-a355-393186176b27.png
IMG	Pokémon: Fire Red 20XX	Nintendo Game Boy Advance	Screenshot - Gameplay	North America	Pok_mon_Fire_Red_20XX__Screenshot_-_Gameplay__North_America__a3f8f4a6-980d-4fc7-bddf-d41b7ce57488.png
IMG	Pokémon: Fire Red 20XX	Nintendo Game Boy Advance	Screenshot - Gameplay	North America	Pok_mon_Fire_Red_20XX__Screenshot_-_Gameplay__North_America__3940ff50-355b-425c-b434-d4fa85fb7890.png
IMG	Pokémon: Fire Red 20XX	Nintendo Game Boy Advance	Screenshot - Game Title	North America	Pok_mon_Fire_Red_20XX__Screenshot_-_Game_Title__North_America__17175484-eae6-4b5e-b780-a23287681cc2.png
IMG	Pokémon: Mirage of Tales The Ages of Faith	Nintendo Game Boy Advance	Screenshot - Gameplay	World	Pok_mon_Mirage_of_Tales_The_Ages_of_Faith__Screenshot_-_Gameplay__World__102d1c9a-34e9-4a08-bc7c-64e35b29d99b.png
IMG	Pokémon: Mirage of Tales The Ages of Faith	Nintendo Game Boy Advance	Screenshot - Gameplay	World	Pok_mon_Mirage_of_Tales_The_Ages_of_Faith__Screenshot_-_Gameplay__World__c7c566e3-21be-422c-bd4f-52fe333c3d80.png
IMG	Pokémon: Mirage of Tales The Ages of Faith	Nintendo Game Boy Advance	Screenshot - Gameplay	World	Pok_mon_Mirage_of_Tales_The_Ages_of_Faith__Screenshot_-_Gameplay__World__9856bd03-741c-4e79-9a56-352a9551bab3.png
IMG	Pokémon: Mirage of Tales The Ages of Faith	Nintendo Game Boy Advance	Screenshot - Gameplay	World	Pok_mon_Mirage_of_Tales_The_Ages_of_Faith__Screenshot_-_Gameplay__World__c991b1e6-e533-46db-87d4-9194c9e62241.png
IMG	Pokémon: Mirage of Tales The Ages of Faith	Nintendo Game Boy Advance	Screenshot - Gameplay	World	Pok_mon_Mirage_of_Tales_The_Ages_of_Faith__Screenshot_-_Gameplay__World__d1bdbbf7-824e-4da6-a0a3-f7db7fdc246f.png
IMG	Pokémon: Mirage of Tales The Ages of Faith	Nintendo Game Boy Advance	Screenshot - Gameplay	World	Pok_mon_Mirage_of_Tales_The_Ages_of_Faith__Screenshot_-_Gameplay__World__051f6a14-c225-43d1-bfd9-61b24c53ad18.png
IMG	Pokémon: Mirage of Tales The Ages of Faith	Nintendo Game Boy Advance	Screenshot - Gameplay	World	Pok_mon_Mirage_of_Tales_The_Ages_of_Faith__Screenshot_-_Gameplay__World__4f6c9ee2-5158-493b-bb6b-6e886a916e9b.png
IMG	Pokémon: Mirage of Tales The Ages of Faith	Nintendo Game Boy Advance	Screenshot - Gameplay	World	Pok_mon_Mirage_of_Tales_The_Ages_of_Faith__Screenshot_-_Gameplay__World__ec5e8c14-ea97-42cf-bd16-5e57c9a79636.png
IMG	Pokémon: Mirage of Tales The Ages of Faith	Nintendo Game Boy Advance	Screenshot - Gameplay	World	Pok_mon_Mirage_of_Tales_The_Ages_of_Faith__Screenshot_-_Gameplay__World__79a88c9d-661e-4e72-bf53-f5fdf6ec898d.png
IMG	Pokémon: Mirage of Tales The Ages of Faith	Nintendo Game Boy Advance	Screenshot - Gameplay	World	Pok_mon_Mirage_of_Tales_The_Ages_of_Faith__Screenshot_-_Gameplay__World__f130d88a-1e4e-4363-8bdb-c91054388e55.png
IMG	Pokémon: Mirage of Tales The Ages of Faith	Nintendo Game Boy Advance	Screenshot - Gameplay	World	Pok_mon_Mirage_of_Tales_The_Ages_of_Faith__Screenshot_-_Gameplay__World__3471efe2-1613-40c9-bb54-deed1235ee0d.png
IMG	Pokémon: Mirage of Tales The Ages of Faith	Nintendo Game Boy Advance	Screenshot - Gameplay	World	Pok_mon_Mirage_of_Tales_The_Ages_of_Faith__Screenshot_-_Gameplay__World__3c85c923-ac5b-4fcc-8d63-82320dede693.png
IMG	Pokémon: Mirage of Tales The Ages of Faith	Nintendo Game Boy Advance	Screenshot - Gameplay	World	Pok_mon_Mirage_of_Tales_The_Ages_of_Faith__Screenshot_-_Gameplay__World__f854a9ea-aa19-4257-aefe-164d83780f88.png
IMG	Pokémon: Mirage of Tales The Ages of Faith	Nintendo Game Boy Advance	Screenshot - Gameplay	World	Pok_mon_Mirage_of_Tales_The_Ages_of_Faith__Screenshot_-_Gameplay__World__c45b318b-e6d4-49e0-9cb3-1a4f3677626f.png
IMG	Pokémon: Mirage of Tales The Ages of Faith	Nintendo Game Boy Advance	Screenshot - Gameplay	World	Pok_mon_Mirage_of_Tales_The_Ages_of_Faith__Screenshot_-_Gameplay__World__23bd5ffd-7185-49ce-91dd-5699debf0538.png
IMG	Pokémon: Mirage of Tales The Ages of Faith	Nintendo Game Boy Advance	Screenshot - Game Title	World	Pok_mon_Mirage_of_Tales_The_Ages_of_Faith__Screenshot_-_Game_Title__World__eb6eb38e-9e94-44ad-ae46-a1ee344e0bab.png
IMG	Pokémon Orange Islands	Nintendo Game Boy Advance	Banner		Pok_mon_Orange_Islands__Banner____496f3179-988c-4d55-815a-15808300eb18.png
IMG	Pokémon Orange Islands	Nintendo Game Boy Advance	Box - 3D	North America	Pok_mon_Orange_Islands__Box_-_3D__North_America__67a563d6-4f24-4434-9397-9229499410e7.png
IMG	Pokémon Orange Islands	Nintendo Game Boy Advance	Box - 3D	World	Pok_mon_Orange_Islands__Box_-_3D__World__90510a04-2522-4234-922c-87b10ad8eddf.png
IMG	Pokémon Orange Islands	Nintendo Game Boy Advance	Box - Back	World	Pok_mon_Orange_Islands__Box_-_Back__World__6179b944-f41b-42c3-8bf3-dabd018b486e.png
IMG	Pokémon Orange Islands	Nintendo Game Boy Advance	Box - Front	North America	Pok_mon_Orange_Islands__Box_-_Front__North_America__9da06ff6-8a6b-41e8-a167-a8652de97782.png
IMG	Pokémon Orange Islands	Nintendo Game Boy Advance	Box - Front	World	Pok_mon_Orange_Islands__Box_-_Front__World__c2ec623d-e643-4da7-996a-34a89a964bf6.png
IMG	Pokémon Orange Islands	Nintendo Game Boy Advance	Cart - Front	World	Pok_mon_Orange_Islands__Cart_-_Front__World__6d684125-197f-4b51-b8e9-6495652a23e8.png
IMG	Pokémon Orange Islands	Nintendo Game Boy Advance	Clear Logo	World	Pok_mon_Orange_Islands__Clear_Logo__World__a9378409-31f4-49d5-8efd-d3f4e596d04e.png
IMG	Pokémon Orange Islands	Nintendo Game Boy Advance	Clear Logo	World	Pok_mon_Orange_Islands__Clear_Logo__World__18640a69-f058-40c6-8fdf-648efc48f3a3.png
IMG	Pokémon Orange Islands	Nintendo Game Boy Advance	Fanart - Background	World	Pok_mon_Orange_Islands__Fanart_-_Background__World__8aaad346-3434-453c-b0fa-46747c63b499.jpg
IMG	Pokémon Orange Islands	Nintendo Game Boy Advance	Screenshot - Gameplay		Pok_mon_Orange_Islands__Screenshot_-_Gameplay____7c1ce87c-fb5a-4dde-959b-6930b0fbff3e.png
IMG	Pokémon Orange Islands	Nintendo Game Boy Advance	Screenshot - Gameplay		Pok_mon_Orange_Islands__Screenshot_-_Gameplay____d2a98e6b-0f0b-485f-815f-b795cf686d72.png
IMG	Pokémon Orange Islands	Nintendo Game Boy Advance	Screenshot - Gameplay		Pok_mon_Orange_Islands__Screenshot_-_Gameplay____85a8e847-049a-4eef-be9d-ae01d4cf4a8e.png
IMG	Pokémon Orange Islands	Nintendo Game Boy Advance	Screenshot - Gameplay		Pok_mon_Orange_Islands__Screenshot_-_Gameplay____25c28d88-a60a-4725-9095-57090e3eac7b.png
IMG	Pokémon Orange Islands	Nintendo Game Boy Advance	Screenshot - Gameplay		Pok_mon_Orange_Islands__Screenshot_-_Gameplay____e882a831-8304-4ad1-b656-82f7093b1d2b.png
IMG	Pokémon Orange Islands	Nintendo Game Boy Advance	Screenshot - Gameplay		Pok_mon_Orange_Islands__Screenshot_-_Gameplay____d1bd9d7e-f59b-464f-b4ce-435250af360b.png
IMG	Pokémon Orange Islands	Nintendo Game Boy Advance	Screenshot - Gameplay		Pok_mon_Orange_Islands__Screenshot_-_Gameplay____fd96ab53-985f-4509-b7de-3e30305bbcfe.png
IMG	Pokémon Orange Islands	Nintendo Game Boy Advance	Screenshot - Gameplay		Pok_mon_Orange_Islands__Screenshot_-_Gameplay____c4be822a-d71d-4c54-849b-e2f8a72ee59f.png
IMG	Pokémon Orange Islands	Nintendo Game Boy Advance	Screenshot - Gameplay		Pok_mon_Orange_Islands__Screenshot_-_Gameplay____e97b9c8c-aea5-42c5-8377-eee11d41638a.png
IMG	Pokémon Orange Islands	Nintendo Game Boy Advance	Screenshot - Gameplay		Pok_mon_Orange_Islands__Screenshot_-_Gameplay____e8d6958b-329d-4c18-bc33-d54597ca78f5.png
IMG	Pokémon Orange Islands	Nintendo Game Boy Advance	Screenshot - Gameplay		Pok_mon_Orange_Islands__Screenshot_-_Gameplay____5950047e-4efd-4da5-ba05-9d5abbddbf43.png
IMG	Pokémon Orange Islands	Nintendo Game Boy Advance	Screenshot - Gameplay		Pok_mon_Orange_Islands__Screenshot_-_Gameplay____e9d67594-4f7a-4dbc-b8ea-4bb7a3a8fae2.png
IMG	Pokémon Orange Islands	Nintendo Game Boy Advance	Screenshot - Gameplay		Pok_mon_Orange_Islands__Screenshot_-_Gameplay____ca370016-3b6a-43cf-9988-970f8f0aab7c.png
IMG	Pokémon Orange Islands	Nintendo Game Boy Advance	Screenshot - Gameplay		Pok_mon_Orange_Islands__Screenshot_-_Gameplay____ee1d5524-0bf9-4a6e-923d-1b6a9e9e8f10.png
IMG	Pokémon Orange Islands	Nintendo Game Boy Advance	Screenshot - Gameplay		Pok_mon_Orange_Islands__Screenshot_-_Gameplay____71ffa097-ff62-413c-a54e-90efce306749.png
IMG	Pokémon Orange Islands	Nintendo Game Boy Advance	Screenshot - Game Title	World	Pok_mon_Orange_Islands__Screenshot_-_Game_Title__World__bb034ba7-0247-4f59-9810-43006a9f91ac.png
IMG	Pokémon Chronicles of Soala	Nintendo Game Boy Advance	Box - Front	World	Pok_mon_Chronicles_of_Soala__Box_-_Front__World__7cb7733b-f520-4744-b2a6-f88660906f52.png
IMG	Pokémon Chronicles of Soala	Nintendo Game Boy Advance	Screenshot - Gameplay		Pok_mon_Chronicles_of_Soala__Screenshot_-_Gameplay____63e2379d-8b4c-441f-9d8e-3c5f9c9221c6.png
IMG	Pokémon Chronicles of Soala	Nintendo Game Boy Advance	Screenshot - Gameplay		Pok_mon_Chronicles_of_Soala__Screenshot_-_Gameplay____55d29c46-8b04-4c2c-9dde-ed330ca0be4c.png
IMG	Pokémon Chronicles of Soala	Nintendo Game Boy Advance	Screenshot - Gameplay		Pok_mon_Chronicles_of_Soala__Screenshot_-_Gameplay____c04b42e7-b73d-41c6-8c54-ffcdc572d7e5.png
IMG	Pokémon Chronicles of Soala	Nintendo Game Boy Advance	Screenshot - Gameplay		Pok_mon_Chronicles_of_Soala__Screenshot_-_Gameplay____c2df1b5a-bce1-4b1a-b192-1c69f9184376.png
IMG	Pokémon Chronicles of Soala	Nintendo Game Boy Advance	Screenshot - Gameplay		Pok_mon_Chronicles_of_Soala__Screenshot_-_Gameplay____b4ddd730-03be-4173-91bc-adfac52365d7.png
IMG	Pokémon Chronicles of Soala	Nintendo Game Boy Advance	Screenshot - Gameplay		Pok_mon_Chronicles_of_Soala__Screenshot_-_Gameplay____61bee723-a095-4b4c-a9db-17c8d25872ab.png
IMG	Pokémon Chronicles of Soala	Nintendo Game Boy Advance	Screenshot - Gameplay		Pok_mon_Chronicles_of_Soala__Screenshot_-_Gameplay____33983c98-9e4d-494a-8023-3a829ec0b009.png
IMG	Pokémon Chronicles of Soala	Nintendo Game Boy Advance	Screenshot - Gameplay		Pok_mon_Chronicles_of_Soala__Screenshot_-_Gameplay____a34c81ef-219c-426d-af91-e6bb8f277353.png
IMG	Pokémon Chronicles of Soala	Nintendo Game Boy Advance	Screenshot - Gameplay		Pok_mon_Chronicles_of_Soala__Screenshot_-_Gameplay____abe4c765-92c0-4c88-a49b-55602fb791b1.png
IMG	Pokémon Chronicles of Soala	Nintendo Game Boy Advance	Screenshot - Gameplay		Pok_mon_Chronicles_of_Soala__Screenshot_-_Gameplay____86423d83-6e2d-48a8-b7e0-61d531b8ed54.png
IMG	Pokémon Chronicles of Soala	Nintendo Game Boy Advance	Screenshot - Gameplay		Pok_mon_Chronicles_of_Soala__Screenshot_-_Gameplay____0f9cb7b0-ab21-483c-84d3-29f337e0596a.png
IMG	Pokémon Chronicles of Soala	Nintendo Game Boy Advance	Screenshot - Gameplay		Pok_mon_Chronicles_of_Soala__Screenshot_-_Gameplay____4c2e7063-4d67-4317-9d67-7aaccbb52f1e.png
IMG	Pokémon Chronicles of Soala	Nintendo Game Boy Advance	Screenshot - Gameplay		Pok_mon_Chronicles_of_Soala__Screenshot_-_Gameplay____d72c94fa-1ac4-474d-be5e-67caf46003f8.png
IMG	Pokémon Chronicles of Soala	Nintendo Game Boy Advance	Screenshot - Gameplay		Pok_mon_Chronicles_of_Soala__Screenshot_-_Gameplay____a9a7c491-25bc-411d-833b-996cb0084b1f.png
IMG	Pokémon Chronicles of Soala	Nintendo Game Boy Advance	Screenshot - Gameplay		Pok_mon_Chronicles_of_Soala__Screenshot_-_Gameplay____052aafd9-67bc-4ec8-a540-51365f445cf2.png
IMG	Pokémon Chronicles of Soala	Nintendo Game Boy Advance	Screenshot - Gameplay		Pok_mon_Chronicles_of_Soala__Screenshot_-_Gameplay____f651ee00-e438-4464-87d5-c9531dd1176e.png
IMG	Pokémon Chronicles of Soala	Nintendo Game Boy Advance	Screenshot - Gameplay		Pok_mon_Chronicles_of_Soala__Screenshot_-_Gameplay____992e362d-a6c1-4b0c-ae83-b84beada8132.png
IMG	Pokémon Chronicles of Soala	Nintendo Game Boy Advance	Screenshot - Gameplay		Pok_mon_Chronicles_of_Soala__Screenshot_-_Gameplay____4da8a510-51bf-48e4-8350-b346d561d76e.png
IMG	Pokémon Shining Victory	Nintendo Game Boy Advance	Box - Front	World	Pok_mon_Shining_Victory__Box_-_Front__World__30e8551c-b099-4268-a73d-61239af87715.jpg
IMG	Pokémon Shining Victory	Nintendo Game Boy Advance	Screenshot - Gameplay		Pok_mon_Shining_Victory__Screenshot_-_Gameplay____faa8f1c2-0ec7-468a-bebb-c9ca117614bf.jpg
IMG	Pokémon Shining Victory	Nintendo Game Boy Advance	Screenshot - Gameplay		Pok_mon_Shining_Victory__Screenshot_-_Gameplay____53cb29c1-281e-49a5-b508-2d60812246f1.jpg
IMG	Pokémon Shining Victory	Nintendo Game Boy Advance	Screenshot - Gameplay		Pok_mon_Shining_Victory__Screenshot_-_Gameplay____67f89563-2033-4046-8549-480073ca02be.jpg
IMG	Pokémon Shining Victory	Nintendo Game Boy Advance	Screenshot - Gameplay		Pok_mon_Shining_Victory__Screenshot_-_Gameplay____dabfb58e-dad9-4f41-9d66-e3ae198e7531.jpg
IMG	Pokémon Shining Victory	Nintendo Game Boy Advance	Screenshot - Gameplay		Pok_mon_Shining_Victory__Screenshot_-_Gameplay____03479df0-d749-487a-bb13-f641e5348153.jpg
IMG	Pokémon Shining Victory	Nintendo Game Boy Advance	Screenshot - Gameplay		Pok_mon_Shining_Victory__Screenshot_-_Gameplay____3eb287d4-913e-4ab1-886d-5fee29317bc3.jpg
IMG	Pokémon Shining Victory	Nintendo Game Boy Advance	Screenshot - Game Title		Pok_mon_Shining_Victory__Screenshot_-_Game_Title____40d53d88-6028-4aec-88e6-2ed0a14f9d89.png
IMG	Pokémon Galacta	Nintendo Game Boy Advance	Box - Front	North America	Pok_mon_Galacta__Box_-_Front__North_America__005b4897-2be2-495d-aa0c-d9966e8e3dbe.jpg
IMG	Pokémon Galacta	Nintendo Game Boy Advance	Screenshot - Gameplay		Pok_mon_Galacta__Screenshot_-_Gameplay____c44f3e5d-9af2-4ba8-987c-c9366e069711.png
IMG	Pokémon Galacta	Nintendo Game Boy Advance	Screenshot - Gameplay		Pok_mon_Galacta__Screenshot_-_Gameplay____0312267f-1210-4b37-8b42-7291024858be.png
IMG	Pokémon Galacta	Nintendo Game Boy Advance	Screenshot - Gameplay		Pok_mon_Galacta__Screenshot_-_Gameplay____5fc8b27d-f97b-4520-9e83-03d27168eaaa.png
IMG	Pokémon Galacta	Nintendo Game Boy Advance	Screenshot - Gameplay		Pok_mon_Galacta__Screenshot_-_Gameplay____c8464ba4-9de0-47db-bc04-2de8376c56f0.png
IMG	Pokémon Galacta	Nintendo Game Boy Advance	Screenshot - Gameplay		Pok_mon_Galacta__Screenshot_-_Gameplay____703f82c6-b6c5-4eda-9bfe-d9249d749f8d.png
IMG	Pokémon Galacta	Nintendo Game Boy Advance	Screenshot - Gameplay		Pok_mon_Galacta__Screenshot_-_Gameplay____b69cc767-4758-4bf8-8b18-854cf7c68d51.png
IMG	Pokémon Galacta	Nintendo Game Boy Advance	Screenshot - Gameplay		Pok_mon_Galacta__Screenshot_-_Gameplay____3be36ba4-2171-46a5-8010-dee864dd0698.png
IMG	Pokémon Galacta	Nintendo Game Boy Advance	Screenshot - Gameplay		Pok_mon_Galacta__Screenshot_-_Gameplay____023086af-6d10-4231-bfff-0466d37b352f.png
IMG	Pokémon Galacta	Nintendo Game Boy Advance	Screenshot - Gameplay		Pok_mon_Galacta__Screenshot_-_Gameplay____91c61ca2-5c7c-42d2-8966-47419e75a8d7.png
IMG	Pokémon Galacta	Nintendo Game Boy Advance	Screenshot - Gameplay		Pok_mon_Galacta__Screenshot_-_Gameplay____8af48851-2712-478b-ad83-2b2ca14d19a4.png
IMG	Pokémon Galacta	Nintendo Game Boy Advance	Screenshot - Gameplay		Pok_mon_Galacta__Screenshot_-_Gameplay____cf1c2912-179a-4b11-b900-5b42f083ea84.png
IMG	Pokémon Galacta	Nintendo Game Boy Advance	Screenshot - Gameplay		Pok_mon_Galacta__Screenshot_-_Gameplay____899f0225-1f84-43aa-9c0c-974954c89a64.png
IMG	Pokémon Galacta	Nintendo Game Boy Advance	Screenshot - Gameplay		Pok_mon_Galacta__Screenshot_-_Gameplay____e01ac39e-d6d1-4bbd-97d7-480ebadee6fc.png
IMG	Pokémon Galacta	Nintendo Game Boy Advance	Screenshot - Game Title		Pok_mon_Galacta__Screenshot_-_Game_Title____ff637aa2-10c3-4e63-8098-6c4730f6e80f.png
IMG	Pokémon HarvestCraft	Nintendo Game Boy Advance	Box - Front	World	Pok_mon_HarvestCraft__Box_-_Front__World__d3c01019-6c24-4991-be2f-387db0ca102c.png
IMG	Pokémon HarvestCraft	Nintendo Game Boy Advance	Screenshot - Gameplay		Pok_mon_HarvestCraft__Screenshot_-_Gameplay____318f67b8-987e-4a28-97b1-2c48ce7ac6cd.png
IMG	Pokémon HarvestCraft	Nintendo Game Boy Advance	Screenshot - Gameplay		Pok_mon_HarvestCraft__Screenshot_-_Gameplay____1165c4c6-6d7d-4485-ad62-c05feab3d464.png
IMG	Pokémon HarvestCraft	Nintendo Game Boy Advance	Screenshot - Gameplay		Pok_mon_HarvestCraft__Screenshot_-_Gameplay____394d1787-197c-4865-8d51-1560db4d5c46.png
IMG	Pokémon HarvestCraft	Nintendo Game Boy Advance	Screenshot - Gameplay		Pok_mon_HarvestCraft__Screenshot_-_Gameplay____3e3355df-6947-4416-9271-ed05e9c6f6b3.png
IMG	Pokémon HarvestCraft	Nintendo Game Boy Advance	Screenshot - Gameplay		Pok_mon_HarvestCraft__Screenshot_-_Gameplay____38ae7f3f-4292-411f-965b-6ecf3c2766ad.png
IMG	Pokémon HarvestCraft	Nintendo Game Boy Advance	Screenshot - Gameplay		Pok_mon_HarvestCraft__Screenshot_-_Gameplay____9776f4d7-eb7f-4748-b240-6c9247db35a8.png
IMG	Pokémon HarvestCraft	Nintendo Game Boy Advance	Screenshot - Gameplay		Pok_mon_HarvestCraft__Screenshot_-_Gameplay____2086efed-56ae-45ba-9089-6eeecd08ae6d.png
IMG	Pokémon HarvestCraft	Nintendo Game Boy Advance	Screenshot - Gameplay		Pok_mon_HarvestCraft__Screenshot_-_Gameplay____91181e39-61e3-40ce-a350-248aa3142d74.png
IMG	Pokémon HarvestCraft	Nintendo Game Boy Advance	Screenshot - Gameplay		Pok_mon_HarvestCraft__Screenshot_-_Gameplay____c7117997-33ae-48c1-9a3c-30d194c5b647.png
IMG	Pokémon HarvestCraft	Nintendo Game Boy Advance	Screenshot - Gameplay		Pok_mon_HarvestCraft__Screenshot_-_Gameplay____acd6db6a-d223-47a2-b052-8218f7d5cc02.png
IMG	Pokémon HarvestCraft	Nintendo Game Boy Advance	Screenshot - Gameplay		Pok_mon_HarvestCraft__Screenshot_-_Gameplay____464f57e8-436a-459c-96d9-a26626d13351.png
IMG	Pokémon HarvestCraft	Nintendo Game Boy Advance	Screenshot - Game Title		Pok_mon_HarvestCraft__Screenshot_-_Game_Title____b2a8323b-02cc-4a8e-9b09-a68124408e78.png
IMG	Pokémon Hollow Mysteries	Nintendo Game Boy Advance	Box - Front	World	Pok_mon_Hollow_Mysteries__Box_-_Front__World__eef65459-ef68-4cde-aed5-d2d0267d1b68.png
IMG	Pokémon Hollow Mysteries	Nintendo Game Boy Advance	Screenshot - Gameplay		Pok_mon_Hollow_Mysteries__Screenshot_-_Gameplay____7f3c370f-da12-481c-a576-0b23b8b05864.png
IMG	Pokémon Hollow Mysteries	Nintendo Game Boy Advance	Screenshot - Gameplay		Pok_mon_Hollow_Mysteries__Screenshot_-_Gameplay____08c1f9ad-c3e9-4d44-81cf-183a06704c0e.png
IMG	Pokémon Hollow Mysteries	Nintendo Game Boy Advance	Screenshot - Gameplay		Pok_mon_Hollow_Mysteries__Screenshot_-_Gameplay____a94de312-060d-4908-a914-507ec22dfcca.png
IMG	Pokémon Hollow Mysteries	Nintendo Game Boy Advance	Screenshot - Gameplay		Pok_mon_Hollow_Mysteries__Screenshot_-_Gameplay____fc9b647e-8e97-4591-a332-682f11b90074.png
IMG	Pokémon Hollow Mysteries	Nintendo Game Boy Advance	Screenshot - Gameplay		Pok_mon_Hollow_Mysteries__Screenshot_-_Gameplay____56b4578f-c2f5-48e7-aa10-739174eed903.png
IMG	Pokémon Hollow Mysteries	Nintendo Game Boy Advance	Screenshot - Gameplay		Pok_mon_Hollow_Mysteries__Screenshot_-_Gameplay____754b8f24-80f2-41bb-8287-1d33485d3abf.png
IMG	Pokémon Hollow Mysteries	Nintendo Game Boy Advance	Screenshot - Gameplay		Pok_mon_Hollow_Mysteries__Screenshot_-_Gameplay____caeb8fc8-9f7d-4d95-9415-788b107c9c2c.png
IMG	Pokémon Hollow Mysteries	Nintendo Game Boy Advance	Screenshot - Gameplay		Pok_mon_Hollow_Mysteries__Screenshot_-_Gameplay____5779f384-f6de-4014-b53b-9bbaa16d9405.png
IMG	Pokémon Joel's Bizarre PokeVenture	Nintendo Game Boy Color	Fanart - Box - Front	World	Pok_mon_Joel_s_Bizarre_PokeVenture__Fanart_-_Box_-_Front__World__301a4304-3576-422b-b993-29cf475a7382.png
IMG	Pokémon Joel's Bizarre PokeVenture	Nintendo Game Boy Color	Screenshot - Gameplay		Pok_mon_Joel_s_Bizarre_PokeVenture__Screenshot_-_Gameplay____d3a0af0b-1f92-4434-afa1-7f7e33d3fd72.png
IMG	Pokémon Joel's Bizarre PokeVenture	Nintendo Game Boy Color	Screenshot - Gameplay		Pok_mon_Joel_s_Bizarre_PokeVenture__Screenshot_-_Gameplay____f3139990-24fc-485d-8041-43791504cd80.png
IMG	Pokémon Joel's Bizarre PokeVenture	Nintendo Game Boy Color	Screenshot - Gameplay		Pok_mon_Joel_s_Bizarre_PokeVenture__Screenshot_-_Gameplay____5afdd3b8-ece8-419a-b895-1cf37a300791.png
IMG	Pokémon Joel's Bizarre PokeVenture	Nintendo Game Boy Color	Screenshot - Gameplay		Pok_mon_Joel_s_Bizarre_PokeVenture__Screenshot_-_Gameplay____e1eab971-a4a6-4786-8466-dcfd279026f1.png
IMG	Pokémon Joel's Bizarre PokeVenture	Nintendo Game Boy Color	Screenshot - Gameplay		Pok_mon_Joel_s_Bizarre_PokeVenture__Screenshot_-_Gameplay____7a49e2f4-949e-4d81-9cd9-92166dc79e16.png
IMG	Pokémon Joel's Bizarre PokeVenture	Nintendo Game Boy Color	Screenshot - Gameplay		Pok_mon_Joel_s_Bizarre_PokeVenture__Screenshot_-_Gameplay____140ba790-6f1e-4415-b94c-f04c212a758e.png
IMG	Pokémon Joel's Bizarre PokeVenture	Nintendo Game Boy Color	Screenshot - Gameplay		Pok_mon_Joel_s_Bizarre_PokeVenture__Screenshot_-_Gameplay____c300bd15-e0ce-41ed-943c-fb653d20cde3.png
IMG	Pokémon Joel's Bizarre PokeVenture	Nintendo Game Boy Color	Screenshot - Gameplay		Pok_mon_Joel_s_Bizarre_PokeVenture__Screenshot_-_Gameplay____555710e7-7b42-40be-a736-2444186a3585.png
IMG	Pokémon Joel's Bizarre PokeVenture	Nintendo Game Boy Color	Screenshot - Game Title		Pok_mon_Joel_s_Bizarre_PokeVenture__Screenshot_-_Game_Title____5d48b2ec-b393-44eb-a864-53f9f084a53d.png
IMG	Pokémon Kanlara Ultimate	Nintendo Game Boy Advance	Box - Front	World	Pok_mon_Kanlara_Ultimate__Box_-_Front__World__a289c239-6e92-4d5b-b21b-7e1160107c76.jpg
IMG	Pokémon Kanlara Ultimate	Nintendo Game Boy Advance	Screenshot - Gameplay		Pok_mon_Kanlara_Ultimate__Screenshot_-_Gameplay____a8fab0a9-2117-4c5e-8712-2d8aa1432dec.png
IMG	Pokémon Kanlara Ultimate	Nintendo Game Boy Advance	Screenshot - Gameplay		Pok_mon_Kanlara_Ultimate__Screenshot_-_Gameplay____18f164ca-a852-42e5-8d87-cf633759067b.png
IMG	Pokémon Kanlara Ultimate	Nintendo Game Boy Advance	Screenshot - Gameplay		Pok_mon_Kanlara_Ultimate__Screenshot_-_Gameplay____6e7b3b1b-3d10-4382-9aa3-a2182b09f091.png
IMG	Pokémon Kanlara Ultimate	Nintendo Game Boy Advance	Screenshot - Gameplay		Pok_mon_Kanlara_Ultimate__Screenshot_-_Gameplay____6ee73619-ce9f-4bcf-8f71-3434849206cc.png
IMG	Pokémon Kanlara Ultimate	Nintendo Game Boy Advance	Screenshot - Gameplay		Pok_mon_Kanlara_Ultimate__Screenshot_-_Gameplay____e15503af-a021-4d39-96a2-5581c79d8481.png
IMG	Pokémon Kanlara Ultimate	Nintendo Game Boy Advance	Screenshot - Gameplay		Pok_mon_Kanlara_Ultimate__Screenshot_-_Gameplay____9a872a3a-e911-435f-820b-e0ce6c5f3c63.png
IMG	Pokémon Kanlara Ultimate	Nintendo Game Boy Advance	Screenshot - Gameplay		Pok_mon_Kanlara_Ultimate__Screenshot_-_Gameplay____52328904-bcdb-4a8c-b4fc-510d6cc0ed78.png
IMG	Pokémon Kanlara Ultimate	Nintendo Game Boy Advance	Screenshot - Gameplay		Pok_mon_Kanlara_Ultimate__Screenshot_-_Gameplay____87b8c637-3ca8-4ff1-8747-4dfca2482f1f.png
IMG	Pokémon Kanlara Ultimate	Nintendo Game Boy Advance	Screenshot - Gameplay		Pok_mon_Kanlara_Ultimate__Screenshot_-_Gameplay____0bcb0d26-c156-46e9-9e16-d07d781b694b.png
IMG	Pokémon Kanlara Ultimate	Nintendo Game Boy Advance	Screenshot - Gameplay		Pok_mon_Kanlara_Ultimate__Screenshot_-_Gameplay____91d6ad26-5139-4e3d-8b34-0740041e0251.png
IMG	Pokémon Kanlara Ultimate	Nintendo Game Boy Advance	Screenshot - Gameplay		Pok_mon_Kanlara_Ultimate__Screenshot_-_Gameplay____1652714b-6fde-49ff-b0c0-b40b3cf39eff.png
IMG	Pokémon Kanlara Ultimate	Nintendo Game Boy Advance	Screenshot - Gameplay		Pok_mon_Kanlara_Ultimate__Screenshot_-_Gameplay____26ed0cb4-45ed-4f6b-8a6c-d484555ee124.png
IMG	Pokémon Kanlara Ultimate	Nintendo Game Boy Advance	Screenshot - Gameplay		Pok_mon_Kanlara_Ultimate__Screenshot_-_Gameplay____01fb791e-6f33-4708-837b-c7f8f7e64879.png
IMG	Pokémon Kanlara Ultimate	Nintendo Game Boy Advance	Screenshot - Gameplay		Pok_mon_Kanlara_Ultimate__Screenshot_-_Gameplay____487df0ce-14b4-4aeb-84ae-da85515c52a2.png
IMG	Pokémon Kanlara Ultimate	Nintendo Game Boy Advance	Screenshot - Gameplay		Pok_mon_Kanlara_Ultimate__Screenshot_-_Gameplay____37bf1b00-6c56-4f39-a94e-a3c11f8529f3.png
IMG	Pokémon Kanlara Ultimate	Nintendo Game Boy Advance	Screenshot - Gameplay		Pok_mon_Kanlara_Ultimate__Screenshot_-_Gameplay____3eaa43e3-0eed-4fc9-a025-76f2caacd468.png
IMG	Pokémon Kanlara Ultimate	Nintendo Game Boy Advance	Screenshot - Game Title		Pok_mon_Kanlara_Ultimate__Screenshot_-_Game_Title____8734c648-ae7a-459c-a305-036342ae3994.png
IMG	Pokémon Liquid Ocean	Nintendo Game Boy Advance	Box - Front	World	Pok_mon_Liquid_Ocean__Box_-_Front__World__c6d4f13b-0685-40ce-815b-817507c67ca8.jpg
IMG	Pokémon Liquid Ocean	Nintendo Game Boy Advance	Screenshot - Gameplay		Pok_mon_Liquid_Ocean__Screenshot_-_Gameplay____1a1e16dd-b2bb-412c-a236-85d925734345.png
IMG	Pokémon Liquid Ocean	Nintendo Game Boy Advance	Screenshot - Gameplay		Pok_mon_Liquid_Ocean__Screenshot_-_Gameplay____fba9a964-3122-4da1-9016-28282182eca0.png
IMG	Pokémon Liquid Ocean	Nintendo Game Boy Advance	Screenshot - Gameplay		Pok_mon_Liquid_Ocean__Screenshot_-_Gameplay____f7bd704b-0cd7-4c68-9143-423a9b7a5cd9.png
IMG	Pokémon Liquid Ocean	Nintendo Game Boy Advance	Screenshot - Gameplay		Pok_mon_Liquid_Ocean__Screenshot_-_Gameplay____79bb5ad6-6ec5-4269-8ccd-a3e498bd500c.png
IMG	Pokémon Liquid Ocean	Nintendo Game Boy Advance	Screenshot - Gameplay		Pok_mon_Liquid_Ocean__Screenshot_-_Gameplay____3ab1fb28-8ca4-4502-89dd-cb8fea5fed0f.png
IMG	Pokémon Liquid Ocean	Nintendo Game Boy Advance	Screenshot - Gameplay		Pok_mon_Liquid_Ocean__Screenshot_-_Gameplay____1fce67e1-d86a-42b2-8bf8-81aac324641a.png
IMG	Pokémon Magikarp’s Adventure	Nintendo Game Boy Advance	Box - Front	World	Pok_mon_Magikarp_s_Adventure__Box_-_Front__World__475b64f9-71c3-4fc1-847e-64bccac07b2c.png
IMG	Pokémon Magikarp’s Adventure	Nintendo Game Boy Advance	Screenshot - Gameplay		Pok_mon_Magikarp_s_Adventure__Screenshot_-_Gameplay____96d632be-ac62-4a7a-9ddf-acb4c9784275.png
IMG	Pokémon Magikarp’s Adventure	Nintendo Game Boy Advance	Screenshot - Gameplay		Pok_mon_Magikarp_s_Adventure__Screenshot_-_Gameplay____7927e1a8-7e2e-4587-9b14-b9df1a823b26.jpg
IMG	Pokémon Magikarp’s Adventure	Nintendo Game Boy Advance	Screenshot - Gameplay		Pok_mon_Magikarp_s_Adventure__Screenshot_-_Gameplay____aaf73096-1ee3-48c7-9051-3a26e8794c99.jpg
IMG	Pokémon Magikarp’s Adventure	Nintendo Game Boy Advance	Screenshot - Game Title		Pok_mon_Magikarp_s_Adventure__Screenshot_-_Game_Title____b1752bb4-2865-4904-98d2-a0d6be5030d8.jpg
IMG	Pokémon Zero Negative	Nintendo Game Boy Advance	Screenshot - Game Title		Pok_mon_Zero_Negative__Screenshot_-_Game_Title____8463896c-4b0f-436c-b421-b2b5fc2cb843.png
IMG	Pokémon Zandite	Nintendo Game Boy Advance	Box - Front	World	Pok_mon_Zandite__Box_-_Front__World__84a46c0b-859c-4d0f-9a25-2ee2b0817b13.png
IMG	Pokémon Zandite	Nintendo Game Boy Advance	Screenshot - Game Title		Pok_mon_Zandite__Screenshot_-_Game_Title____4b39e89c-985e-4221-983a-ef7d697ebfaa.png
IMG	Pokémon Zephyr	Nintendo Game Boy Advance	Box - Front	North America	Pok_mon_Zephyr__Box_-_Front__North_America__08338d84-0283-4aab-900d-0118ee31c2ae.jpg
IMG	Pokémon Zephyr	Nintendo Game Boy Advance	Screenshot - Game Title		Pok_mon_Zephyr__Screenshot_-_Game_Title____cecd2bba-defe-4810-bbf8-7c48703ee962.png
IMG	Pokémon Saffron	Nintendo Game Boy Advance	Banner		Pok_mon_Saffron__Banner____8a0a95fc-fcaf-4d99-a45c-566233b51873.png
IMG	Pokémon Saffron	Nintendo Game Boy Advance	Banner	World	Pok_mon_Saffron__Banner__World__4eb8869c-73a1-435c-884c-ecbb80b65159.png
IMG	Pokémon Saffron	Nintendo Game Boy Advance	Box - Front	World	Pok_mon_Saffron__Box_-_Front__World__d4e8f4a1-cd76-44bd-aea1-3e8c849e530b.png
IMG	Pokémon Saffron	Nintendo Game Boy Advance	Screenshot - Gameplay		Pok_mon_Saffron__Screenshot_-_Gameplay____f844a8da-7e4f-4d76-a36f-b789de79de57.png
IMG	Pokémon Saffron	Nintendo Game Boy Advance	Screenshot - Gameplay		Pok_mon_Saffron__Screenshot_-_Gameplay____11da3c77-09ac-442d-8b74-c8268e6e7166.png
IMG	Pokémon Saffron	Nintendo Game Boy Advance	Screenshot - Gameplay		Pok_mon_Saffron__Screenshot_-_Gameplay____c0bfb903-5287-404c-aa2b-0112a2f0e9bb.png
IMG	Pokémon Saffron	Nintendo Game Boy Advance	Screenshot - Gameplay		Pok_mon_Saffron__Screenshot_-_Gameplay____a2001de8-aca5-4bb2-96db-b12aea7d34b6.png
IMG	Pokémon Saffron	Nintendo Game Boy Advance	Screenshot - Gameplay		Pok_mon_Saffron__Screenshot_-_Gameplay____c37f7d9a-276b-42b0-8702-66adad92e935.png
IMG	Pokémon Saffron	Nintendo Game Boy Advance	Screenshot - Gameplay		Pok_mon_Saffron__Screenshot_-_Gameplay____4a6d2010-61ee-4480-83c2-e9ab73dfeab3.png
IMG	Pokémon Saffron	Nintendo Game Boy Advance	Screenshot - Gameplay		Pok_mon_Saffron__Screenshot_-_Gameplay____93e86d24-8d02-466d-8db1-7ae9cecaf228.png
IMG	Pokémon Saffron	Nintendo Game Boy Advance	Screenshot - Gameplay		Pok_mon_Saffron__Screenshot_-_Gameplay____66925c96-1c9d-4907-809b-6285e1ca348e.png
IMG	Pokémon Saffron	Nintendo Game Boy Advance	Screenshot - Gameplay		Pok_mon_Saffron__Screenshot_-_Gameplay____5b7ff060-6c6e-4179-a0aa-fd952e4dc46d.png
IMG	Pokémon Saffron	Nintendo Game Boy Advance	Screenshot - Gameplay		Pok_mon_Saffron__Screenshot_-_Gameplay____9065868f-414a-4b7d-9708-9f5ac8f1e5c7.png
IMG	Pokémon Saffron	Nintendo Game Boy Advance	Screenshot - Gameplay		Pok_mon_Saffron__Screenshot_-_Gameplay____c0c90a0b-fd5b-42be-ade5-5222775a1e43.png
IMG	Pokémon Saffron	Nintendo Game Boy Advance	Screenshot - Gameplay		Pok_mon_Saffron__Screenshot_-_Gameplay____877da674-78a5-4c24-a95c-d277c523ff1d.png
IMG	Pokémon Saffron	Nintendo Game Boy Advance	Screenshot - Game Title		Pok_mon_Saffron__Screenshot_-_Game_Title____958da569-7fc6-4957-b55e-a79dc7815ae5.png
IMG	Pokémon 2awesome	Nintendo Game Boy Advance	Box - Front	World	Pok_mon_2awesome__Box_-_Front__World__4831d1b8-1169-45a9-95b0-a561f08a25c8.png
IMG	Pokémon A GRAND DAY OUT	Nintendo Game Boy Advance	Box - Front	World	Pok_mon_A_GRAND_DAY_OUT__Box_-_Front__World__c561a8fd-9f20-44f8-b4fb-2ae5543a22eb.png
IMG	Pokémon: A New Dawn	Nintendo Game Boy Advance	Box - Front	World	Pok_mon_A_New_Dawn__Box_-_Front__World__f70af027-cc75-4f41-bd7e-cc2645eaec82.png
IMG	Pokémon: A New Dawn	Nintendo Game Boy Advance	Clear Logo		Pok_mon_A_New_Dawn__Clear_Logo____5845323b-3157-4457-9760-3ee38076d7a0.png
IMG	Pokémon: A New Dawn	Nintendo Game Boy Advance	Fanart - Background		Pok_mon_A_New_Dawn__Fanart_-_Background____997977a1-7674-40bf-8f87-87ff4d26dc83.png
IMG	Pokémon: A New Dawn	Nintendo Game Boy Advance	Screenshot - Gameplay		Pok_mon_A_New_Dawn__Screenshot_-_Gameplay____eeec4a69-eade-43ef-a99c-e7f7c83ef0a6.png
IMG	Pokémon: A New Dawn	Nintendo Game Boy Advance	Screenshot - Gameplay		Pok_mon_A_New_Dawn__Screenshot_-_Gameplay____0fd03d9c-95b9-4c5a-a17b-6f6a0f9fae59.png
IMG	Pokémon: A New Dawn	Nintendo Game Boy Advance	Screenshot - Gameplay		Pok_mon_A_New_Dawn__Screenshot_-_Gameplay____783255bf-468b-4f0f-9fb3-179a00cc3cb9.png
IMG	Pokémon: A New Dawn	Nintendo Game Boy Advance	Screenshot - Gameplay		Pok_mon_A_New_Dawn__Screenshot_-_Gameplay____57758f48-dd08-435d-b2a6-c7a3560f5aa1.png
IMG	Pokémon: A New Dawn	Nintendo Game Boy Advance	Screenshot - Gameplay		Pok_mon_A_New_Dawn__Screenshot_-_Gameplay____3df20ab3-c177-4c8f-b7ee-706cbee6c58d.png
IMG	Pokémon: A New Dawn	Nintendo Game Boy Advance	Screenshot - Gameplay		Pok_mon_A_New_Dawn__Screenshot_-_Gameplay____083f0aab-f2af-4c7a-836a-f26531793a23.png
IMG	Pokémon: A New Dawn	Nintendo Game Boy Advance	Screenshot - Gameplay		Pok_mon_A_New_Dawn__Screenshot_-_Gameplay____2fb1d10c-e201-43e7-a32b-98aa0cf5655e.png
IMG	Pokémon: A New Dawn	Nintendo Game Boy Advance	Screenshot - Gameplay		Pok_mon_A_New_Dawn__Screenshot_-_Gameplay____337fd75f-dff0-4d46-adc0-a0a0abdc4b3a.png
IMG	Pokémon: A New Dawn	Nintendo Game Boy Advance	Screenshot - Gameplay		Pok_mon_A_New_Dawn__Screenshot_-_Gameplay____dcda6e4a-4c48-42d7-b2ca-1c95865dd4a9.png
IMG	Pokémon: A New Dawn	Nintendo Game Boy Advance	Screenshot - Gameplay		Pok_mon_A_New_Dawn__Screenshot_-_Gameplay____d5d6b907-cd7d-4f69-b37d-dd717e5d4d7a.png
IMG	Pokémon: A New Dawn	Nintendo Game Boy Advance	Screenshot - Gameplay		Pok_mon_A_New_Dawn__Screenshot_-_Gameplay____79b86783-6341-40b1-997c-e74f3d8b0588.png
IMG	Pokémon Abandoned Ruby	Nintendo Game Boy Advance	Box - Front	World	Pok_mon_Abandoned_Ruby__Box_-_Front__World__00c12a2e-ed30-40aa-9624-294306d7fffe.jpg
IMG	Pokémon Abandoned Ruby	Nintendo Game Boy Advance	Screenshot - Gameplay		Pok_mon_Abandoned_Ruby__Screenshot_-_Gameplay____13dfa6e2-4c22-48da-a2e9-cf019515fab9.jpg
IMG	Pokémon Abandoned Ruby	Nintendo Game Boy Advance	Screenshot - Game Title		Pok_mon_Abandoned_Ruby__Screenshot_-_Game_Title____879d3c10-a3cc-42df-9a07-a617d7a63cfc.png
IMG	Pokémon Adamantite	Nintendo Game Boy Advance	Box - Front	World	Pok_mon_Adamantite__Box_-_Front__World__5cbbee9f-ea28-4df2-b58c-288599498f9e.jpg
IMG	Pokémon Adamantite	Nintendo Game Boy Advance	Clear Logo		Pok_mon_Adamantite__Clear_Logo____7867b068-dcff-4240-baa4-a9f23cfeac37.png
IMG	Pokémon Adamantite	Nintendo Game Boy Advance	Screenshot - Gameplay		Pok_mon_Adamantite__Screenshot_-_Gameplay____a6803f74-2c3a-46f1-9224-1598b4505330.jpg
IMG	Pokémon Adamantite	Nintendo Game Boy Advance	Screenshot - Gameplay		Pok_mon_Adamantite__Screenshot_-_Gameplay____3885a3a9-1aa7-4bb6-a8b4-e14a60b0fd3b.png
IMG	Pokémon Adamantite	Nintendo Game Boy Advance	Screenshot - Gameplay		Pok_mon_Adamantite__Screenshot_-_Gameplay____99d0a2b7-a9da-45dc-9f76-e477ee1bf4db.jpg
IMG	Pokémon Adamantite	Nintendo Game Boy Advance	Screenshot - Gameplay		Pok_mon_Adamantite__Screenshot_-_Gameplay____5f61a9f1-7c70-46db-821c-f5074aeeed89.png
IMG	Pokémon Advanced	Nintendo Game Boy Advance	Fanart - Box - Front	World	Pok_mon_Advanced__Fanart_-_Box_-_Front__World__65928ee8-7c34-4975-93dd-53180ff68203.png
IMG	Pokémon Advanced	Nintendo Game Boy Advance	Screenshot - Gameplay		Pok_mon_Advanced__Screenshot_-_Gameplay____555bffc8-40c2-4877-bf03-2dc97555ffdd.jpg
IMG	Pokémon Advanced	Nintendo Game Boy Advance	Screenshot - Gameplay		Pok_mon_Advanced__Screenshot_-_Gameplay____bea12180-6e0a-4681-b021-a8c54a7dc73d.jpg
IMG	Pokémon Advanced	Nintendo Game Boy Advance	Screenshot - Gameplay		Pok_mon_Advanced__Screenshot_-_Gameplay____007fcd31-6d9b-4947-98d5-a32fc14ce884.jpg
IMG	Pokémon Advanced	Nintendo Game Boy Advance	Screenshot - Game Title		Pok_mon_Advanced__Screenshot_-_Game_Title____e0fd1ade-4a2f-447a-9350-b115155181ef.png
IMG	Pokémon Adventure Blue Chapter	Nintendo Game Boy Advance	Box - Front	World	Pok_mon_Adventure_Blue_Chapter__Box_-_Front__World__c0cd01f5-be7d-4d61-9698-f32f7a915461.jpg
IMG	Pokémon Adventure Blue Chapter	Nintendo Game Boy Advance	Screenshot - Gameplay		Pok_mon_Adventure_Blue_Chapter__Screenshot_-_Gameplay____62b19896-cd2f-49fe-82e5-a91e13183c04.png
IMG	Pokémon Adventure Blue Chapter	Nintendo Game Boy Advance	Screenshot - Gameplay		Pok_mon_Adventure_Blue_Chapter__Screenshot_-_Gameplay____c2b7af03-22ab-47e9-9808-345b3e7f637e.jpg
IMG	Pokémon Adventure Blue Chapter	Nintendo Game Boy Advance	Screenshot - Gameplay		Pok_mon_Adventure_Blue_Chapter__Screenshot_-_Gameplay____552ecd7a-c7a3-4236-baf2-c21798094b56.png
IMG	Pokémon Adventure Blue Chapter	Nintendo Game Boy Advance	Screenshot - Gameplay		Pok_mon_Adventure_Blue_Chapter__Screenshot_-_Gameplay____7a644ec0-c1a5-48a9-bec9-b6fe66c1d51d.png
IMG	Pokémon Adventure Blue Chapter	Nintendo Game Boy Advance	Screenshot - Gameplay		Pok_mon_Adventure_Blue_Chapter__Screenshot_-_Gameplay____1078f8f1-d601-4817-b51d-f96e3bd7e717.png
IMG	Pokémon Adventure Blue Chapter	Nintendo Game Boy Advance	Screenshot - Gameplay		Pok_mon_Adventure_Blue_Chapter__Screenshot_-_Gameplay____3c963d63-81ab-4935-b101-a9a1e3de413e.png
IMG	Pokémon Adventure Blue Chapter	Nintendo Game Boy Advance	Screenshot - Gameplay		Pok_mon_Adventure_Blue_Chapter__Screenshot_-_Gameplay____e6c9978d-e66f-4221-bd8b-232be25707ee.jpg
IMG	Pokémon Adventure Blue Chapter	Nintendo Game Boy Advance	Screenshot - Game Title		Pok_mon_Adventure_Blue_Chapter__Screenshot_-_Game_Title____cf9fc5a3-e67d-4051-9b1b-965d39626374.png
IMG	Pokémon Adventures Gold Chapter	Nintendo Game Boy Advance	Banner		Pok_mon_Adventures_Gold_Chapter__Banner____4b0e0a92-e666-4638-8827-16a4216c1b93.png
IMG	Pokémon Adventures Gold Chapter	Nintendo Game Boy Advance	Banner		Pok_mon_Adventures_Gold_Chapter__Banner____1f223fa4-62da-4476-bd7a-65c44e48cad4.png
IMG	Pokémon Adventures Gold Chapter	Nintendo Game Boy Advance	Banner		Pok_mon_Adventures_Gold_Chapter__Banner____12cfd212-243b-4bca-bbf6-c416549bd34c.jpg
IMG	Pokémon Adventures Gold Chapter	Nintendo Game Boy Advance	Box - Front	North America	Pok_mon_Adventures_Gold_Chapter__Box_-_Front__North_America__e1603ef4-c873-485b-8c64-19f3b1768d67.png
IMG	Pokémon Adventures Gold Chapter	Nintendo Game Boy Advance	Screenshot - Gameplay		Pok_mon_Adventures_Gold_Chapter__Screenshot_-_Gameplay____9609a074-52cc-4810-8cb1-87a81a696089.png
IMG	Pokémon Adventures Gold Chapter	Nintendo Game Boy Advance	Screenshot - Gameplay		Pok_mon_Adventures_Gold_Chapter__Screenshot_-_Gameplay____ea733b61-8052-4dd9-b32f-2e590b6632e2.png
IMG	Pokémon Adventures Gold Chapter	Nintendo Game Boy Advance	Screenshot - Gameplay		Pok_mon_Adventures_Gold_Chapter__Screenshot_-_Gameplay____810c6f9f-6dc9-4dd9-b931-5cee01dc618d.png
IMG	Pokémon Adventures Gold Chapter	Nintendo Game Boy Advance	Screenshot - Gameplay		Pok_mon_Adventures_Gold_Chapter__Screenshot_-_Gameplay____97e5399c-a00b-424d-9447-aadbefcb2e32.png
IMG	Pokémon Adventures Gold Chapter	Nintendo Game Boy Advance	Screenshot - Gameplay		Pok_mon_Adventures_Gold_Chapter__Screenshot_-_Gameplay____12f4daca-89ae-48cf-9ac6-8cc4fcd00f89.png
IMG	Pokémon Adventures Gold Chapter	Nintendo Game Boy Advance	Screenshot - Gameplay		Pok_mon_Adventures_Gold_Chapter__Screenshot_-_Gameplay____cd737401-e7df-4823-a29e-2f77faee2cca.png
IMG	Pokémon Adventures Gold Chapter	Nintendo Game Boy Advance	Screenshot - Gameplay		Pok_mon_Adventures_Gold_Chapter__Screenshot_-_Gameplay____ea896e92-3a20-49c9-a1d2-fdb9acd361be.png
IMG	Pokémon Adventures Gold Chapter	Nintendo Game Boy Advance	Screenshot - Gameplay		Pok_mon_Adventures_Gold_Chapter__Screenshot_-_Gameplay____a62d9a0b-08ce-4a4b-8390-dd7d931bf9be.png
IMG	Pokémon Adventures Gold Chapter	Nintendo Game Boy Advance	Screenshot - Game Title		Pok_mon_Adventures_Gold_Chapter__Screenshot_-_Game_Title____9eff4670-09ea-4ebb-97df-54b709d22b5c.png
IMG	Pokémon Ash's Quest	Nintendo Game Boy Advance	Box - Front	World	Pok_mon_Ash_s_Quest__Box_-_Front__World__b5a9f71b-ce56-49a2-9b77-50cf18bbd1cb.png
IMG	Pokémon Ash's Quest	Nintendo Game Boy Advance	Cart - Front		Pok_mon_Ash_s_Quest__Cart_-_Front____7c0809a8-9038-40ec-ac7b-ed6186d04792.jpg
IMG	Pokémon Ash's Quest	Nintendo Game Boy Advance	Clear Logo		Pok_mon_Ash_s_Quest__Clear_Logo____3ae577f0-9a84-42d8-93c9-6c07b3e7d525.png
IMG	Pokémon Ash's Quest	Nintendo Game Boy Advance	Fanart - Box - Front		Pok_mon_Ash_s_Quest__Fanart_-_Box_-_Front____b8ed88f5-3749-409d-8dc6-f6636274b574.png
IMG	Pokémon Ash's Quest	Nintendo Game Boy Advance	Screenshot - Gameplay		Pok_mon_Ash_s_Quest__Screenshot_-_Gameplay____78e591f1-68ca-4617-be05-1204d80a2501.png
IMG	Pokémon Ash's Quest	Nintendo Game Boy Advance	Screenshot - Game Title		Pok_mon_Ash_s_Quest__Screenshot_-_Game_Title____c9670fb5-3ba0-4cf2-82c7-c915daff1ac0.png
IMG	Pokémon Arcoiris	Nintendo Game Boy Advance	Banner	North America	Pok_mon_Arcoiris__Banner__North_America__47d6fd80-f464-4cb3-be5f-aa175c2dea39.png
IMG	Pokémon Arcoiris	Nintendo Game Boy Advance	Box - Back	North America	Pok_mon_Arcoiris__Box_-_Back__North_America__d41b7541-4281-4eea-8802-d2dd18e0d09e.png
IMG	Pokémon Arcoiris	Nintendo Game Boy Advance	Box - Front	North America	Pok_mon_Arcoiris__Box_-_Front__North_America__bd6845bc-0e82-434d-86fe-0d600ae88331.jpg
IMG	Pokémon Arcoiris	Nintendo Game Boy Advance	Box - Front	World	Pok_mon_Arcoiris__Box_-_Front__World__c455d5ef-fc34-432a-bd25-78ca442834df.jpg
IMG	Pokémon Arcoiris	Nintendo Game Boy Advance	Cart - Front	North America	Pok_mon_Arcoiris__Cart_-_Front__North_America__39888614-a63f-45cb-9368-7960c45ae016.png
IMG	Pokémon Arcoiris	Nintendo Game Boy Advance	Screenshot - Game Title		Pok_mon_Arcoiris__Screenshot_-_Game_Title____edcbd1bb-e57b-4ad0-8dca-b9e5ae3c4485.png
IMG	Pokémon Aquamarine	Nintendo Game Boy Advance	Box - Front	North America	Pok_mon_Aquamarine__Box_-_Front__North_America__2720eb15-7ffd-4e73-a0e1-cf9bd9b2d30c.jpg
IMG	Pokémon Aquamarine	Nintendo Game Boy Advance	Screenshot - Gameplay		Pok_mon_Aquamarine__Screenshot_-_Gameplay____499ddc4e-c9a2-46bf-a59f-fc651ad586d7.png
IMG	Pokémon Aquamarine	Nintendo Game Boy Advance	Screenshot - Gameplay		Pok_mon_Aquamarine__Screenshot_-_Gameplay____9986c528-8547-4b53-8bfa-d172477a3b2e.png
IMG	Pokémon Aquamarine	Nintendo Game Boy Advance	Screenshot - Gameplay		Pok_mon_Aquamarine__Screenshot_-_Gameplay____0cf4112a-35fa-4fcd-8721-32daa87e5e0c.png
IMG	Pokémon Aquamarine	Nintendo Game Boy Advance	Screenshot - Gameplay		Pok_mon_Aquamarine__Screenshot_-_Gameplay____d9cab69d-b216-4071-b3af-2164612f3950.png
IMG	Pokémon Aquamarine	Nintendo Game Boy Advance	Screenshot - Gameplay		Pok_mon_Aquamarine__Screenshot_-_Gameplay____704a6ee0-6a52-45ef-a63b-ac85e3909051.png
IMG	Pokémon Aquamarine	Nintendo Game Boy Advance	Screenshot - Gameplay		Pok_mon_Aquamarine__Screenshot_-_Gameplay____bf5ccc42-986e-4ba6-88e6-98df256caad6.png
IMG	Pokémon Aquamarine	Nintendo Game Boy Advance	Screenshot - Gameplay		Pok_mon_Aquamarine__Screenshot_-_Gameplay____925d9eaf-ca01-4544-b956-1087693b90b8.png
IMG	Pokémon Aquamarine	Nintendo Game Boy Advance	Screenshot - Gameplay		Pok_mon_Aquamarine__Screenshot_-_Gameplay____f51a02be-d0d5-47c6-9de4-158f99502902.png
IMG	Pokémon Aquamarine	Nintendo Game Boy Advance	Screenshot - Game Title		Pok_mon_Aquamarine__Screenshot_-_Game_Title____5bd5266c-a303-4f2b-b00c-717916dfd7ef.png
IMG	Pokémon Aqua Blue	Nintendo Game Boy Advance	Box - Front	World	Pok_mon_Aqua_Blue__Box_-_Front__World__77c05b80-88bb-41b2-b0c4-19a41ec5cbec.png
IMG	Pokémon Aqua Blue	Nintendo Game Boy Advance	Clear Logo		Pok_mon_Aqua_Blue__Clear_Logo____366f6c94-49c3-4c87-9aaa-9607ac371f1c.png
IMG	Pokémon Aqua Blue	Nintendo Game Boy Advance	Fanart - Box - Front	World	Pok_mon_Aqua_Blue__Fanart_-_Box_-_Front__World__1d43c7e6-24d2-4dc9-bdd1-0f12356721cb.png
IMG	Pokémon Aqua Blue	Nintendo Game Boy Advance	Fanart - Box - Front		Pok_mon_Aqua_Blue__Fanart_-_Box_-_Front____72fad209-b283-41c4-b887-65c935e6d708.jpg
IMG	Pokémon Aqua Blue	Nintendo Game Boy Advance	Screenshot - Gameplay		Pok_mon_Aqua_Blue__Screenshot_-_Gameplay____6330bd87-6993-44a2-bee8-9a6d38de9fc6.png
IMG	Pokémon Aqua Blue	Nintendo Game Boy Advance	Screenshot - Gameplay		Pok_mon_Aqua_Blue__Screenshot_-_Gameplay____17ad131b-bc8e-42e5-b3b4-353a12fb4cac.png
IMG	Pokémon Aqua Blue	Nintendo Game Boy Advance	Screenshot - Gameplay		Pok_mon_Aqua_Blue__Screenshot_-_Gameplay____f0dc8194-8d08-4c0c-81aa-2807cde3252b.png
IMG	Pokémon Aqua Blue	Nintendo Game Boy Advance	Screenshot - Gameplay		Pok_mon_Aqua_Blue__Screenshot_-_Gameplay____9d93028f-4bed-4b19-b224-e394d9f45850.png
IMG	Pokémon Aqua Blue	Nintendo Game Boy Advance	Screenshot - Gameplay		Pok_mon_Aqua_Blue__Screenshot_-_Gameplay____b7495938-259c-40df-8cd4-0e79bb85044a.png
IMG	Pokémon Aqua Blue	Nintendo Game Boy Advance	Screenshot - Gameplay		Pok_mon_Aqua_Blue__Screenshot_-_Gameplay____b154f6dd-a5d0-4d84-a82c-3257db990714.png
IMG	Pokémon Aqua Blue	Nintendo Game Boy Advance	Screenshot - Gameplay		Pok_mon_Aqua_Blue__Screenshot_-_Gameplay____419f4b68-36be-423d-b519-a75716e771f0.png
IMG	Pokémon Aqua Blue	Nintendo Game Boy Advance	Screenshot - Gameplay		Pok_mon_Aqua_Blue__Screenshot_-_Gameplay____9c5b3102-f122-45f9-9949-0787a7149648.png
IMG	Pokémon Aqua Blue	Nintendo Game Boy Advance	Screenshot - Game Title		Pok_mon_Aqua_Blue__Screenshot_-_Game_Title____7d7a7fca-f048-4fd9-ac3f-b79cf4e70ed7.png
IMG	Pokémon Amnesia	Nintendo Game Boy Advance	Box - Front	North America	Pok_mon_Amnesia__Box_-_Front__North_America__74777119-8823-45e5-b2ef-55bffc972604.jpg
IMG	Pokémon Amnesia	Nintendo Game Boy Advance	Clear Logo		Pok_mon_Amnesia__Clear_Logo____66cd28a9-2ed0-45da-96d2-935aaec8363e.png
IMG	Pokémon Amnesia	Nintendo Game Boy Advance	Screenshot - Gameplay		Pok_mon_Amnesia__Screenshot_-_Gameplay____387939c0-8458-4a04-be42-db6f78152975.png
IMG	Pokémon Amnesia	Nintendo Game Boy Advance	Screenshot - Gameplay		Pok_mon_Amnesia__Screenshot_-_Gameplay____e202c97a-6e83-42fa-a28f-18bd87db951f.png
IMG	Pokémon Amnesia	Nintendo Game Boy Advance	Screenshot - Gameplay		Pok_mon_Amnesia__Screenshot_-_Gameplay____119824ad-fedf-4d20-a48f-298530a5688b.png
IMG	Pokémon Amnesia	Nintendo Game Boy Advance	Screenshot - Gameplay		Pok_mon_Amnesia__Screenshot_-_Gameplay____948806bb-600f-4e4a-98fb-297279d6d83f.png
IMG	Pokémon Amnesia	Nintendo Game Boy Advance	Screenshot - Game Title		Pok_mon_Amnesia__Screenshot_-_Game_Title____26a41c99-d5f0-4bd8-a491-97eb9cd81001.png
IMG	Pokémon Amazing Cortana	Nintendo Game Boy Advance	Screenshot - Gameplay		Pok_mon_Amazing_Cortana__Screenshot_-_Gameplay____0f6f4807-6878-4505-8239-1153f8d5c52b.png
IMG	Pokémon Amazing Cortana	Nintendo Game Boy Advance	Screenshot - Gameplay		Pok_mon_Amazing_Cortana__Screenshot_-_Gameplay____3943171f-fcdf-4ae7-860f-386b2ebeab30.png
IMG	Pokémon Amazing Cortana	Nintendo Game Boy Advance	Screenshot - Game Title		Pok_mon_Amazing_Cortana__Screenshot_-_Game_Title____4c995a90-2452-4b24-96c9-19c22fce9686.png
IMG	Pokémon Amaryllis	Nintendo Game Boy Advance	Box - Front	World	Pok_mon_Amaryllis__Box_-_Front__World__728fa32b-815f-4828-b312-6c8c78ac7fc6.jpg
IMG	Pokémon Amaryllis	Nintendo Game Boy Advance	Clear Logo		Pok_mon_Amaryllis__Clear_Logo____c2edfa16-8b8e-4bf3-82fb-59cf2b8982a9.png
IMG	Pokémon Amaryllis	Nintendo Game Boy Advance	Screenshot - Gameplay		Pok_mon_Amaryllis__Screenshot_-_Gameplay____4ce1bcbc-a801-42cf-9e23-bce1c26c29c8.png
IMG	Pokémon Amaryllis	Nintendo Game Boy Advance	Screenshot - Gameplay		Pok_mon_Amaryllis__Screenshot_-_Gameplay____57e65052-6c2f-4625-b839-244c8a9a874d.png
IMG	Pokémon Amaryllis	Nintendo Game Boy Advance	Screenshot - Gameplay		Pok_mon_Amaryllis__Screenshot_-_Gameplay____70645557-d669-4d33-9ef9-9e995638ca4e.png
IMG	Pokémon Amaryllis	Nintendo Game Boy Advance	Screenshot - Gameplay		Pok_mon_Amaryllis__Screenshot_-_Gameplay____560a366c-5322-4ab9-bbc5-253524c5c6e1.png
IMG	Pokémon Amaryllis	Nintendo Game Boy Advance	Screenshot - Gameplay		Pok_mon_Amaryllis__Screenshot_-_Gameplay____4f5e4115-ddda-4245-9927-614047c722ba.png
IMG	Pokémon Amaryllis	Nintendo Game Boy Advance	Screenshot - Gameplay		Pok_mon_Amaryllis__Screenshot_-_Gameplay____78ec3ade-e504-4f21-9ce8-809b7c565497.png
IMG	Pokémon Amaryllis	Nintendo Game Boy Advance	Screenshot - Gameplay		Pok_mon_Amaryllis__Screenshot_-_Gameplay____777fab8c-5edd-4af7-9f41-538d46ae1a36.png
IMG	Pokémon Amaryllis	Nintendo Game Boy Advance	Screenshot - Gameplay		Pok_mon_Amaryllis__Screenshot_-_Gameplay____218d74e6-a152-49d6-9e90-e7221506fa70.png
IMG	Pokémon Amaryllis	Nintendo Game Boy Advance	Screenshot - Gameplay		Pok_mon_Amaryllis__Screenshot_-_Gameplay____41c0bd9f-2b26-41c5-8e85-1dd0d4446d4b.png
IMG	Pokémon Amaryllis	Nintendo Game Boy Advance	Screenshot - Gameplay		Pok_mon_Amaryllis__Screenshot_-_Gameplay____d53336c5-3ffa-405b-89af-bf223400a3a2.png
IMG	Pokémon Amaryllis	Nintendo Game Boy Advance	Screenshot - Game Title		Pok_mon_Amaryllis__Screenshot_-_Game_Title____37265242-81d6-4ef3-b4a2-18b4d2ac5f3a.png
IMG	Pokémon Alternate Nusantara	Nintendo Game Boy Advance	Box - Front	World	Pok_mon_Alternate_Nusantara__Box_-_Front__World__e446162f-79b1-4ad1-b983-c0766a495272.png
IMG	Pokémon Alternate Nusantara	Nintendo Game Boy Advance	Screenshot - Gameplay		Pok_mon_Alternate_Nusantara__Screenshot_-_Gameplay____0d86399c-2523-47c0-a613-5dc96eab2f31.png
IMG	Pokémon Alternate Nusantara	Nintendo Game Boy Advance	Screenshot - Gameplay		Pok_mon_Alternate_Nusantara__Screenshot_-_Gameplay____2f9fadd4-da7a-4d9b-8ca1-1bc9ae07ff00.png
IMG	Pokémon Alternate Nusantara	Nintendo Game Boy Advance	Screenshot - Gameplay		Pok_mon_Alternate_Nusantara__Screenshot_-_Gameplay____61e1b2d9-7d7e-4710-9662-d8cbc4519a7d.png
IMG	Pokémon Alternate Nusantara	Nintendo Game Boy Advance	Screenshot - Gameplay		Pok_mon_Alternate_Nusantara__Screenshot_-_Gameplay____efa9892e-99dd-430a-833e-02e912d63c6f.png
IMG	Pokémon Alternate Nusantara	Nintendo Game Boy Advance	Screenshot - Game Title		Pok_mon_Alternate_Nusantara__Screenshot_-_Game_Title____ee1dd8ae-2620-468f-9908-e2653d4a5bf4.jpg
IMG	Pokémon Alternate Evolutions	Nintendo Game Boy Advance	Box - 3D		Pok_mon_Alternate_Evolutions__Box_-_3D____dc8f29ca-010b-4e51-a85e-2ce314a4536a.png
IMG	Pokémon Alternate Evolutions	Nintendo Game Boy Advance	Box - Back	North America	Pok_mon_Alternate_Evolutions__Box_-_Back__North_America__c44fd8c8-16bb-497d-860a-cf888f2ed1c3.png
IMG	Pokémon Alternate Evolutions	Nintendo Game Boy Advance	Box - Front	North America	Pok_mon_Alternate_Evolutions__Box_-_Front__North_America__6cb9b4ee-75ef-4895-9845-c6f3584e0d7b.jpg
IMG	Pokémon Alternate Evolutions	Nintendo Game Boy Advance	Cart - Front	North America	Pok_mon_Alternate_Evolutions__Cart_-_Front__North_America__f6805c08-197c-43a9-af33-356f20fe5615.jpg
IMG	Pokémon Alternate Evolutions	Nintendo Game Boy Advance	Cart - Front	North America	Pok_mon_Alternate_Evolutions__Cart_-_Front__North_America__eb6ca94f-1f1c-4e8d-9401-88048bd540b7.png
IMG	Pokémon Alternate Evolutions	Nintendo Game Boy Advance	Screenshot - Gameplay		Pok_mon_Alternate_Evolutions__Screenshot_-_Gameplay____c25863db-8146-47cb-8f52-715113aedbb2.png
IMG	Pokémon Alternate Evolutions	Nintendo Game Boy Advance	Screenshot - Gameplay		Pok_mon_Alternate_Evolutions__Screenshot_-_Gameplay____4d0796a8-14f2-4a48-b622-2778d64d5616.png
IMG	Pokémon Alpha	Nintendo Game Boy Advance	Screenshot - Gameplay	Japan	Pok_mon_Alpha__Screenshot_-_Gameplay__Japan__453bca76-e32e-4b35-b3f5-647a75cf84f0.jpg
IMG	Pokémon Alpha	Nintendo Game Boy Advance	Screenshot - Gameplay	Japan	Pok_mon_Alpha__Screenshot_-_Gameplay__Japan__aea521c9-951b-418a-868e-270381f79af4.jpg
IMG	Pokémon Alpha	Nintendo Game Boy Advance	Screenshot - Gameplay	Japan	Pok_mon_Alpha__Screenshot_-_Gameplay__Japan__facefa87-a6d5-4946-b727-e6b98dfab75f.jpg
IMG	Pokémon Alpha	Nintendo Game Boy Advance	Screenshot - Gameplay	Japan	Pok_mon_Alpha__Screenshot_-_Gameplay__Japan__81a6199f-0030-4b88-a950-a23a5af993bf.jpg
IMG	Pokémon Alpha	Nintendo Game Boy Advance	Screenshot - Game Title	Japan	Pok_mon_Alpha__Screenshot_-_Game_Title__Japan__486c356e-e55d-46d4-8f23-98b7d4d4f585.jpg
IMG	Pokémon Adventures Yellow Chapter	Nintendo Game Boy Advance	Banner		Pok_mon_Adventures_Yellow_Chapter__Banner____8824eaf7-e68f-4973-92f4-04d341bcdcaf.png
IMG	Pokémon Adventures Yellow Chapter	Nintendo Game Boy Advance	Box - Front	United States	Pok_mon_Adventures_Yellow_Chapter__Box_-_Front__United_States__bdf1f9ba-8fcf-4c31-ac0e-2dd20b8c9bb8.png
IMG	Pokémon Adventures Yellow Chapter	Nintendo Game Boy Advance	Box - Front	North America	Pok_mon_Adventures_Yellow_Chapter__Box_-_Front__North_America__10affae1-26fc-4e28-9c74-6d1717c70774.png
IMG	Pokémon Adventures Yellow Chapter	Nintendo Game Boy Advance	Clear Logo		Pok_mon_Adventures_Yellow_Chapter__Clear_Logo____eb42991f-77c1-4f27-a06f-49449e14a470.png
IMG	Pokémon Adventures Yellow Chapter	Nintendo Game Boy Advance	Fanart - Background		Pok_mon_Adventures_Yellow_Chapter__Fanart_-_Background____efa92e1d-fd16-414b-9edb-9e2d27bc950c.jpg
IMG	Pokémon Adventures Yellow Chapter	Nintendo Game Boy Advance	Fanart - Background		Pok_mon_Adventures_Yellow_Chapter__Fanart_-_Background____4732247c-b486-445e-aed8-8bf12a6be977.jpg
IMG	Pokémon Adventures Yellow Chapter	Nintendo Game Boy Advance	Screenshot - Gameplay		Pok_mon_Adventures_Yellow_Chapter__Screenshot_-_Gameplay____c2a9c791-8565-4629-8486-2a0fbe708606.png
IMG	Pokémon Adventures Yellow Chapter	Nintendo Game Boy Advance	Screenshot - Gameplay		Pok_mon_Adventures_Yellow_Chapter__Screenshot_-_Gameplay____d5ad68ad-1038-4171-a6ef-73180383c4fa.png
IMG	Pokémon Adventures Yellow Chapter	Nintendo Game Boy Advance	Screenshot - Gameplay		Pok_mon_Adventures_Yellow_Chapter__Screenshot_-_Gameplay____3ae6ae22-7e1f-4b03-99f6-9f08998b904b.png
IMG	Pokémon Adventures Yellow Chapter	Nintendo Game Boy Advance	Screenshot - Gameplay		Pok_mon_Adventures_Yellow_Chapter__Screenshot_-_Gameplay____77a185b9-eaa1-471d-8d99-1526d1f8fbcd.png
IMG	Pokémon Adventures Yellow Chapter	Nintendo Game Boy Advance	Screenshot - Gameplay		Pok_mon_Adventures_Yellow_Chapter__Screenshot_-_Gameplay____a143e504-6462-4a23-acae-798ef1d463a3.png
IMG	Pokémon Adventures Yellow Chapter	Nintendo Game Boy Advance	Screenshot - Gameplay		Pok_mon_Adventures_Yellow_Chapter__Screenshot_-_Gameplay____21eb47fb-73ed-40d8-8e39-e008463dea20.png
IMG	Pokémon Adventures Yellow Chapter	Nintendo Game Boy Advance	Screenshot - Game Title		Pok_mon_Adventures_Yellow_Chapter__Screenshot_-_Game_Title____bd53e24f-3f29-4def-b5e3-f35f9ce95589.png
IMG	Pokémon Adventures Red Chapter	Nintendo Game Boy Advance	Box - Back	North America	Pok_mon_Adventures_Red_Chapter__Box_-_Back__North_America__a845c944-1b45-49ed-83af-261ae5451ca1.jpg
IMG	Pokémon Adventures Red Chapter	Nintendo Game Boy Advance	Box - Front	North America	Pok_mon_Adventures_Red_Chapter__Box_-_Front__North_America__7bdf7ab1-f797-45ee-b45d-9711772ccbc1.png
IMG	Pokémon Adventures Red Chapter	Nintendo Game Boy Advance	Cart - Front	North America	Pok_mon_Adventures_Red_Chapter__Cart_-_Front__North_America__47f37098-a7f4-43d6-87b3-0047e7da344e.png
IMG	Pokémon Adventures Red Chapter	Nintendo Game Boy Advance	Clear Logo		Pok_mon_Adventures_Red_Chapter__Clear_Logo____914f3763-85ea-4493-a8ff-c3542c49e2a3.png
IMG	Pokémon Adventures Red Chapter	Nintendo Game Boy Advance	Fanart - Background	World	Pok_mon_Adventures_Red_Chapter__Fanart_-_Background__World__bae870ab-307a-456c-9881-ce2f9c39b42f.jpg
IMG	Pokémon Adventures Red Chapter	Nintendo Game Boy Advance	Fanart - Box - Front	World	Pok_mon_Adventures_Red_Chapter__Fanart_-_Box_-_Front__World__r2_3c64d6ed-0e0a-4e0d-9f34-2f61ec08bae0.jpg
IMG	Pokémon Adventures Red Chapter	Nintendo Game Boy Advance	Screenshot - Gameplay		Pok_mon_Adventures_Red_Chapter__Screenshot_-_Gameplay____4de4fa03-f0eb-42ee-9b8e-2ac96a85ab0d.png
IMG	Pokémon Adventures Red Chapter	Nintendo Game Boy Advance	Screenshot - Gameplay		Pok_mon_Adventures_Red_Chapter__Screenshot_-_Gameplay____9f7cfc89-203e-461c-8d12-1f65cd37d1e7.png
IMG	Pokémon Adventures Red Chapter	Nintendo Game Boy Advance	Screenshot - Gameplay		Pok_mon_Adventures_Red_Chapter__Screenshot_-_Gameplay____800fe9c0-17ef-406d-9e24-360a5cef37c7.png
IMG	Pokémon Adventures Red Chapter	Nintendo Game Boy Advance	Screenshot - Gameplay		Pok_mon_Adventures_Red_Chapter__Screenshot_-_Gameplay____79c0dcc1-7af2-4892-bcdd-af0ad32d0a57.png
IMG	Pokémon Adventures Red Chapter	Nintendo Game Boy Advance	Screenshot - Gameplay		Pok_mon_Adventures_Red_Chapter__Screenshot_-_Gameplay____d01fa110-4b9b-44a8-8bc9-7f3114885393.png
IMG	Pokémon Adventures Red Chapter	Nintendo Game Boy Advance	Screenshot - Gameplay		Pok_mon_Adventures_Red_Chapter__Screenshot_-_Gameplay____2aa9eb2d-841b-4ec3-9a68-e44c58816b74.png
IMG	Pokémon Adventures Red Chapter	Nintendo Game Boy Advance	Screenshot - Gameplay		Pok_mon_Adventures_Red_Chapter__Screenshot_-_Gameplay____67a7f5c9-286e-483c-aa1d-268bdbe1a62e.png
IMG	Pokémon Adventures Red Chapter	Nintendo Game Boy Advance	Screenshot - Gameplay		Pok_mon_Adventures_Red_Chapter__Screenshot_-_Gameplay____66b272ca-0737-40da-8dd9-ccd4c50da8c8.png
IMG	Pokémon Adventures Red Chapter	Nintendo Game Boy Advance	Screenshot - Gameplay		Pok_mon_Adventures_Red_Chapter__Screenshot_-_Gameplay____fe868f98-10a0-4a9c-88a0-36e8cbbcdd6b.png
IMG	Pokémon Adventures Red Chapter	Nintendo Game Boy Advance	Screenshot - Gameplay		Pok_mon_Adventures_Red_Chapter__Screenshot_-_Gameplay____523d6faa-9854-4acf-8092-2e68925a0f50.png
IMG	Pokémon Adventures Red Chapter	Nintendo Game Boy Advance	Screenshot - Gameplay		Pok_mon_Adventures_Red_Chapter__Screenshot_-_Gameplay____5ff52d87-e344-4f0e-9329-938e5d9a7eb9.png
IMG	Pokémon Adventures Red Chapter	Nintendo Game Boy Advance	Screenshot - Game Title		Pok_mon_Adventures_Red_Chapter__Screenshot_-_Game_Title____1e7c3ae9-c677-46f2-b246-be523db16152.png
IMG	Pokémon Adventure Green Chapter	Nintendo Game Boy Advance	Box - Front	World	Pok_mon_Adventure_Green_Chapter__Box_-_Front__World__5ad1b2bb-6f49-4f20-9bd4-d62292c96766.png
IMG	Pokémon Adventure Green Chapter	Nintendo Game Boy Advance	Clear Logo		Pok_mon_Adventure_Green_Chapter__Clear_Logo____1edd1da4-71d6-40de-a492-2a34d8d1ca3a.png
IMG	Pokémon Adventure Green Chapter	Nintendo Game Boy Advance	Screenshot - Gameplay		Pok_mon_Adventure_Green_Chapter__Screenshot_-_Gameplay____5680762c-ce95-4085-8f50-eae3dc42219f.png
IMG	Pokémon Adventure Green Chapter	Nintendo Game Boy Advance	Screenshot - Gameplay		Pok_mon_Adventure_Green_Chapter__Screenshot_-_Gameplay____92abbd46-af8e-4fd3-bb28-41c75a0e4132.png
IMG	Pokémon Adventure Green Chapter	Nintendo Game Boy Advance	Screenshot - Gameplay		Pok_mon_Adventure_Green_Chapter__Screenshot_-_Gameplay____e0e1e2e2-5d9d-4732-bd47-ebeef772962c.png
IMG	Pokémon Adventure Green Chapter	Nintendo Game Boy Advance	Screenshot - Gameplay		Pok_mon_Adventure_Green_Chapter__Screenshot_-_Gameplay____91eaadf3-6850-4ca3-8689-4c6ae3e9a6a0.png
IMG	Pokémon Adventure Green Chapter	Nintendo Game Boy Advance	Screenshot - Gameplay		Pok_mon_Adventure_Green_Chapter__Screenshot_-_Gameplay____86445702-7525-4d02-af60-d1ac65b20f72.png
IMG	Pokémon Adventure Green Chapter	Nintendo Game Boy Advance	Screenshot - Gameplay		Pok_mon_Adventure_Green_Chapter__Screenshot_-_Gameplay____2cec98be-444f-4f52-b39f-a87ab4f75772.png
IMG	Pokémon Adventure Green Chapter	Nintendo Game Boy Advance	Screenshot - Gameplay		Pok_mon_Adventure_Green_Chapter__Screenshot_-_Gameplay____955c8db4-90d4-48d0-a05a-1de7a855e9e4.png
IMG	Pokémon Adventure Green Chapter	Nintendo Game Boy Advance	Screenshot - Gameplay		Pok_mon_Adventure_Green_Chapter__Screenshot_-_Gameplay____6477d966-47ba-44c6-8422-6a8a367ca8b0.png
IMG	Pokémon Adventure Green Chapter	Nintendo Game Boy Advance	Screenshot - Gameplay		Pok_mon_Adventure_Green_Chapter__Screenshot_-_Gameplay____09e75e7c-b865-4dde-9b0d-96b0008624b9.png
IMG	Pokémon Adventure Green Chapter	Nintendo Game Boy Advance	Screenshot - Gameplay		Pok_mon_Adventure_Green_Chapter__Screenshot_-_Gameplay____2336a19d-221b-4da1-8dc3-9fb0c4152066.png
IMG	Pokémon Adventure Green Chapter	Nintendo Game Boy Advance	Screenshot - Gameplay		Pok_mon_Adventure_Green_Chapter__Screenshot_-_Gameplay____2be906b6-2714-4555-abc5-16c26bb105fe.png
IMG	Pokémon Adventure Green Chapter	Nintendo Game Boy Advance	Screenshot - Gameplay		Pok_mon_Adventure_Green_Chapter__Screenshot_-_Gameplay____729c6b9b-46ec-40f3-9136-367b23521471.png
IMG	Pokémon Adventure Green Chapter	Nintendo Game Boy Advance	Screenshot - Gameplay		Pok_mon_Adventure_Green_Chapter__Screenshot_-_Gameplay____3f22764f-6ef8-46f6-8419-4df3755a5322.png
IMG	Pokémon Adventure Green Chapter	Nintendo Game Boy Advance	Screenshot - Gameplay		Pok_mon_Adventure_Green_Chapter__Screenshot_-_Gameplay____4c729638-19e2-4647-aa75-cd2478dffa0d.png
IMG	Pokémon Adventure Green Chapter	Nintendo Game Boy Advance	Screenshot - Gameplay		Pok_mon_Adventure_Green_Chapter__Screenshot_-_Gameplay____c2fcc65e-6a1a-4733-bcc7-8521c9c76b3a.png
IMG	Pokémon Adventure Green Chapter	Nintendo Game Boy Advance	Screenshot - Gameplay		Pok_mon_Adventure_Green_Chapter__Screenshot_-_Gameplay____06bb29e0-5fe8-44f8-9051-21efa54b75ae.png
IMG	Pokémon Adventure Green Chapter	Nintendo Game Boy Advance	Screenshot - Gameplay		Pok_mon_Adventure_Green_Chapter__Screenshot_-_Gameplay____160581c9-6b70-4636-b1a1-8de61ba741f8.png
IMG	Pokémon Adventure Green Chapter	Nintendo Game Boy Advance	Screenshot - Gameplay		Pok_mon_Adventure_Green_Chapter__Screenshot_-_Gameplay____f56b9767-be83-4ee1-93e7-5fc87f0610da.png
IMG	Pokémon Adventure Green Chapter	Nintendo Game Boy Advance	Screenshot - Gameplay		Pok_mon_Adventure_Green_Chapter__Screenshot_-_Gameplay____a2d67226-aac8-41d4-9e3f-b47dff8f2cc5.png
IMG	Pokémon Adventure Green Chapter	Nintendo Game Boy Advance	Screenshot - Gameplay		Pok_mon_Adventure_Green_Chapter__Screenshot_-_Gameplay____023dd8e9-ac87-44c5-8f54-8731d36a979d.png
IMG	Pokémon Adventure Green Chapter	Nintendo Game Boy Advance	Screenshot - Gameplay		Pok_mon_Adventure_Green_Chapter__Screenshot_-_Gameplay____840b2ee2-dd57-4281-a456-9608c6d88725.png
IMG	Pokémon Adventure Green Chapter	Nintendo Game Boy Advance	Screenshot - Gameplay		Pok_mon_Adventure_Green_Chapter__Screenshot_-_Gameplay____7e24a020-07ad-443e-ae3e-4ba6d551d632.png
IMG	Pokémon Adventure Green Chapter	Nintendo Game Boy Advance	Screenshot - Gameplay		Pok_mon_Adventure_Green_Chapter__Screenshot_-_Gameplay____76e54866-c25c-43f6-a833-4b0b503456ad.png
IMG	Pokémon Adventure Green Chapter	Nintendo Game Boy Advance	Screenshot - Gameplay		Pok_mon_Adventure_Green_Chapter__Screenshot_-_Gameplay____072d4561-8c00-4c37-bb3f-c6e88e04ac9e.png
IMG	Pokémon Adventure Green Chapter	Nintendo Game Boy Advance	Screenshot - Gameplay		Pok_mon_Adventure_Green_Chapter__Screenshot_-_Gameplay____f8e93a07-4192-4c06-8ae7-47f1b79b6b0a.png
IMG	Pokémon Adventure Green Chapter	Nintendo Game Boy Advance	Screenshot - Gameplay		Pok_mon_Adventure_Green_Chapter__Screenshot_-_Gameplay____ef738d78-17e5-40c3-9d1a-725189455e2c.png
IMG	Pokémon Adventure Green Chapter	Nintendo Game Boy Advance	Screenshot - Gameplay		Pok_mon_Adventure_Green_Chapter__Screenshot_-_Gameplay____e0da8400-3083-4a40-9a59-916f83ee9e0f.png
IMG	Pokémon Adventure Green Chapter	Nintendo Game Boy Advance	Screenshot - Gameplay		Pok_mon_Adventure_Green_Chapter__Screenshot_-_Gameplay____ae29822f-752e-45b9-bea2-05e73157bd73.png
IMG	Pokémon Adventure Green Chapter	Nintendo Game Boy Advance	Screenshot - Gameplay		Pok_mon_Adventure_Green_Chapter__Screenshot_-_Gameplay____63f47c22-9359-4035-a5e5-14400875c37a.png
IMG	Pokémon Adventure Green Chapter	Nintendo Game Boy Advance	Screenshot - Gameplay		Pok_mon_Adventure_Green_Chapter__Screenshot_-_Gameplay____3059b394-00d7-463a-af9a-c07fc362b75c.png
IMG	Pokémon Adventure Green Chapter	Nintendo Game Boy Advance	Screenshot - Game Title		Pok_mon_Adventure_Green_Chapter__Screenshot_-_Game_Title____19414b75-173e-47ac-b09c-885ceebe5a9b.png
IMG	Pokémon Brutal Version	Nintendo Game Boy Advance	Banner		Pok_mon_Brutal_Version__Banner____6ef18075-8440-4da7-8d43-b32b9cbd1fd7.png
IMG	Pokémon Brutal Version	Nintendo Game Boy Advance	Box - Back	World	Pok_mon_Brutal_Version__Box_-_Back__World__dec9d993-aaf1-4667-b793-fdb4dac4a46c.jpg
IMG	Pokémon Brutal Version	Nintendo Game Boy Advance	Box - Front	North America	Pok_mon_Brutal_Version__Box_-_Front__North_America__fe795378-0d3b-420a-abac-1d045d679c72.png
IMG	Pokémon Brutal Version	Nintendo Game Boy Advance	Cart - Front	North America	Pok_mon_Brutal_Version__Cart_-_Front__North_America__bb71eaab-ab96-434e-a3b7-4f5ac1d11855.png
IMG	Pokémon Brutal Version	Nintendo Game Boy Advance	Cart - Front	North America	Pok_mon_Brutal_Version__Cart_-_Front__North_America__557ec8b4-621f-47ba-8c11-a73cfda414c6.png
IMG	Pokémon Brutal Version	Nintendo Game Boy Advance	Screenshot - Gameplay		Pok_mon_Brutal_Version__Screenshot_-_Gameplay____d82ab369-4d93-4e0f-a2b2-6cb10d0f65de.png
IMG	Pokémon Brutal Version	Nintendo Game Boy Advance	Screenshot - Gameplay		Pok_mon_Brutal_Version__Screenshot_-_Gameplay____bfba9831-6b5e-44c6-a0cd-2736631c0d58.png
IMG	Pokémon Brutal Version	Nintendo Game Boy Advance	Screenshot - Gameplay		Pok_mon_Brutal_Version__Screenshot_-_Gameplay____eb0e641e-6cb0-44b4-afe2-e676cf07870a.png
IMG	Pokémon Brutal Version	Nintendo Game Boy Advance	Screenshot - Gameplay		Pok_mon_Brutal_Version__Screenshot_-_Gameplay____a0e4faa2-c8b8-4796-8640-cdebf1979b80.png
IMG	Pokémon Brutal Version	Nintendo Game Boy Advance	Screenshot - Game Title		Pok_mon_Brutal_Version__Screenshot_-_Game_Title____162f1b72-d3af-4ba4-8555-72fed1d252e6.png
IMG	Pokémon Bidoof Version	Nintendo Game Boy Advance	Box - Front	North America	Pok_mon_Bidoof_Version__Box_-_Front__North_America__37d53fa6-a0c7-424e-b383-598367bb4105.jpg
IMG	Pokémon Bidoof Version	Nintendo Game Boy Advance	Fanart - Background		Pok_mon_Bidoof_Version__Fanart_-_Background____8d72bb0c-869c-4072-aef4-6b54679280e1.png
IMG	Pokémon Bidoof Version	Nintendo Game Boy Advance	Fanart - Background		Pok_mon_Bidoof_Version__Fanart_-_Background____737bc123-7ce6-4426-9b52-a359ef3e62ea.jpg
IMG	Pokémon Bidoof Version	Nintendo Game Boy Advance	Fanart - Background		Pok_mon_Bidoof_Version__Fanart_-_Background____c23785eb-462a-4b21-b75d-948451eac3be.png
IMG	Pokémon Bidoof Version	Nintendo Game Boy Advance	Fanart - Background		Pok_mon_Bidoof_Version__Fanart_-_Background____b99cd013-3f14-4087-a1f4-76891bf1b71a.png
IMG	Pokémon Bidoof Version	Nintendo Game Boy Advance	Fanart - Background		Pok_mon_Bidoof_Version__Fanart_-_Background____a7de7ee7-c9b4-4b59-8c24-8d438a10b699.png
IMG	Pokémon Bidoof Version	Nintendo Game Boy Advance	Fanart - Background		Pok_mon_Bidoof_Version__Fanart_-_Background____61ad62a1-f1e3-4d67-8650-68db83b14bc3.png
IMG	Pokémon Bidoof Version	Nintendo Game Boy Advance	Fanart - Background		Pok_mon_Bidoof_Version__Fanart_-_Background____391a37f7-3274-49c0-be29-7f0608324aed.jpg
IMG	Pokémon Bidoof Version	Nintendo Game Boy Advance	Fanart - Background		Pok_mon_Bidoof_Version__Fanart_-_Background____cf833620-5ac3-45bb-a0c0-12d7c00b454e.png
IMG	Pokémon Bidoof Version	Nintendo Game Boy Advance	Fanart - Background		Pok_mon_Bidoof_Version__Fanart_-_Background____8c3edb0f-1b57-45ee-9f88-47fe91a17234.png
IMG	Pokémon Bidoof Version	Nintendo Game Boy Advance	Screenshot - Gameplay		Pok_mon_Bidoof_Version__Screenshot_-_Gameplay____136cd291-fdcf-4296-87e0-c97e1dbcfecb.png
IMG	Pokémon Bidoof Version	Nintendo Game Boy Advance	Screenshot - Gameplay		Pok_mon_Bidoof_Version__Screenshot_-_Gameplay____70e320c4-544e-4b7b-81c0-8770caa83a18.png
IMG	Pokémon Bidoof Version	Nintendo Game Boy Advance	Screenshot - Gameplay		Pok_mon_Bidoof_Version__Screenshot_-_Gameplay____14e9bd57-ae9c-4301-a22b-f78c8bcf01d6.png
IMG	Pokémon Bidoof Version	Nintendo Game Boy Advance	Screenshot - Gameplay		Pok_mon_Bidoof_Version__Screenshot_-_Gameplay____ca46311b-9d01-4070-adac-ab68ae2a32fa.png
IMG	Pokémon Bidoof Version	Nintendo Game Boy Advance	Screenshot - Gameplay		Pok_mon_Bidoof_Version__Screenshot_-_Gameplay____ff7d6ea7-8dcc-429a-b1b9-0ef5bab097ba.png
IMG	Pokémon Blast Burn	Nintendo Game Boy Advance	Box - Front	World	Pok_mon_Blast_Burn__Box_-_Front__World__68de98d0-6b85-4307-9cc2-5c4d0ababe33.png
IMG	Pokémon Blast Burn	Nintendo Game Boy Advance	Screenshot - Gameplay		Pok_mon_Blast_Burn__Screenshot_-_Gameplay____3b66733a-c2b0-4ac9-8bb9-d37dd3240a21.png
IMG	Pokémon Blast Burn	Nintendo Game Boy Advance	Screenshot - Gameplay		Pok_mon_Blast_Burn__Screenshot_-_Gameplay____d4346697-495a-4ca7-86b6-fdcbc015d0f3.png
IMG	Pokémon Blast Burn	Nintendo Game Boy Advance	Screenshot - Gameplay		Pok_mon_Blast_Burn__Screenshot_-_Gameplay____8bb35402-906a-47d0-94b8-950da1d364b6.png
IMG	Pokémon Blast Burn	Nintendo Game Boy Advance	Screenshot - Gameplay		Pok_mon_Blast_Burn__Screenshot_-_Gameplay____b9bff5a5-a774-492e-9ec0-4d9bd012be0e.png
IMG	Pokémon Blast Burn	Nintendo Game Boy Advance	Screenshot - Game Title		Pok_mon_Blast_Burn__Screenshot_-_Game_Title____03b5de72-4013-44ec-bd8e-e5138fa586c3.png
IMG	Pokémon Battle Ultimate	Nintendo Game Boy Advance	Box - Front	Spain	Pok_mon_Battle_Ultimate__Box_-_Front__Spain__5fd83ef8-8e72-4a40-96f7-7f9c8c60c325.jpg
IMG	Pokémon Battle Ultimate	Nintendo Game Boy Advance	Screenshot - Gameplay		Pok_mon_Battle_Ultimate__Screenshot_-_Gameplay____d85aa383-3d97-4ade-9a18-72142b8cf612.png
IMG	Pokémon Battle Ultimate	Nintendo Game Boy Advance	Screenshot - Gameplay		Pok_mon_Battle_Ultimate__Screenshot_-_Gameplay____9515cc89-7bb3-420d-a753-5aef09e47a46.png
IMG	Pokémon Battle Ultimate	Nintendo Game Boy Advance	Screenshot - Gameplay		Pok_mon_Battle_Ultimate__Screenshot_-_Gameplay____76f9d5b8-2ca0-40b6-b361-85339b5a64b5.png
IMG	Pokémon Battle Ultimate	Nintendo Game Boy Advance	Screenshot - Game Title		Pok_mon_Battle_Ultimate__Screenshot_-_Game_Title____a3df9925-d563-4553-be9b-6530874f2bd2.png
IMG	Pokémon Bug Version	Nintendo Game Boy Advance	Screenshot - Gameplay		Pok_mon_Bug_Version__Screenshot_-_Gameplay____65a998e6-617d-46c8-8a8e-c1fd3f922968.png
IMG	Pokémon Bug Version	Nintendo Game Boy Advance	Screenshot - Gameplay		Pok_mon_Bug_Version__Screenshot_-_Gameplay____91696354-ed6d-4274-b50d-939b835a06f3.png
IMG	Pokémon Bug Version	Nintendo Game Boy Advance	Screenshot - Gameplay		Pok_mon_Bug_Version__Screenshot_-_Gameplay____4a4b9420-78b2-423e-9956-3938dbfbfe65.png
IMG	Pokémon Burning Ruby Advanced	Nintendo Game Boy Advance	Box - Front	North America	Pok_mon_Burning_Ruby_Advanced__Box_-_Front__North_America__5b56041b-f62a-4349-a3bd-0d94f30ed297.jpg
IMG	Pokémon Burning Ruby Advanced	Nintendo Game Boy Advance	Screenshot - Gameplay		Pok_mon_Burning_Ruby_Advanced__Screenshot_-_Gameplay____7197d17b-68e3-4290-a3eb-1ca3ab73f4df.png
IMG	Pokémon Burning Ruby Advanced	Nintendo Game Boy Advance	Screenshot - Gameplay		Pok_mon_Burning_Ruby_Advanced__Screenshot_-_Gameplay____663746f1-4c23-4e6a-b6d6-9fdc8d1b85e5.png
IMG	Pokémon Burning Ruby Advanced	Nintendo Game Boy Advance	Screenshot - Gameplay		Pok_mon_Burning_Ruby_Advanced__Screenshot_-_Gameplay____996d7c28-994f-45db-b7c5-2fcf6a53ba77.png
IMG	Pokémon Burning Ruby Advanced	Nintendo Game Boy Advance	Screenshot - Gameplay		Pok_mon_Burning_Ruby_Advanced__Screenshot_-_Gameplay____08afe8b4-18d0-48f9-8de3-73c48bf75e6a.png
IMG	Pokémon Burning Ruby Advanced	Nintendo Game Boy Advance	Screenshot - Gameplay		Pok_mon_Burning_Ruby_Advanced__Screenshot_-_Gameplay____42ca9e1d-beca-48a2-a24c-54cb4b406da1.png
IMG	Pokémon Cerice	Nintendo Game Boy Advance	Banner		Pok_mon_Cerice__Banner____6770c769-b17a-4f88-a333-42af7f71a1d6.png
IMG	Pokémon Cerice	Nintendo Game Boy Advance	Box - Front	North America	Pok_mon_Cerice__Box_-_Front__North_America__d7b365e1-c8af-480a-839b-8781b0207b55.png
IMG	Pokémon Cerice	Nintendo Game Boy Advance	Screenshot - Gameplay		Pok_mon_Cerice__Screenshot_-_Gameplay____24da0e35-7a15-4ddf-a43e-8be865af906b.png
IMG	Pokémon Cerice	Nintendo Game Boy Advance	Screenshot - Gameplay		Pok_mon_Cerice__Screenshot_-_Gameplay____7d48ce04-ee73-4fc6-a2fa-ee0e1d664b01.png
IMG	Pokémon Cerice	Nintendo Game Boy Advance	Screenshot - Gameplay		Pok_mon_Cerice__Screenshot_-_Gameplay____4d45f49e-845a-4436-a5f7-da97aac39ab1.png
IMG	Pokémon Cerice	Nintendo Game Boy Advance	Screenshot - Gameplay		Pok_mon_Cerice__Screenshot_-_Gameplay____ed8d524a-0e3c-44bd-9bd9-f1e4bd10db6c.png
IMG	Pokémon Cerice	Nintendo Game Boy Advance	Screenshot - Gameplay		Pok_mon_Cerice__Screenshot_-_Gameplay____fa2b4456-c431-4004-a0c3-9bd85baef3fc.png
IMG	Pokémon Cerice	Nintendo Game Boy Advance	Screenshot - Gameplay		Pok_mon_Cerice__Screenshot_-_Gameplay____3652383b-f369-4eb1-ab83-4db58e1a6643.png
IMG	Pokémon Cerice	Nintendo Game Boy Advance	Screenshot - Gameplay		Pok_mon_Cerice__Screenshot_-_Gameplay____1bf97b23-af8b-4e72-baf9-fb46b4c8fef8.png
IMG	Pokémon Cerice	Nintendo Game Boy Advance	Screenshot - Gameplay		Pok_mon_Cerice__Screenshot_-_Gameplay____05e471e9-e815-40aa-a3d3-d13bdebe5469.png
IMG	Pokémon Cerice	Nintendo Game Boy Advance	Screenshot - Gameplay		Pok_mon_Cerice__Screenshot_-_Gameplay____b8c5afce-9fca-4e99-b85d-e692f0f6b459.png
IMG	Pokémon Cerice	Nintendo Game Boy Advance	Screenshot - Gameplay		Pok_mon_Cerice__Screenshot_-_Gameplay____8c0ef339-cd93-4672-bbd8-b0fbb7193e29.png
IMG	Pokémon Cerice	Nintendo Game Boy Advance	Screenshot - Game Title		Pok_mon_Cerice__Screenshot_-_Game_Title____7fb3014a-af52-4166-9860-7656a42d7128.png
IMG	Pokémon Chrome	Nintendo Game Boy Advance	Screenshot - Gameplay		Pok_mon_Chrome__Screenshot_-_Gameplay____cd2b5064-68ba-47fc-9539-4528cca4bddc.png
IMG	Pokémon Chrome	Nintendo Game Boy Advance	Screenshot - Gameplay		Pok_mon_Chrome__Screenshot_-_Gameplay____c98c9e33-327d-4a86-8613-e3065f578b86.png
IMG	Pokémon Chrome	Nintendo Game Boy Advance	Screenshot - Game Title		Pok_mon_Chrome__Screenshot_-_Game_Title____67e2a24f-57a2-4e5d-87b8-58b225a15fb3.png
IMG	Pokémon Cintrine	Nintendo Game Boy Advance	Box - Front	World	Pok_mon_Cintrine__Box_-_Front__World__14f9a308-187a-4ac7-b3db-3ed5ce9be11f.jpg
IMG	Pokémon Classified	Nintendo Game Boy Advance	Screenshot - Gameplay		Pok_mon_Classified__Screenshot_-_Gameplay____b63f34cf-930d-4882-a1fa-05f4a7701408.png
IMG	Pokémon Classified	Nintendo Game Boy Advance	Screenshot - Gameplay		Pok_mon_Classified__Screenshot_-_Gameplay____f5eb43cc-afd9-45a5-ab7f-de314a27b23e.png
IMG	Pokémon Classified	Nintendo Game Boy Advance	Screenshot - Gameplay		Pok_mon_Classified__Screenshot_-_Gameplay____962e3337-3fa9-4555-8645-02283e0d3c7d.png
IMG	Pokémon Classified	Nintendo Game Boy Advance	Screenshot - Gameplay		Pok_mon_Classified__Screenshot_-_Gameplay____5fdcb2e0-2c93-4046-b9f4-d93f033227c9.png
IMG	Pokémon Classified	Nintendo Game Boy Advance	Screenshot - Gameplay		Pok_mon_Classified__Screenshot_-_Gameplay____ea1e3beb-126e-4a78-9a86-6fb0ff49cd0f.png
IMG	Pokémon Classified	Nintendo Game Boy Advance	Screenshot - Gameplay		Pok_mon_Classified__Screenshot_-_Gameplay____36b0ed4f-ead0-45df-b5c6-0e4783762643.png
IMG	Pokémon Classified	Nintendo Game Boy Advance	Screenshot - Gameplay		Pok_mon_Classified__Screenshot_-_Gameplay____17f70bf1-501a-42b1-ade5-4ee08f824056.png
IMG	Pokémon Classified	Nintendo Game Boy Advance	Screenshot - Gameplay		Pok_mon_Classified__Screenshot_-_Gameplay____1c73a1ea-9848-48cf-bb78-76567bdd56c8.png
IMG	Pokémon Classified	Nintendo Game Boy Advance	Screenshot - Game Title		Pok_mon_Classified__Screenshot_-_Game_Title____85649d3b-5c59-48fe-8efe-db9403f7045f.png
IMG	Pokémon Clays' Calamity	Nintendo Game Boy Advance	Box - Front	World	Pok_mon_Clays_Calamity__Box_-_Front__World__cafb0340-0532-4e6b-b45f-8c3b46f91c72.jpg
IMG	Pokémon Clear Ocean	Nintendo Game Boy Advance	Box - Front	World	Pok_mon_Clear_Ocean__Box_-_Front__World__3661d299-fe37-4980-adf4-6fe95247769d.png
IMG	Pokémon Clear Ocean	Nintendo Game Boy Advance	Screenshot - Gameplay		Pok_mon_Clear_Ocean__Screenshot_-_Gameplay____7ab42252-a9d2-492a-a3bd-55a2d54f1cbb.png
IMG	Pokémon Clear Ocean	Nintendo Game Boy Advance	Screenshot - Gameplay		Pok_mon_Clear_Ocean__Screenshot_-_Gameplay____a512ac0f-9c77-4ef2-8b90-a3974dfa3d8d.png
IMG	Pokémon Clear Ocean	Nintendo Game Boy Advance	Screenshot - Gameplay		Pok_mon_Clear_Ocean__Screenshot_-_Gameplay____5c6523d7-9cf9-448d-9336-e649a4e900eb.png
IMG	Pokémon Clear Ocean	Nintendo Game Boy Advance	Screenshot - Game Title		Pok_mon_Clear_Ocean__Screenshot_-_Game_Title____03c86570-fa20-429e-921f-1c997d2f1104.png
IMG	Pokémon Clay's Calamity II	Nintendo Game Boy Advance	Box - Front	North America	Pok_mon_Clay_s_Calamity_II__Box_-_Front__North_America__98409efe-a8e0-4407-810d-34de93dd4967.jpg
IMG	Pokémon Clay's Calamity II	Nintendo Game Boy Advance	Screenshot - Gameplay		Pok_mon_Clay_s_Calamity_II__Screenshot_-_Gameplay____8e11e6e0-1f99-4557-beec-921a5b2d00a7.png
IMG	Pokémon Clay's Calamity II	Nintendo Game Boy Advance	Screenshot - Gameplay		Pok_mon_Clay_s_Calamity_II__Screenshot_-_Gameplay____c63e8919-8677-4ebd-ae6e-4ab388dcbf76.png
IMG	Pokémon Clay's Calamity II	Nintendo Game Boy Advance	Screenshot - Gameplay		Pok_mon_Clay_s_Calamity_II__Screenshot_-_Gameplay____0e4b88d8-0057-4ad6-a453-4e139ee0da25.png
IMG	Pokémon Clay's Calamity II	Nintendo Game Boy Advance	Screenshot - Gameplay		Pok_mon_Clay_s_Calamity_II__Screenshot_-_Gameplay____9bac9794-031f-4b2a-9539-2d1d2fe89a71.png
IMG	Pokémon Clay's Calamity II	Nintendo Game Boy Advance	Screenshot - Gameplay		Pok_mon_Clay_s_Calamity_II__Screenshot_-_Gameplay____5d1f00c2-cd61-463f-a9ad-75a26b70c655.png
IMG	Pokémon Cobalt	Nintendo Game Boy Advance	Box - Front	North America	Pok_mon_Cobalt__Box_-_Front__North_America__29ae70e0-13ce-42d2-9819-e48001771314.jpg
IMG	Pokémon Cobalt	Nintendo Game Boy Advance	Clear Logo		Pok_mon_Cobalt__Clear_Logo____e9951c58-23a6-4127-bab8-4ef956747c2a.png
IMG	Pokémon Cobalt	Nintendo Game Boy Advance	Screenshot - Gameplay		Pok_mon_Cobalt__Screenshot_-_Gameplay____40274677-eda1-4489-bc93-236d526a5f4e.png
IMG	Pokémon Cobalt	Nintendo Game Boy Advance	Screenshot - Gameplay		Pok_mon_Cobalt__Screenshot_-_Gameplay____11bcb87c-3538-4228-b198-c4bddd6e1628.png
IMG	Pokémon Cobalt	Nintendo Game Boy Advance	Screenshot - Gameplay		Pok_mon_Cobalt__Screenshot_-_Gameplay____ba915a6e-573b-40cf-a5ce-c9b5d1974957.png
IMG	Pokémon Cobalt	Nintendo Game Boy Advance	Screenshot - Gameplay		Pok_mon_Cobalt__Screenshot_-_Gameplay____0e6258f7-370f-40b6-b7a7-c412924bf751.png
IMG	Pokémon Cobalt	Nintendo Game Boy Advance	Screenshot - Gameplay		Pok_mon_Cobalt__Screenshot_-_Gameplay____65d93ec6-12b8-45f8-b4b2-c84e28b572ec.png
IMG	Pokémon Cobalt	Nintendo Game Boy Advance	Screenshot - Gameplay		Pok_mon_Cobalt__Screenshot_-_Gameplay____db427782-16a3-43a9-8daa-03d141c7c8dc.png
IMG	Pokémon Cobalt	Nintendo Game Boy Advance	Screenshot - Gameplay		Pok_mon_Cobalt__Screenshot_-_Gameplay____1b755467-76a0-4308-bbb3-3358b3eb0593.png
IMG	Pokémon Cobalt	Nintendo Game Boy Advance	Screenshot - Gameplay		Pok_mon_Cobalt__Screenshot_-_Gameplay____2e5d4dae-2701-4156-95b9-58eb3388f18a.png
IMG	Pokémon Cobalt	Nintendo Game Boy Advance	Screenshot - Gameplay		Pok_mon_Cobalt__Screenshot_-_Gameplay____d47a705e-4985-451d-b39a-beb84388e511.png
IMG	Pokémon Cobalt	Nintendo Game Boy Advance	Screenshot - Game Title		Pok_mon_Cobalt__Screenshot_-_Game_Title____1cdd44d3-1382-4e70-aa2d-5540197490ae.png
IMG	Pokémon Clays' Calamity III	Nintendo Game Boy Advance	Box - Front	World	Pok_mon_Clays_Calamity_III__Box_-_Front__World__0fab4d17-774b-4f38-9164-08e8c62b43e7.png
IMG	Pokémon Clays' Calamity III	Nintendo Game Boy Advance	Screenshot - Gameplay		Pok_mon_Clays_Calamity_III__Screenshot_-_Gameplay____e397971c-5bdb-452c-a258-05e317687744.png
IMG	Pokémon Clays' Calamity III	Nintendo Game Boy Advance	Screenshot - Gameplay		Pok_mon_Clays_Calamity_III__Screenshot_-_Gameplay____91da8982-10d2-441d-8e3d-d750228c9618.png
IMG	Pokémon Clays' Calamity III	Nintendo Game Boy Advance	Screenshot - Gameplay		Pok_mon_Clays_Calamity_III__Screenshot_-_Gameplay____05de4b4b-ab6e-4f22-a827-fbdbc45ef905.png
IMG	Pokémon Conversion Emerald	Nintendo Game Boy Advance	Screenshot - Gameplay		Pok_mon_Conversion_Emerald__Screenshot_-_Gameplay____96517e0a-b010-410b-b846-b9500711b5eb.jpg
IMG	Pokémon Conversion Emerald	Nintendo Game Boy Advance	Screenshot - Gameplay		Pok_mon_Conversion_Emerald__Screenshot_-_Gameplay____b15e0cca-3ef6-4773-987c-bd2d348a3b58.jpg
IMG	Pokémon Conversion Emerald	Nintendo Game Boy Advance	Screenshot - Gameplay		Pok_mon_Conversion_Emerald__Screenshot_-_Gameplay____24a10fc3-77ec-4d71-a8f5-b65e09cc5fd5.jpg
IMG	Pokémon Conversion Emerald	Nintendo Game Boy Advance	Screenshot - Gameplay		Pok_mon_Conversion_Emerald__Screenshot_-_Gameplay____954148dd-fe29-4618-ac99-c1e36286bc4d.jpg
IMG	Pokémon Conversion Emerald	Nintendo Game Boy Advance	Screenshot - Gameplay		Pok_mon_Conversion_Emerald__Screenshot_-_Gameplay____e6910e6b-7f3b-4824-8fb7-36f4c31b2bc2.jpg
IMG	Pokémon Conversion Emerald	Nintendo Game Boy Advance	Screenshot - Gameplay		Pok_mon_Conversion_Emerald__Screenshot_-_Gameplay____67b1c676-06fb-4291-9960-ba366941b8ca.jpg
IMG	Pokémon Conversion Emerald	Nintendo Game Boy Advance	Screenshot - Gameplay		Pok_mon_Conversion_Emerald__Screenshot_-_Gameplay____886f0371-fa78-492d-a48d-6d2d6c58efcd.jpg
IMG	Pokémon Conversion Emerald	Nintendo Game Boy Advance	Screenshot - Gameplay		Pok_mon_Conversion_Emerald__Screenshot_-_Gameplay____bf6eb758-9a29-4bd2-840d-53a7d666a3ae.jpg
IMG	Pokémon Conversion Emerald	Nintendo Game Boy Advance	Screenshot - Gameplay		Pok_mon_Conversion_Emerald__Screenshot_-_Gameplay____85c08230-2410-4627-8e01-04ccd010c92b.jpg
IMG	Pokémon Conversion Emerald	Nintendo Game Boy Advance	Screenshot - Gameplay		Pok_mon_Conversion_Emerald__Screenshot_-_Gameplay____f109ac7d-651f-4836-9bf5-18f775702284.jpg
IMG	Pokémon Conversion Emerald	Nintendo Game Boy Advance	Screenshot - Gameplay		Pok_mon_Conversion_Emerald__Screenshot_-_Gameplay____87e85119-625e-43d5-806c-d35826b2bb02.jpg
IMG	Pokémon Conversion Emerald	Nintendo Game Boy Advance	Screenshot - Gameplay		Pok_mon_Conversion_Emerald__Screenshot_-_Gameplay____9f8201c2-7b7f-405c-a1ac-c62b626da6af.jpg
IMG	Pokémon Conversion Emerald	Nintendo Game Boy Advance	Screenshot - Gameplay		Pok_mon_Conversion_Emerald__Screenshot_-_Gameplay____290998a9-8576-4390-8cde-a181dce44592.jpg
IMG	Pokémon Conversion Emerald	Nintendo Game Boy Advance	Screenshot - Gameplay		Pok_mon_Conversion_Emerald__Screenshot_-_Gameplay____f8a75c11-2bf2-4ab1-949a-efcbca18fb29.jpg
IMG	Pokémon Conversion Emerald	Nintendo Game Boy Advance	Screenshot - Gameplay		Pok_mon_Conversion_Emerald__Screenshot_-_Gameplay____8004dd49-a493-48c4-a1f6-190b9b063078.jpg
IMG	Pokémon Conversion Emerald	Nintendo Game Boy Advance	Screenshot - Gameplay		Pok_mon_Conversion_Emerald__Screenshot_-_Gameplay____82991657-593b-48d2-8df9-e7f7aab61928.jpg
IMG	Pokémon Conversion Emerald	Nintendo Game Boy Advance	Screenshot - Gameplay		Pok_mon_Conversion_Emerald__Screenshot_-_Gameplay____a28ea8af-98b3-41c6-8110-39f455f077b3.jpg
IMG	Pokémon Conversion Emerald	Nintendo Game Boy Advance	Screenshot - Gameplay		Pok_mon_Conversion_Emerald__Screenshot_-_Gameplay____7937d8cb-8e05-4b8c-9041-15289927bfb5.jpg
IMG	Pokémon Conversion Emerald	Nintendo Game Boy Advance	Screenshot - Gameplay		Pok_mon_Conversion_Emerald__Screenshot_-_Gameplay____907f1159-7efd-48a9-b80f-0946640da1fb.jpg
IMG	Pokémon Conversion Emerald	Nintendo Game Boy Advance	Screenshot - Gameplay		Pok_mon_Conversion_Emerald__Screenshot_-_Gameplay____4386f807-f097-4256-a259-c3cb0f16e6c5.jpg
IMG	Pokémon Conversion Emerald	Nintendo Game Boy Advance	Screenshot - Gameplay		Pok_mon_Conversion_Emerald__Screenshot_-_Gameplay____91e32250-f70c-4951-bb46-6a7eb37ecf14.jpg
IMG	Pokémon Conversion Emerald	Nintendo Game Boy Advance	Screenshot - Gameplay		Pok_mon_Conversion_Emerald__Screenshot_-_Gameplay____787e2e78-6f3c-4244-a743-0c4bb114d599.jpg
IMG	Pokémon Conversion Emerald	Nintendo Game Boy Advance	Screenshot - Gameplay		Pok_mon_Conversion_Emerald__Screenshot_-_Gameplay____fa19f900-3eec-4642-904d-b318a1ecb9d1.jpg
IMG	Pokémon Conversion Emerald	Nintendo Game Boy Advance	Screenshot - Gameplay		Pok_mon_Conversion_Emerald__Screenshot_-_Gameplay____87cb11f3-b264-4cc1-a248-9723ac69c5b3.jpg
IMG	Pokémon Conversion Emerald	Nintendo Game Boy Advance	Screenshot - Gameplay		Pok_mon_Conversion_Emerald__Screenshot_-_Gameplay____704c504c-a1f4-4700-bf8d-aa6446a372e6.jpg
IMG	Pokémon Conversion Emerald	Nintendo Game Boy Advance	Screenshot - Gameplay		Pok_mon_Conversion_Emerald__Screenshot_-_Gameplay____eeee3749-1f39-4ea2-9a11-cbf14d6bcd9d.jpg
IMG	Pokémon Conversion Emerald	Nintendo Game Boy Advance	Screenshot - Gameplay		Pok_mon_Conversion_Emerald__Screenshot_-_Gameplay____9dadaf5d-9cc5-4bb6-9481-7259ce3ae92b.jpg
IMG	Pokémon Conversion Emerald	Nintendo Game Boy Advance	Screenshot - Gameplay		Pok_mon_Conversion_Emerald__Screenshot_-_Gameplay____9a9a08a5-1b04-433e-a76f-e2891b5b1f70.jpg
IMG	Pokémon Conversion Emerald	Nintendo Game Boy Advance	Screenshot - Gameplay		Pok_mon_Conversion_Emerald__Screenshot_-_Gameplay____013df6fa-70ca-4633-aa03-1fd0fd6e7dc7.jpg
IMG	Pokémon Conversion Emerald	Nintendo Game Boy Advance	Screenshot - Gameplay		Pok_mon_Conversion_Emerald__Screenshot_-_Gameplay____e3c5a767-acb3-4987-8e29-6f85d7071ff2.jpg
IMG	Pokémon Conversion Emerald	Nintendo Game Boy Advance	Screenshot - Gameplay		Pok_mon_Conversion_Emerald__Screenshot_-_Gameplay____c23ce9a3-781d-434e-9272-36c2ae8a2a2f.jpg
IMG	Pokémon Conversion Emerald	Nintendo Game Boy Advance	Screenshot - Gameplay		Pok_mon_Conversion_Emerald__Screenshot_-_Gameplay____0c836ba1-f087-4c08-a48f-eada65798e21.jpg
IMG	Pokémon Conversion Emerald	Nintendo Game Boy Advance	Screenshot - Gameplay		Pok_mon_Conversion_Emerald__Screenshot_-_Gameplay____6e3c512c-6367-40e9-9873-598dbd520487.jpg
IMG	Pokémon Conversion Emerald	Nintendo Game Boy Advance	Screenshot - Gameplay		Pok_mon_Conversion_Emerald__Screenshot_-_Gameplay____efebe9d9-0ecc-45f0-8f33-75ae30fbcaaa.jpg
IMG	Pokémon Conversion Emerald	Nintendo Game Boy Advance	Screenshot - Gameplay		Pok_mon_Conversion_Emerald__Screenshot_-_Gameplay____061b6147-2532-4b90-aa2c-005e0fa0f9bf.jpg
IMG	Pokémon Conversion Emerald	Nintendo Game Boy Advance	Screenshot - Gameplay		Pok_mon_Conversion_Emerald__Screenshot_-_Gameplay____0683bd9a-be7e-43ff-bd7f-52f5b006aee1.jpg
IMG	Pokémon Conversion Emerald	Nintendo Game Boy Advance	Screenshot - Gameplay		Pok_mon_Conversion_Emerald__Screenshot_-_Gameplay____30069bd1-663a-4800-b4c1-3b8dba3f8ee9.jpg
IMG	Pokémon Conversion Emerald	Nintendo Game Boy Advance	Screenshot - Gameplay		Pok_mon_Conversion_Emerald__Screenshot_-_Gameplay____e1f08b5b-1d87-45c3-926b-0a073eeaee63.jpg
IMG	Pokémon Conversion Emerald	Nintendo Game Boy Advance	Screenshot - Gameplay		Pok_mon_Conversion_Emerald__Screenshot_-_Gameplay____7517fbf0-386a-44ce-8fc9-3d175c573e7f.jpg
IMG	Pokémon Conversion Emerald	Nintendo Game Boy Advance	Screenshot - Gameplay		Pok_mon_Conversion_Emerald__Screenshot_-_Gameplay____84cbc4cd-5825-4990-aa3b-b89642c60912.jpg
IMG	Pokémon Conversion Emerald	Nintendo Game Boy Advance	Screenshot - Gameplay		Pok_mon_Conversion_Emerald__Screenshot_-_Gameplay____3516c0a4-4523-4d5f-9744-1718e39a2211.jpg
IMG	Pokémon Conversion Emerald	Nintendo Game Boy Advance	Screenshot - Gameplay		Pok_mon_Conversion_Emerald__Screenshot_-_Gameplay____7ee18074-bda9-4e2b-a941-29ed342d9365.jpg
IMG	Pokémon Conversion Emerald	Nintendo Game Boy Advance	Screenshot - Gameplay		Pok_mon_Conversion_Emerald__Screenshot_-_Gameplay____afcbded0-c4d1-4d88-a346-4a0bd04d346a.jpg
IMG	Pokémon Conversion Emerald	Nintendo Game Boy Advance	Screenshot - Gameplay		Pok_mon_Conversion_Emerald__Screenshot_-_Gameplay____03a81334-8bb1-4649-9d70-e87fe3734788.jpg
IMG	Pokémon Conversion Emerald	Nintendo Game Boy Advance	Screenshot - Gameplay		Pok_mon_Conversion_Emerald__Screenshot_-_Gameplay____39205fc3-a080-4ee8-b303-629492177e9e.jpg
IMG	Pokémon Conversion Emerald	Nintendo Game Boy Advance	Screenshot - Game Title		Pok_mon_Conversion_Emerald__Screenshot_-_Game_Title____cc5f2cc7-e75e-4863-99bf-23e0d5ed6c34.png
IMG	Pokémon Cosmic Emerald	Nintendo Game Boy Advance	Box - Front	North America	Pok_mon_Cosmic_Emerald__Box_-_Front__North_America__2983f386-48ab-4bf0-92fb-07bc303067cd.png
IMG	Pokémon Cosmic Emerald	Nintendo Game Boy Advance	Screenshot - Gameplay		Pok_mon_Cosmic_Emerald__Screenshot_-_Gameplay____5c45a0f7-127f-4c07-b065-2dbf979bda62.png
IMG	Pokémon Cosmic Emerald	Nintendo Game Boy Advance	Screenshot - Gameplay		Pok_mon_Cosmic_Emerald__Screenshot_-_Gameplay____9e987e2f-bd28-4d85-9ab0-e76a3b4d2946.png
IMG	Pokémon Cosmic Emerald	Nintendo Game Boy Advance	Screenshot - Gameplay		Pok_mon_Cosmic_Emerald__Screenshot_-_Gameplay____7b4a841c-b00c-442c-968e-5ba6fc9e6730.png
IMG	Pokémon Cosmic Emerald	Nintendo Game Boy Advance	Screenshot - Gameplay		Pok_mon_Cosmic_Emerald__Screenshot_-_Gameplay____a48b781a-a09e-45dd-aa8d-8b64e07f33f3.png
IMG	Pokémon Cosmic Emerald	Nintendo Game Boy Advance	Screenshot - Gameplay		Pok_mon_Cosmic_Emerald__Screenshot_-_Gameplay____3dd5897d-38e5-45d2-a510-45cbe6885e43.png
IMG	Pokémon Cosmic Emerald	Nintendo Game Boy Advance	Screenshot - Gameplay		Pok_mon_Cosmic_Emerald__Screenshot_-_Gameplay____ad821e99-ec7f-4643-8ace-569ce2c66ea8.png
IMG	Pokémon Cosmic Emerald	Nintendo Game Boy Advance	Screenshot - Gameplay		Pok_mon_Cosmic_Emerald__Screenshot_-_Gameplay____6ad73539-f659-49cf-87ec-bb6bb282e381.png
IMG	Pokémon Cosmic Emerald	Nintendo Game Boy Advance	Screenshot - Gameplay		Pok_mon_Cosmic_Emerald__Screenshot_-_Gameplay____337f4641-ec57-4da4-8a22-6de7316a35a6.png
IMG	Pokémon Cosmic Emerald	Nintendo Game Boy Advance	Screenshot - Gameplay		Pok_mon_Cosmic_Emerald__Screenshot_-_Gameplay____8b7ff599-c08a-49c6-9516-553de1b66793.png
IMG	Pokémon Cosmic Emerald	Nintendo Game Boy Advance	Screenshot - Game Title		Pok_mon_Cosmic_Emerald__Screenshot_-_Game_Title____1c4ff6ca-68cc-4442-b0ba-2db9f96bbef5.png
IMG	Countryball: Catch 'em All!	Nintendo Game Boy Advance	Banner		Countryball_Catch_em_All___Banner____a4b7bc20-fcd5-40fd-a6cd-d5cc5cd7dc3f.png
IMG	Countryball: Catch 'em All!	Nintendo Game Boy Advance	Banner		Countryball_Catch_em_All___Banner____4683501c-291d-41d5-ba5f-e7784fc93a72.png
IMG	Countryball: Catch 'em All!	Nintendo Game Boy Advance	Banner		Countryball_Catch_em_All___Banner____7eda2464-ffa9-4c89-86fe-66bb3dc197b2.png
IMG	Countryball: Catch 'em All!	Nintendo Game Boy Advance	Banner		Countryball_Catch_em_All___Banner____75d5db27-61a1-4d62-8b58-491232752f1a.png
IMG	Countryball: Catch 'em All!	Nintendo Game Boy Advance	Box - Back	World	Countryball_Catch_em_All___Box_-_Back__World__a306dfdd-e8e2-4e22-a863-6e4018c2716d.png
IMG	Countryball: Catch 'em All!	Nintendo Game Boy Advance	Box - Front	World	Countryball_Catch_em_All___Box_-_Front__World__74e990fc-68c5-41ac-9391-1567370a6a5e.png
IMG	Countryball: Catch 'em All!	Nintendo Game Boy Advance	Fanart - Background		Countryball_Catch_em_All___Fanart_-_Background____b51eb6ad-6045-4af4-a0a7-631a197d4f3f.png
IMG	Countryball: Catch 'em All!	Nintendo Game Boy Advance	Fanart - Background		Countryball_Catch_em_All___Fanart_-_Background____2a3bd3ee-9f17-4a5f-a70e-9f952905bbc5.png
IMG	Countryball: Catch 'em All!	Nintendo Game Boy Advance	Fanart - Background		Countryball_Catch_em_All___Fanart_-_Background____50c70342-b6ff-4c98-8f3b-83d99894182e.png
IMG	Countryball: Catch 'em All!	Nintendo Game Boy Advance	Fanart - Background		Countryball_Catch_em_All___Fanart_-_Background____f34cd712-7da7-4c52-a9b1-2a32a9849d43.png
IMG	Countryball: Catch 'em All!	Nintendo Game Boy Advance	Fanart - Background		Countryball_Catch_em_All___Fanart_-_Background____c3db73f3-6b45-45eb-90a2-3c50d91ef024.png
IMG	Countryball: Catch 'em All!	Nintendo Game Boy Advance	Fanart - Background		Countryball_Catch_em_All___Fanart_-_Background____fc29e2f2-6514-4f5d-8e8b-438cbcb72cfa.png
IMG	Countryball: Catch 'em All!	Nintendo Game Boy Advance	Fanart - Background		Countryball_Catch_em_All___Fanart_-_Background____4716182f-8424-404b-b35d-2f212313530c.png
IMG	Countryball: Catch 'em All!	Nintendo Game Boy Advance	Fanart - Background		Countryball_Catch_em_All___Fanart_-_Background____c33f295f-bf51-47cb-afd2-e7384c8fa0ad.png
IMG	Countryball: Catch 'em All!	Nintendo Game Boy Advance	Screenshot - Gameplay		Countryball_Catch_em_All___Screenshot_-_Gameplay____bf09a5d4-5fd4-40d7-a422-a39a9c5f28bf.png
IMG	Countryball: Catch 'em All!	Nintendo Game Boy Advance	Screenshot - Gameplay		Countryball_Catch_em_All___Screenshot_-_Gameplay____ecac2971-d2ff-4fde-a5db-fb59851d99f9.png
IMG	Countryball: Catch 'em All!	Nintendo Game Boy Advance	Screenshot - Gameplay		Countryball_Catch_em_All___Screenshot_-_Gameplay____ae63b940-d22a-454a-8c1b-e96d4d97913c.png
IMG	Countryball: Catch 'em All!	Nintendo Game Boy Advance	Screenshot - Gameplay		Countryball_Catch_em_All___Screenshot_-_Gameplay____e7edc711-dbff-4e89-a49c-17f8dac5167b.png
IMG	Countryball: Catch 'em All!	Nintendo Game Boy Advance	Screenshot - Gameplay		Countryball_Catch_em_All___Screenshot_-_Gameplay____a6c78c33-674b-4456-bd69-dc81f0c11fdd.png
IMG	Countryball: Catch 'em All!	Nintendo Game Boy Advance	Screenshot - Gameplay		Countryball_Catch_em_All___Screenshot_-_Gameplay____be33ab6e-761a-4fb5-bf1a-67a4dbc9f070.png
IMG	Countryball: Catch 'em All!	Nintendo Game Boy Advance	Screenshot - Gameplay		Countryball_Catch_em_All___Screenshot_-_Gameplay____87d83dc5-c2f0-4aad-979e-78ed2a5d1ec7.png
IMG	Countryball: Catch 'em All!	Nintendo Game Boy Advance	Screenshot - Gameplay		Countryball_Catch_em_All___Screenshot_-_Gameplay____e56ee0db-0c90-431e-8662-d484028d2139.png
IMG	Countryball: Catch 'em All!	Nintendo Game Boy Advance	Screenshot - Gameplay		Countryball_Catch_em_All___Screenshot_-_Gameplay____ee70e473-0311-4dca-ab67-bc64f4729620.png
IMG	Countryball: Catch 'em All!	Nintendo Game Boy Advance	Screenshot - Gameplay		Countryball_Catch_em_All___Screenshot_-_Gameplay____9be5c204-68ac-4347-b5fa-b75358d2d9e9.png
IMG	Countryball: Catch 'em All!	Nintendo Game Boy Advance	Screenshot - Gameplay		Countryball_Catch_em_All___Screenshot_-_Gameplay____ad9415a2-e125-4e4e-9f91-731a2d05be0a.png
IMG	Countryball: Catch 'em All!	Nintendo Game Boy Advance	Screenshot - Gameplay		Countryball_Catch_em_All___Screenshot_-_Gameplay____f6351570-34fd-416c-acc6-eea14bef8935.png
IMG	Countryball: Catch 'em All!	Nintendo Game Boy Advance	Screenshot - Gameplay		Countryball_Catch_em_All___Screenshot_-_Gameplay____f7bb003c-cf74-426e-b281-b3fe2e76f78f.png
IMG	Countryball: Catch 'em All!	Nintendo Game Boy Advance	Screenshot - Gameplay		Countryball_Catch_em_All___Screenshot_-_Gameplay____34f5dedd-831d-44c7-9fe7-63fc70e8813d.png
IMG	Countryball: Catch 'em All!	Nintendo Game Boy Advance	Screenshot - Gameplay		Countryball_Catch_em_All___Screenshot_-_Gameplay____cba6e25f-ee2a-4ae3-b1b5-d9ac17c1232d.png
IMG	Countryball: Catch 'em All!	Nintendo Game Boy Advance	Screenshot - Gameplay		Countryball_Catch_em_All___Screenshot_-_Gameplay____35d8e12d-0013-4c7f-a861-28c5fed1fb25.png
IMG	Countryball: Catch 'em All!	Nintendo Game Boy Advance	Screenshot - Gameplay		Countryball_Catch_em_All___Screenshot_-_Gameplay____25fd5171-43f8-4241-9625-e989ff26b732.png
IMG	Countryball: Catch 'em All!	Nintendo Game Boy Advance	Screenshot - Gameplay		Countryball_Catch_em_All___Screenshot_-_Gameplay____6d236669-2d08-4c8e-ae0f-2ed625c8b7f4.png
IMG	Countryball: Catch 'em All!	Nintendo Game Boy Advance	Screenshot - Gameplay		Countryball_Catch_em_All___Screenshot_-_Gameplay____492410e6-d310-4762-9be9-8f236e1fb305.png
IMG	Countryball: Catch 'em All!	Nintendo Game Boy Advance	Screenshot - Gameplay		Countryball_Catch_em_All___Screenshot_-_Gameplay____795a9f0e-035d-449d-9b6b-5bbf255fc0fa.png
IMG	Countryball: Catch 'em All!	Nintendo Game Boy Advance	Screenshot - Gameplay		Countryball_Catch_em_All___Screenshot_-_Gameplay____cb33ffb9-3707-40bf-a341-80a4ea054dc5.png
IMG	Countryball: Catch 'em All!	Nintendo Game Boy Advance	Screenshot - Gameplay		Countryball_Catch_em_All___Screenshot_-_Gameplay____56368ffb-de33-404a-8f15-4926531f307c.png
IMG	Countryball: Catch 'em All!	Nintendo Game Boy Advance	Screenshot - Gameplay		Countryball_Catch_em_All___Screenshot_-_Gameplay____68993fa8-ad50-4bfb-8c7a-137aab25e49c.png
IMG	Countryball: Catch 'em All!	Nintendo Game Boy Advance	Screenshot - Gameplay		Countryball_Catch_em_All___Screenshot_-_Gameplay____2893c94b-23bd-4c25-8552-af4417ccc584.png
IMG	Countryball: Catch 'em All!	Nintendo Game Boy Advance	Screenshot - Gameplay		Countryball_Catch_em_All___Screenshot_-_Gameplay____d4d2a970-0230-444b-a6b3-2f3c3dbeb487.png
IMG	Countryball: Catch 'em All!	Nintendo Game Boy Advance	Screenshot - Gameplay		Countryball_Catch_em_All___Screenshot_-_Gameplay____4640572c-c3fa-4269-b7bb-eda060d7ffc6.png
IMG	Countryball: Catch 'em All!	Nintendo Game Boy Advance	Screenshot - Gameplay		Countryball_Catch_em_All___Screenshot_-_Gameplay____b06f41b8-fe74-4fbb-a0ca-864635f7973e.png
IMG	Countryball: Catch 'em All!	Nintendo Game Boy Advance	Screenshot - Gameplay		Countryball_Catch_em_All___Screenshot_-_Gameplay____d1e32fff-9391-4ebf-ac81-81d5202fbb82.png
IMG	Countryball: Catch 'em All!	Nintendo Game Boy Advance	Screenshot - Gameplay		Countryball_Catch_em_All___Screenshot_-_Gameplay____c7a7629b-aa0c-4555-b1d6-cf7f06a89570.png
IMG	Countryball: Catch 'em All!	Nintendo Game Boy Advance	Screenshot - Gameplay		Countryball_Catch_em_All___Screenshot_-_Gameplay____845ec9b8-84a7-43b0-8795-03620490ede6.png
IMG	Countryball: Catch 'em All!	Nintendo Game Boy Advance	Screenshot - Gameplay		Countryball_Catch_em_All___Screenshot_-_Gameplay____f481760d-21f3-497b-8f47-3bd820206f6d.png
IMG	Countryball: Catch 'em All!	Nintendo Game Boy Advance	Screenshot - Gameplay		Countryball_Catch_em_All___Screenshot_-_Gameplay____6f2388e6-bf20-4020-bf62-65a061353556.png
IMG	Countryball: Catch 'em All!	Nintendo Game Boy Advance	Screenshot - Gameplay		Countryball_Catch_em_All___Screenshot_-_Gameplay____1b2e988f-c0ee-4450-ad97-35641eb5edae.png
IMG	Countryball: Catch 'em All!	Nintendo Game Boy Advance	Screenshot - Gameplay		Countryball_Catch_em_All___Screenshot_-_Gameplay____81e67f3f-c25a-4079-b367-9fb92c31d735.png
IMG	Countryball: Catch 'em All!	Nintendo Game Boy Advance	Screenshot - Game Title		Countryball_Catch_em_All___Screenshot_-_Game_Title____84e59ad3-200e-40a7-a154-05da737b7d69.png
IMG	Pokémon CrystalDust	Nintendo Game Boy Advance	Fanart - Box - Front	World	Pok_mon_CrystalDust__Fanart_-_Box_-_Front__World__650d9753-930f-4294-9c4a-2484f7bf04a5.jpg
IMG	Pokémon CrystalDust	Nintendo Game Boy Advance	Screenshot - Gameplay		Pok_mon_CrystalDust__Screenshot_-_Gameplay____e929b411-2eb7-4fcd-80ea-8a4b9ea2c1f9.png
IMG	Pokémon CrystalDust	Nintendo Game Boy Advance	Screenshot - Gameplay		Pok_mon_CrystalDust__Screenshot_-_Gameplay____1208c29a-9065-4492-8ce1-83c38c63835f.png
IMG	Pokémon CrystalDust	Nintendo Game Boy Advance	Screenshot - Gameplay		Pok_mon_CrystalDust__Screenshot_-_Gameplay____ece5a4aa-13c5-4fd5-a694-64cec85169a9.png
IMG	Pokémon CrystalDust	Nintendo Game Boy Advance	Screenshot - Gameplay		Pok_mon_CrystalDust__Screenshot_-_Gameplay____59d3a091-85d5-4ac3-bf44-76d4bfecf36a.png
IMG	Pokémon CrystalDust	Nintendo Game Boy Advance	Screenshot - Gameplay		Pok_mon_CrystalDust__Screenshot_-_Gameplay____8870459d-3101-4a85-bb75-38070ddd2967.png
IMG	Pokémon CrystalDust	Nintendo Game Boy Advance	Screenshot - Gameplay		Pok_mon_CrystalDust__Screenshot_-_Gameplay____89df559a-1b0c-4a8b-a496-f3b9c1af595d.png
IMG	Pokémon CrystalDust	Nintendo Game Boy Advance	Screenshot - Gameplay		Pok_mon_CrystalDust__Screenshot_-_Gameplay____064b61ad-b8d8-4b7b-b8c0-5d4a2e86e8ce.png
IMG	Pokémon CrystalDust	Nintendo Game Boy Advance	Screenshot - Gameplay		Pok_mon_CrystalDust__Screenshot_-_Gameplay____11f522ef-248e-43fd-ac5e-ab9d723f7b97.png
IMG	Pokémon CrystalDust	Nintendo Game Boy Advance	Screenshot - Gameplay		Pok_mon_CrystalDust__Screenshot_-_Gameplay____7e48fbac-15ab-421d-a313-07153f7f91bf.png
IMG	Pokémon CrystalDust	Nintendo Game Boy Advance	Screenshot - Gameplay		Pok_mon_CrystalDust__Screenshot_-_Gameplay____a6e1e4ff-44fc-4839-851d-72ae54f013c1.png
IMG	Pokémon CrystalDust	Nintendo Game Boy Advance	Screenshot - Gameplay		Pok_mon_CrystalDust__Screenshot_-_Gameplay____d534bd04-0f44-4d1a-88ec-c7bbda688c07.png
IMG	Pokémon CrystalDust	Nintendo Game Boy Advance	Screenshot - Gameplay		Pok_mon_CrystalDust__Screenshot_-_Gameplay____705bb679-747d-41bd-89b3-f62326f6a0b1.png
IMG	Pokémon CrystalDust	Nintendo Game Boy Advance	Screenshot - Gameplay		Pok_mon_CrystalDust__Screenshot_-_Gameplay____d78e1ff0-0d79-4c8e-85ed-fac9b739ab3a.png
IMG	Pokémon CrystalDust	Nintendo Game Boy Advance	Screenshot - Gameplay		Pok_mon_CrystalDust__Screenshot_-_Gameplay____0a43858c-69bf-4d4f-aaf8-402c7f875997.png
IMG	Pokémon CrystalDust	Nintendo Game Boy Advance	Screenshot - Gameplay		Pok_mon_CrystalDust__Screenshot_-_Gameplay____61d89d7a-455b-4e66-9006-64c8cfdd1b7e.png
IMG	Pokémon CrystalDust	Nintendo Game Boy Advance	Screenshot - Gameplay		Pok_mon_CrystalDust__Screenshot_-_Gameplay____c02c31ee-087e-4539-9fb3-cf59e8a012f7.png
IMG	Pokémon CrystalDust	Nintendo Game Boy Advance	Screenshot - Gameplay		Pok_mon_CrystalDust__Screenshot_-_Gameplay____9f6450ad-f813-49c8-8019-6f18482a4466.png
IMG	Pokémon CrystalDust	Nintendo Game Boy Advance	Screenshot - Gameplay		Pok_mon_CrystalDust__Screenshot_-_Gameplay____b8fd602e-3c71-4cd3-96dc-f8e0ddcff666.png
IMG	Pokémon CrystalDust	Nintendo Game Boy Advance	Screenshot - Gameplay		Pok_mon_CrystalDust__Screenshot_-_Gameplay____3a9437da-173a-4530-b2aa-6e7650bd7bd0.png
IMG	Pokémon CrystalDust	Nintendo Game Boy Advance	Screenshot - Gameplay		Pok_mon_CrystalDust__Screenshot_-_Gameplay____1c749e69-a31c-474e-82d7-1c01d71e0f3a.png
IMG	Pokémon CrystalDust	Nintendo Game Boy Advance	Screenshot - Gameplay		Pok_mon_CrystalDust__Screenshot_-_Gameplay____534d1814-7f11-461c-959a-5476529f4ef1.png
IMG	Pokémon CrystalDust	Nintendo Game Boy Advance	Screenshot - Gameplay		Pok_mon_CrystalDust__Screenshot_-_Gameplay____86ac2819-f45d-4ca0-be61-d213b7c4bbeb.png
IMG	Pokémon CrystalDust	Nintendo Game Boy Advance	Screenshot - Gameplay		Pok_mon_CrystalDust__Screenshot_-_Gameplay____fde67308-d4a6-4d38-bb06-a59f54e5d13e.png
IMG	Pokémon CrystalDust	Nintendo Game Boy Advance	Screenshot - Gameplay		Pok_mon_CrystalDust__Screenshot_-_Gameplay____7040328c-f248-45d5-8991-d5111adf88bb.png
IMG	Pokémon CrystalDust	Nintendo Game Boy Advance	Screenshot - Gameplay		Pok_mon_CrystalDust__Screenshot_-_Gameplay____bef19509-2022-4227-9595-a762bf6b107d.png
IMG	Pokémon CrystalDust	Nintendo Game Boy Advance	Screenshot - Gameplay		Pok_mon_CrystalDust__Screenshot_-_Gameplay____93941aa3-630c-4e65-b421-77f5e838a611.png
IMG	Pokémon CrystalDust	Nintendo Game Boy Advance	Screenshot - Gameplay		Pok_mon_CrystalDust__Screenshot_-_Gameplay____9ce1bad3-a7bd-41d8-afff-9dc8b649c644.png
IMG	Pokémon CrystalDust	Nintendo Game Boy Advance	Screenshot - Gameplay		Pok_mon_CrystalDust__Screenshot_-_Gameplay____7154b219-6dc1-46b8-a6d0-74cc7b39fe62.png
IMG	Pokémon CrystalDust	Nintendo Game Boy Advance	Screenshot - Gameplay		Pok_mon_CrystalDust__Screenshot_-_Gameplay____ba8a1e5e-b500-4fe6-89e7-6ff633f09006.png
IMG	Pokémon CrystalDust	Nintendo Game Boy Advance	Screenshot - Gameplay		Pok_mon_CrystalDust__Screenshot_-_Gameplay____e9f3a7ad-fbde-46f8-9e90-1b0fe98886f6.png
IMG	Pokémon CrystalDust	Nintendo Game Boy Advance	Screenshot - Game Title		Pok_mon_CrystalDust__Screenshot_-_Game_Title____fe0d9544-5cbe-4499-a8f2-779a7399521a.png
IMG	Pokémon Crono	Nintendo Game Boy Advance	Banner		Pok_mon_Crono__Banner____ad2fd917-83c5-4b81-a2eb-c6e279cdc369.png
IMG	Pokémon Crono	Nintendo Game Boy Advance	Box - Front	World	Pok_mon_Crono__Box_-_Front__World__343cdff3-8c17-459b-8cd0-d939c3769c05.png
IMG	Pokémon Crono	Nintendo Game Boy Advance	Screenshot - Gameplay		Pok_mon_Crono__Screenshot_-_Gameplay____1672a89b-0dc0-4b60-899b-e04a90d727a5.png
IMG	Pokémon Crono	Nintendo Game Boy Advance	Screenshot - Gameplay		Pok_mon_Crono__Screenshot_-_Gameplay____3bf08b5b-aa04-463a-922e-f3e83fcd9eba.png
IMG	Pokémon Crono	Nintendo Game Boy Advance	Screenshot - Gameplay		Pok_mon_Crono__Screenshot_-_Gameplay____b8a686a8-96a0-4937-8299-4ee9ce7e74b7.png
IMG	Pokémon Crono	Nintendo Game Boy Advance	Screenshot - Gameplay		Pok_mon_Crono__Screenshot_-_Gameplay____bb78b048-0f2e-464c-97cf-64c0d1e5d671.png
IMG	Pokémon Crono	Nintendo Game Boy Advance	Screenshot - Gameplay		Pok_mon_Crono__Screenshot_-_Gameplay____a59ed1a3-1b6e-459e-a0e9-3badb17d27ce.png
IMG	Pokémon Crono	Nintendo Game Boy Advance	Screenshot - Gameplay		Pok_mon_Crono__Screenshot_-_Gameplay____2452d583-088a-48b2-8444-9e1e41a38810.png
IMG	Pokémon Crono	Nintendo Game Boy Advance	Screenshot - Gameplay		Pok_mon_Crono__Screenshot_-_Gameplay____6bf408a2-8c88-4baa-b495-72525c21d7c2.png
IMG	Pokémon Crono	Nintendo Game Boy Advance	Screenshot - Gameplay		Pok_mon_Crono__Screenshot_-_Gameplay____9cd5a1d3-2a14-455b-b95c-8ec77ff5d78e.png
IMG	Pokémon Crono	Nintendo Game Boy Advance	Screenshot - Game Title		Pok_mon_Crono__Screenshot_-_Game_Title____3377c4ad-0b14-4f4a-9b63-85f8b2934e53.png
IMG	Pokémon Unbound Battle Frontier	Nintendo Game Boy Advance	Banner	World	Pok_mon_Unbound_Battle_Frontier__Banner__World__r2_becc605e-67fa-4dd6-a091-2b0d8d6a786a.png
IMG	Pokémon Unbound Battle Frontier	Nintendo Game Boy Advance	Box - Front	World	Pok_mon_Unbound_Battle_Frontier__Box_-_Front__World__r2_4f39f4d2-001d-4b4e-b2e5-c7d6148ea6e0.png
IMG	Pokémon Unbound Battle Frontier	Nintendo Game Boy Advance	Clear Logo	World	Pok_mon_Unbound_Battle_Frontier__Clear_Logo__World__r2_236e5a60-1195-4b72-84da-b01121113045.png
IMG	Pokémon Creepy Black	Nintendo Game Boy Advance	Box - Back	World	Pok_mon_Creepy_Black__Box_-_Back__World__af0bd68f-14fa-4c62-88f2-076fa47e4084.png
IMG	Pokémon Creepy Black	Nintendo Game Boy Advance	Box - Front	World	Pok_mon_Creepy_Black__Box_-_Front__World__5ea1d034-a3b1-4d64-bdde-cddbfdd584b8.png
IMG	Pokémon Creepy Black	Nintendo Game Boy Advance	Cart - Front	World	Pok_mon_Creepy_Black__Cart_-_Front__World__36c71a90-93d6-4f42-9eb3-8f7e86e89887.png
IMG	Pokémon Creepy Black	Nintendo Game Boy Advance	Screenshot - Gameplay		Pok_mon_Creepy_Black__Screenshot_-_Gameplay____7fa90919-0fe7-4ffe-b2fb-298866479da0.png
IMG	Pokémon Creepy Black	Nintendo Game Boy Advance	Screenshot - Gameplay		Pok_mon_Creepy_Black__Screenshot_-_Gameplay____a4fcfdef-1489-4a8d-b65d-e7a035ab7905.png
IMG	Pokémon Creepy Black	Nintendo Game Boy Advance	Screenshot - Gameplay		Pok_mon_Creepy_Black__Screenshot_-_Gameplay____63807e81-c142-4384-8497-a851a3c51b8b.png
IMG	Pokémon Creepy Black	Nintendo Game Boy Advance	Screenshot - Gameplay		Pok_mon_Creepy_Black__Screenshot_-_Gameplay____7def4fe5-a49e-4505-8025-76f2a4d16db8.png
IMG	Pokémon Creepy Black	Nintendo Game Boy Advance	Screenshot - Gameplay		Pok_mon_Creepy_Black__Screenshot_-_Gameplay____33c3ae84-325c-496a-8676-fc097a2c98cc.png
IMG	Pokémon Creepy Black	Nintendo Game Boy Advance	Screenshot - Gameplay		Pok_mon_Creepy_Black__Screenshot_-_Gameplay____016f9857-009e-446f-8175-538d614001d1.png
IMG	Pokémon Creepy Black	Nintendo Game Boy Advance	Screenshot - Gameplay		Pok_mon_Creepy_Black__Screenshot_-_Gameplay____4e0d6355-cfbe-47a5-a223-db2377fe83f9.png
IMG	Pokémon Creepy Black	Nintendo Game Boy Advance	Screenshot - Gameplay		Pok_mon_Creepy_Black__Screenshot_-_Gameplay____191a813b-fff9-42ae-bda6-33ceef36b601.png
IMG	Pokémon Creepy Black	Nintendo Game Boy Advance	Screenshot - Gameplay		Pok_mon_Creepy_Black__Screenshot_-_Gameplay____16255e3f-3af7-43bf-b796-debb67f24cae.png
IMG	Pokémon Creepy Black	Nintendo Game Boy Advance	Screenshot - Gameplay		Pok_mon_Creepy_Black__Screenshot_-_Gameplay____fb8ce6b7-f667-44bf-8ecc-3e1da5b88ce1.png
IMG	Pokémon Creepy Black	Nintendo Game Boy Advance	Screenshot - Gameplay		Pok_mon_Creepy_Black__Screenshot_-_Gameplay____ea3eef61-6f63-4e3c-95e8-d00932d1e245.png
IMG	Pokémon Creepy Black	Nintendo Game Boy Advance	Screenshot - Gameplay		Pok_mon_Creepy_Black__Screenshot_-_Gameplay____0d54961c-6581-413a-9f51-e5c9a4eb99fa.png
IMG	Pokémon Creepy Black	Nintendo Game Boy Advance	Screenshot - Gameplay		Pok_mon_Creepy_Black__Screenshot_-_Gameplay____f6e01564-830f-4ec8-b0d1-98b0f9076470.png
IMG	Pokémon Creepy Black	Nintendo Game Boy Advance	Screenshot - Gameplay		Pok_mon_Creepy_Black__Screenshot_-_Gameplay____299ca236-36b6-4884-adb3-30f6151234c8.png
IMG	Pokémon Creepy Black	Nintendo Game Boy Advance	Screenshot - Gameplay		Pok_mon_Creepy_Black__Screenshot_-_Gameplay____ee283916-428b-4e99-b152-7d64b181f52b.png
IMG	Pokémon Creepy Black	Nintendo Game Boy Advance	Screenshot - Gameplay		Pok_mon_Creepy_Black__Screenshot_-_Gameplay____aa6266a5-884d-4b11-a5f5-9a2e143c9ecd.png
IMG	Pokémon Creepy Black	Nintendo Game Boy Advance	Screenshot - Gameplay		Pok_mon_Creepy_Black__Screenshot_-_Gameplay____66cb401a-73bd-49d9-870c-62f5da108359.png
IMG	Pokémon Creepy Black	Nintendo Game Boy Advance	Screenshot - Game Title		Pok_mon_Creepy_Black__Screenshot_-_Game_Title____851ee0d4-ce79-46a7-96f1-9637d8b651fa.png
IMG	Pokémon Crimson	Nintendo Game Boy Advance	Box - Front	Australia	Pok_mon_Crimson__Box_-_Front__Australia__8cbe9d17-c96b-4d21-9aa3-939ef6d1e294.png
IMG	Pokémon Crimson	Nintendo Game Boy Advance	Screenshot - Gameplay		Pok_mon_Crimson__Screenshot_-_Gameplay____49847ae0-ef4d-496a-b431-228926c06c03.png
IMG	Pokémon Crimson	Nintendo Game Boy Advance	Screenshot - Gameplay		Pok_mon_Crimson__Screenshot_-_Gameplay____1f38c1fd-1376-4c34-9ce6-500270816996.png
IMG	Pokémon Crimson	Nintendo Game Boy Advance	Screenshot - Gameplay		Pok_mon_Crimson__Screenshot_-_Gameplay____fc8a5fb1-7374-452f-9096-e29b64c247b3.png
IMG	Pokémon Crimson	Nintendo Game Boy Advance	Screenshot - Gameplay		Pok_mon_Crimson__Screenshot_-_Gameplay____ef00d821-21dd-42bb-9b16-e335c123c157.png
IMG	Pokémon Crimson	Nintendo Game Boy Advance	Screenshot - Gameplay		Pok_mon_Crimson__Screenshot_-_Gameplay____c83f8863-80a8-405a-bd95-da724b4a9d6d.png
IMG	Pokémon Crimson	Nintendo Game Boy Advance	Screenshot - Gameplay		Pok_mon_Crimson__Screenshot_-_Gameplay____142d1060-2264-42b8-8fb6-42e49ec27de1.png
IMG	Pokémon Crimson	Nintendo Game Boy Advance	Screenshot - Gameplay		Pok_mon_Crimson__Screenshot_-_Gameplay____ed56915e-73f0-48cd-b963-f0292098117b.png
IMG	Pokémon Crimson	Nintendo Game Boy Advance	Screenshot - Gameplay		Pok_mon_Crimson__Screenshot_-_Gameplay____b7e67e6e-1309-4f07-96a5-fa5d97a542f1.png
IMG	Pokémon Crimson	Nintendo Game Boy Advance	Screenshot - Gameplay		Pok_mon_Crimson__Screenshot_-_Gameplay____8380b443-b1e8-40ec-a870-85c24734d608.png
IMG	Pokémon Crimson	Nintendo Game Boy Advance	Screenshot - Gameplay		Pok_mon_Crimson__Screenshot_-_Gameplay____4fc94613-14c2-4c53-868e-1ec7f6ad5f77.png
IMG	Pokémon Crimson	Nintendo Game Boy Advance	Screenshot - Gameplay		Pok_mon_Crimson__Screenshot_-_Gameplay____f75b3f30-7238-4c2d-874c-00fb75846a59.png
IMG	Pokémon Crimson	Nintendo Game Boy Advance	Screenshot - Gameplay		Pok_mon_Crimson__Screenshot_-_Gameplay____c1decc57-c285-430a-b2db-7f62b5abfa06.png
IMG	Pokémon Crimson	Nintendo Game Boy Advance	Screenshot - Game Title		Pok_mon_Crimson__Screenshot_-_Game_Title____e11751e0-9a10-4577-bc2a-345394c0b375.png
IMG	Pokémon Crystal Shards	Nintendo Game Boy Advance	Box - Back	World	Pok_mon_Crystal_Shards__Box_-_Back__World__e731807d-da5e-467f-b8fc-625f85471ad6.png
IMG	Pokémon Crystal Shards	Nintendo Game Boy Advance	Box - Front	World	Pok_mon_Crystal_Shards__Box_-_Front__World__1461f2cb-6c71-41d4-a179-e84f16f303d7.png
IMG	Pokémon Crystal Shards	Nintendo Game Boy Advance	Screenshot - Gameplay		Pok_mon_Crystal_Shards__Screenshot_-_Gameplay____8a3065b8-68a5-4e56-8f5b-3ef0ae0daedd.png
IMG	Pokémon Crystal Shards	Nintendo Game Boy Advance	Screenshot - Gameplay		Pok_mon_Crystal_Shards__Screenshot_-_Gameplay____d5a06113-f411-47f0-b504-a6443a5ef66c.png
IMG	Pokémon Crystal Shards	Nintendo Game Boy Advance	Screenshot - Gameplay		Pok_mon_Crystal_Shards__Screenshot_-_Gameplay____6cd9def2-7598-4030-87c5-69e297a67f0f.png
IMG	Pokémon Crystal Shards	Nintendo Game Boy Advance	Screenshot - Gameplay		Pok_mon_Crystal_Shards__Screenshot_-_Gameplay____4e48c405-0a52-4d20-b4fb-642d7b4b22de.png
IMG	Pokémon Crystal Shards	Nintendo Game Boy Advance	Screenshot - Gameplay		Pok_mon_Crystal_Shards__Screenshot_-_Gameplay____5259dd35-fc78-4f50-b60c-c866ae179453.png
IMG	Pokémon Crystal Shards	Nintendo Game Boy Advance	Screenshot - Gameplay		Pok_mon_Crystal_Shards__Screenshot_-_Gameplay____39199264-8056-4cf0-a306-546c1b32fb2d.png
IMG	Pokémon Crystal Shards	Nintendo Game Boy Advance	Screenshot - Gameplay		Pok_mon_Crystal_Shards__Screenshot_-_Gameplay____116147df-1163-4c05-87bd-4287dd4a0c33.png
IMG	Pokémon Crystal Shards	Nintendo Game Boy Advance	Screenshot - Gameplay		Pok_mon_Crystal_Shards__Screenshot_-_Gameplay____4da53e11-5387-4c1f-83e5-5efc62044fd1.png
IMG	Pokémon Crystal Shards	Nintendo Game Boy Advance	Screenshot - Gameplay		Pok_mon_Crystal_Shards__Screenshot_-_Gameplay____6ec3bc8d-087c-4fa2-a41a-430c95f2a6b2.png
IMG	Pokémon Crystal Shards	Nintendo Game Boy Advance	Screenshot - Gameplay		Pok_mon_Crystal_Shards__Screenshot_-_Gameplay____624e7f89-9acd-4ec4-9ef9-7443f9e11d56.png
IMG	Pokémon Crystal Shards	Nintendo Game Boy Advance	Screenshot - Gameplay		Pok_mon_Crystal_Shards__Screenshot_-_Gameplay____134e3e1c-3341-4038-bbe2-8e6a67e86d0a.png
IMG	Pokémon Crystal Shards	Nintendo Game Boy Advance	Screenshot - Gameplay		Pok_mon_Crystal_Shards__Screenshot_-_Gameplay____03d12537-f4f8-46b9-9fd5-6cda915877a6.png
IMG	Pokémon Crystal Shards	Nintendo Game Boy Advance	Screenshot - Gameplay		Pok_mon_Crystal_Shards__Screenshot_-_Gameplay____c0cdc7d5-2811-4d7c-b5e2-96d14a36e4a8.png
IMG	Pokémon Crystal Shards	Nintendo Game Boy Advance	Screenshot - Gameplay		Pok_mon_Crystal_Shards__Screenshot_-_Gameplay____292ab74e-61b5-46a4-8ca3-7f629861a966.png
IMG	Pokémon Crystal Shards	Nintendo Game Boy Advance	Screenshot - Gameplay		Pok_mon_Crystal_Shards__Screenshot_-_Gameplay____c5126389-31f3-4ff3-9886-0c714c774f1d.png
IMG	Pokémon Crystal Shards	Nintendo Game Boy Advance	Screenshot - Gameplay		Pok_mon_Crystal_Shards__Screenshot_-_Gameplay____cc510cf1-7c69-49da-a6dd-697f1eb1abde.png
IMG	Pokémon Crystal Shards	Nintendo Game Boy Advance	Screenshot - Gameplay		Pok_mon_Crystal_Shards__Screenshot_-_Gameplay____3b66a58c-3676-4bab-ad76-a667eb69edcf.png
IMG	Pokémon Crystal Shards	Nintendo Game Boy Advance	Screenshot - Gameplay		Pok_mon_Crystal_Shards__Screenshot_-_Gameplay____27b8c236-de15-4958-ba42-609757dce39e.png
IMG	Pokémon Crystal Shards	Nintendo Game Boy Advance	Screenshot - Gameplay		Pok_mon_Crystal_Shards__Screenshot_-_Gameplay____392b0368-e17b-4acc-bff6-98e54e8bc872.png
IMG	Pokémon Crystal Shards	Nintendo Game Boy Advance	Screenshot - Gameplay		Pok_mon_Crystal_Shards__Screenshot_-_Gameplay____316c3454-1c4a-41e9-87f2-dfc098d28ebe.png
IMG	Pokémon Crystal Shards	Nintendo Game Boy Advance	Screenshot - Game Title		Pok_mon_Crystal_Shards__Screenshot_-_Game_Title____5b2415cc-7aae-447b-a13c-5df5766d72cb.png
IMG	Pokémon Crystallos	Nintendo Game Boy Advance	Box - Front	World	Pok_mon_Crystallos__Box_-_Front__World__6f0b8aea-7ede-4a25-b218-1967bbf98e55.png
IMG	Pokémon Crystallos	Nintendo Game Boy Advance	Screenshot - Gameplay		Pok_mon_Crystallos__Screenshot_-_Gameplay____15c9a841-67ac-4178-b5d8-ec46882e98bd.png
IMG	Pokémon Crystallos	Nintendo Game Boy Advance	Screenshot - Gameplay		Pok_mon_Crystallos__Screenshot_-_Gameplay____f0159bf5-60bd-41a8-8188-1a437c1f9687.png
IMG	Pokémon Crystallos	Nintendo Game Boy Advance	Screenshot - Gameplay		Pok_mon_Crystallos__Screenshot_-_Gameplay____f5ab9652-ab9e-431f-8e3a-6707eccc10bf.png
IMG	Pokémon Crystallos	Nintendo Game Boy Advance	Screenshot - Gameplay		Pok_mon_Crystallos__Screenshot_-_Gameplay____4cf58139-703c-427b-b2bc-b459478b696b.png
IMG	Pokémon Crystallos	Nintendo Game Boy Advance	Screenshot - Gameplay		Pok_mon_Crystallos__Screenshot_-_Gameplay____142fe30e-160f-4f00-b5b5-97a34d005dcc.png
IMG	Pokémon Crystallos	Nintendo Game Boy Advance	Screenshot - Gameplay		Pok_mon_Crystallos__Screenshot_-_Gameplay____985532b6-9f96-485d-b97a-f707fac617a8.png
IMG	Pokémon Crystallos	Nintendo Game Boy Advance	Screenshot - Gameplay		Pok_mon_Crystallos__Screenshot_-_Gameplay____5cd5f90e-4fb3-4f6f-ad64-10c265ae9b1a.png
IMG	Pokémon Crystallos	Nintendo Game Boy Advance	Screenshot - Gameplay		Pok_mon_Crystallos__Screenshot_-_Gameplay____1d994fef-1ac4-4b33-9034-cdb44104b8a2.png
IMG	Pokémon Crystallos	Nintendo Game Boy Advance	Screenshot - Gameplay		Pok_mon_Crystallos__Screenshot_-_Gameplay____dc888173-cc46-4bfb-9659-5ff18adf6df0.png
IMG	Pokémon Crystallos	Nintendo Game Boy Advance	Screenshot - Game Title		Pok_mon_Crystallos__Screenshot_-_Game_Title____4eb199eb-8078-4ea7-90de-e30cc6c9b70f.png
IMG	Pokémon Holidays Hacks Halloween (Cursed Version)	Nintendo Game Boy Advance	Box - Front	World	Pok_mon_Holidays_Hacks_Halloween_Cursed_Version___Box_-_Front__World__42fb797b-dea5-467a-96b6-ab5a81bba3ce.jpg
IMG	Pokémon Holidays Hacks Halloween (Cursed Version)	Nintendo Game Boy Advance	Box - Spine	World	Pok_mon_Holidays_Hacks_Halloween_Cursed_Version___Box_-_Spine__World__9ba51793-ea8a-41c3-bf55-3922fa23368b.jpg
IMG	Pokémon Holidays Hacks Halloween (Cursed Version)	Nintendo Game Boy Advance	Cart - Front	World	Pok_mon_Holidays_Hacks_Halloween_Cursed_Version___Cart_-_Front__World__021600b3-e6a5-4f85-b324-dbec069cd0ba.png
IMG	Pokémon Holidays Hacks Halloween (Cursed Version)	Nintendo Game Boy Advance	Fanart - Box - Back		Pok_mon_Holidays_Hacks_Halloween_Cursed_Version___Fanart_-_Box_-_Back____846fd321-bea2-434d-ab78-352903b863d4.jpg
IMG	Pokémon Holidays Hacks Halloween (Cursed Version)	Nintendo Game Boy Advance	Screenshot - Gameplay		Pok_mon_Holidays_Hacks_Halloween_Cursed_Version___Screenshot_-_Gameplay____31de92eb-4262-4f90-94c1-fca151e44297.png
IMG	Pokémon Holidays Hacks Halloween (Cursed Version)	Nintendo Game Boy Advance	Screenshot - Gameplay		Pok_mon_Holidays_Hacks_Halloween_Cursed_Version___Screenshot_-_Gameplay____e9d74590-e614-414f-b8b4-6ecbe1f1a978.png
IMG	Pokémon Holidays Hacks Halloween (Cursed Version)	Nintendo Game Boy Advance	Screenshot - Gameplay		Pok_mon_Holidays_Hacks_Halloween_Cursed_Version___Screenshot_-_Gameplay____e161d29d-a323-4dfc-aea0-2ac3edfc879d.png
IMG	Pokémon Holidays Hacks Halloween (Cursed Version)	Nintendo Game Boy Advance	Screenshot - Gameplay		Pok_mon_Holidays_Hacks_Halloween_Cursed_Version___Screenshot_-_Gameplay____a3739852-87f9-493f-a02b-73a03834e57b.png
IMG	Pokémon Holidays Hacks Halloween (Cursed Version)	Nintendo Game Boy Advance	Screenshot - Gameplay		Pok_mon_Holidays_Hacks_Halloween_Cursed_Version___Screenshot_-_Gameplay____9fdef1d4-82db-4f5a-86b1-b3802008f94a.png
IMG	Pokémon Holidays Hacks Halloween (Cursed Version)	Nintendo Game Boy Advance	Screenshot - Gameplay		Pok_mon_Holidays_Hacks_Halloween_Cursed_Version___Screenshot_-_Gameplay____7c425b3d-ed55-450a-a3c3-f067a1ce86e7.png
IMG	Pokémon Holidays Hacks Halloween (Cursed Version)	Nintendo Game Boy Advance	Screenshot - Gameplay		Pok_mon_Holidays_Hacks_Halloween_Cursed_Version___Screenshot_-_Gameplay____2b5101f1-5e75-4d14-931b-601dbc09861d.png
IMG	Pokémon Holidays Hacks Halloween (Cursed Version)	Nintendo Game Boy Advance	Screenshot - Gameplay		Pok_mon_Holidays_Hacks_Halloween_Cursed_Version___Screenshot_-_Gameplay____241d1605-ec3e-436f-a764-0ae85ec88cf5.png
IMG	Pokémon Holidays Hacks Halloween (Cursed Version)	Nintendo Game Boy Advance	Screenshot - Gameplay		Pok_mon_Holidays_Hacks_Halloween_Cursed_Version___Screenshot_-_Gameplay____8c1c84d4-6cb8-46af-993b-574c4c2c2bf9.png
IMG	Pokémon Holidays Hacks Halloween (Cursed Version)	Nintendo Game Boy Advance	Screenshot - Gameplay		Pok_mon_Holidays_Hacks_Halloween_Cursed_Version___Screenshot_-_Gameplay____a0db2743-ef55-44c0-82c2-ab019356d1ae.png
IMG	Pokémon Holidays Hacks Halloween (Cursed Version)	Nintendo Game Boy Advance	Screenshot - Gameplay		Pok_mon_Holidays_Hacks_Halloween_Cursed_Version___Screenshot_-_Gameplay____039c14dd-561d-49d1-81ea-c91515aa2ca8.png
IMG	Pokémon Holidays Hacks Halloween (Cursed Version)	Nintendo Game Boy Advance	Screenshot - Gameplay		Pok_mon_Holidays_Hacks_Halloween_Cursed_Version___Screenshot_-_Gameplay____6cb7f156-78df-4bda-9dec-cfccb4b133fd.png
IMG	Pokémon Holidays Hacks Halloween (Cursed Version)	Nintendo Game Boy Advance	Screenshot - Game Title		Pok_mon_Holidays_Hacks_Halloween_Cursed_Version___Screenshot_-_Game_Title____2f23d0e3-6137-4836-8e34-f3b3abdb1a35.png
IMG	Pokémon Daia	Nintendo Game Boy Advance	Screenshot - Gameplay		Pok_mon_Daia__Screenshot_-_Gameplay____2b7b0701-dfcc-494c-976b-ae9653368537.png
IMG	Pokémon Daia	Nintendo Game Boy Advance	Screenshot - Gameplay		Pok_mon_Daia__Screenshot_-_Gameplay____e7578c72-a88b-41c5-a029-3538b62e2a2d.png
IMG	Pokémon Dardusk	Nintendo Game Boy Advance	Box - Front	World	Pok_mon_Dardusk__Box_-_Front__World__95440e5e-d7cd-4a35-afd7-714479c880f0.png
IMG	Pokémon Dardusk	Nintendo Game Boy Advance	Screenshot - Gameplay		Pok_mon_Dardusk__Screenshot_-_Gameplay____c9ec47c2-2250-4f40-b0d0-613bf5dea1b2.png
IMG	Pokémon Dardusk	Nintendo Game Boy Advance	Screenshot - Gameplay		Pok_mon_Dardusk__Screenshot_-_Gameplay____ea6011db-7bb6-412b-b83e-9a2cfecb579b.png
IMG	Pokémon Dardusk	Nintendo Game Boy Advance	Screenshot - Gameplay		Pok_mon_Dardusk__Screenshot_-_Gameplay____4a9115cc-f2d7-42d2-9dc9-187256c294e9.png
IMG	Pokémon Dardusk	Nintendo Game Boy Advance	Screenshot - Gameplay		Pok_mon_Dardusk__Screenshot_-_Gameplay____0d512f98-a16e-48e1-b2e1-81035f7941ac.png
IMG	Pokémon Dardusk	Nintendo Game Boy Advance	Screenshot - Gameplay		Pok_mon_Dardusk__Screenshot_-_Gameplay____86ace7d5-8483-4101-85b6-12476dfb5648.png
IMG	Pokémon Dardusk	Nintendo Game Boy Advance	Screenshot - Gameplay		Pok_mon_Dardusk__Screenshot_-_Gameplay____ee250035-6a8c-4cde-a7f3-5010c676a1e3.png
IMG	Pokémon Dardusk	Nintendo Game Boy Advance	Screenshot - Gameplay		Pok_mon_Dardusk__Screenshot_-_Gameplay____cc976bbe-2e28-4f6f-bf96-9db18f818116.png
IMG	Pokémon Dardusk	Nintendo Game Boy Advance	Screenshot - Gameplay		Pok_mon_Dardusk__Screenshot_-_Gameplay____47beabef-4caa-4b6e-9a4b-c0689deb5215.png
IMG	Pokémon Dardusk	Nintendo Game Boy Advance	Screenshot - Gameplay		Pok_mon_Dardusk__Screenshot_-_Gameplay____7c4a8b14-4c27-44ce-ba97-6c194727d44c.png
IMG	Pokémon Dardusk	Nintendo Game Boy Advance	Screenshot - Game Title		Pok_mon_Dardusk__Screenshot_-_Game_Title____ab8c2c15-9f34-47e5-8c00-2ce6b7848e7d.png
IMG	Pokémon Dark Begin	Nintendo Game Boy Advance	Box - Front	World	Pok_mon_Dark_Begin__Box_-_Front__World__7c7fdd91-dace-4c8d-a30b-ac771b642966.jpg
IMG	Pokémon Dark Begin	Nintendo Game Boy Advance	Screenshot - Gameplay		Pok_mon_Dark_Begin__Screenshot_-_Gameplay____661bed2c-f10d-4abc-a1a2-dcc9f915fa08.png
IMG	Pokémon Dark Begin	Nintendo Game Boy Advance	Screenshot - Gameplay		Pok_mon_Dark_Begin__Screenshot_-_Gameplay____bcd5fb33-9925-4731-86a1-6b5a82c36e6e.png
IMG	Pokémon Dark Begin	Nintendo Game Boy Advance	Screenshot - Gameplay		Pok_mon_Dark_Begin__Screenshot_-_Gameplay____f8e03d87-c80c-4fac-be29-a1cd5d423fa8.png
IMG	Pokémon Dark Begin	Nintendo Game Boy Advance	Screenshot - Gameplay		Pok_mon_Dark_Begin__Screenshot_-_Gameplay____e09a24bd-7934-416b-aa0c-6ffb485c0260.png
IMG	Pokémon Dark Begin	Nintendo Game Boy Advance	Screenshot - Gameplay		Pok_mon_Dark_Begin__Screenshot_-_Gameplay____7489928e-fd69-4359-a29a-798db7bc8e40.png
IMG	Pokémon Dark Begin	Nintendo Game Boy Advance	Screenshot - Gameplay		Pok_mon_Dark_Begin__Screenshot_-_Gameplay____e8a4c972-2405-44fb-a2b0-958571a0b322.png
IMG	Pokémon Dark Begin	Nintendo Game Boy Advance	Screenshot - Gameplay		Pok_mon_Dark_Begin__Screenshot_-_Gameplay____bf70e091-580a-487b-bbc7-97cd7c8e1dc4.png
IMG	Pokémon Dark Begin	Nintendo Game Boy Advance	Screenshot - Game Title		Pok_mon_Dark_Begin__Screenshot_-_Game_Title____defbc307-4790-400d-970f-0368b86f4bd2.png
IMG	Pokémon Dark Cry: The Legend of Giratina	Nintendo Game Boy Advance	Box - Back	World	Pok_mon_Dark_Cry_The_Legend_of_Giratina__Box_-_Back__World__3852ea92-7628-4cf2-8ebc-fdd0810a3495.png
IMG	Pokémon Dark Cry: The Legend of Giratina	Nintendo Game Boy Advance	Box - Front	World	Pok_mon_Dark_Cry_The_Legend_of_Giratina__Box_-_Front__World__8cf4e483-b638-4602-a4a8-138503cae8a7.jpg
IMG	Pokémon Dark Cry: The Legend of Giratina	Nintendo Game Boy Advance	Box - Front	World	Pok_mon_Dark_Cry_The_Legend_of_Giratina__Box_-_Front__World__ec4c1d17-70f9-4bb9-bdb6-a76bb485e88e.png
IMG	Pokémon Dark Cry: The Legend of Giratina	Nintendo Game Boy Advance	Cart - Front		Pok_mon_Dark_Cry_The_Legend_of_Giratina__Cart_-_Front____f80305a6-9859-4ec2-a08c-0b1996b3fbf1.png
IMG	Pokémon Dark Cry: The Legend of Giratina	Nintendo Game Boy Advance	Clear Logo	United States	Pok_mon_Dark_Cry_The_Legend_of_Giratina__Clear_Logo__United_States__r2_0668da85-b6f7-4646-9e84-c487b65c97d3.png
IMG	Pokémon Dark Cry: The Legend of Giratina	Nintendo Game Boy Advance	Fanart - Background		Pok_mon_Dark_Cry_The_Legend_of_Giratina__Fanart_-_Background____2cb3f985-f908-4d97-9440-518567ba33dd.jpg
IMG	Pokémon Dark Cry: The Legend of Giratina	Nintendo Game Boy Advance	Screenshot - Gameplay		Pok_mon_Dark_Cry_The_Legend_of_Giratina__Screenshot_-_Gameplay____f6019c03-413d-490f-b886-7a46ca4bfdfe.png
IMG	Pokémon Dark Cry: The Legend of Giratina	Nintendo Game Boy Advance	Screenshot - Gameplay		Pok_mon_Dark_Cry_The_Legend_of_Giratina__Screenshot_-_Gameplay____8ab052c1-6932-46bf-a55d-1adfc85baa0d.png
IMG	Pokémon Dark Cry: The Legend of Giratina	Nintendo Game Boy Advance	Screenshot - Gameplay		Pok_mon_Dark_Cry_The_Legend_of_Giratina__Screenshot_-_Gameplay____24cba258-04a3-4f22-9b0b-c5f59c9754b1.png
IMG	Pokémon Dark Cry: The Legend of Giratina	Nintendo Game Boy Advance	Screenshot - Gameplay		Pok_mon_Dark_Cry_The_Legend_of_Giratina__Screenshot_-_Gameplay____c47a6718-e850-47ca-a13a-a15867b891e6.png
IMG	Pokémon Dark Cry: The Legend of Giratina	Nintendo Game Boy Advance	Screenshot - Gameplay		Pok_mon_Dark_Cry_The_Legend_of_Giratina__Screenshot_-_Gameplay____0becdf3c-5dcd-421b-8ce4-95e786fac73f.png
IMG	Pokémon Dark Cry: The Legend of Giratina	Nintendo Game Boy Advance	Screenshot - Gameplay		Pok_mon_Dark_Cry_The_Legend_of_Giratina__Screenshot_-_Gameplay____7f15ed3a-da93-4606-9ee3-e987e494924c.png
IMG	Pokémon Dark Cry: The Legend of Giratina	Nintendo Game Boy Advance	Screenshot - Gameplay		Pok_mon_Dark_Cry_The_Legend_of_Giratina__Screenshot_-_Gameplay____9537a36c-955d-40f3-a5b9-6d29039087f9.png
IMG	Pokémon Dark Cry: The Legend of Giratina	Nintendo Game Boy Advance	Screenshot - Gameplay		Pok_mon_Dark_Cry_The_Legend_of_Giratina__Screenshot_-_Gameplay____b8ed583f-342d-480a-83b1-d19e312f7634.png
IMG	Pokémon Dark Cry: The Legend of Giratina	Nintendo Game Boy Advance	Screenshot - Gameplay		Pok_mon_Dark_Cry_The_Legend_of_Giratina__Screenshot_-_Gameplay____6dda1f0d-1115-4bb8-bc27-c87c84f7d7db.png
IMG	Pokémon Dark Cry: The Legend of Giratina	Nintendo Game Boy Advance	Screenshot - Gameplay		Pok_mon_Dark_Cry_The_Legend_of_Giratina__Screenshot_-_Gameplay____ca25c995-d95e-406a-b791-13e04d2e4edb.png
IMG	Pokémon Dark Cry: The Legend of Giratina	Nintendo Game Boy Advance	Screenshot - Gameplay		Pok_mon_Dark_Cry_The_Legend_of_Giratina__Screenshot_-_Gameplay____c4d68442-f93c-4fda-a76f-6455c6a22554.png
IMG	Pokémon Dark Cry: The Legend of Giratina	Nintendo Game Boy Advance	Screenshot - Gameplay		Pok_mon_Dark_Cry_The_Legend_of_Giratina__Screenshot_-_Gameplay____34fea37a-f82d-464a-bc03-faff782ae638.png
IMG	Pokémon Dark Cry: The Legend of Giratina	Nintendo Game Boy Advance	Screenshot - Gameplay		Pok_mon_Dark_Cry_The_Legend_of_Giratina__Screenshot_-_Gameplay____16298157-e86a-4623-b202-97a5647000af.png
IMG	Pokémon Dark Cry: The Legend of Giratina	Nintendo Game Boy Advance	Screenshot - Gameplay		Pok_mon_Dark_Cry_The_Legend_of_Giratina__Screenshot_-_Gameplay____e1257f9b-96bd-4571-bff2-a1509192837f.png
IMG	Pokémon Dark Cry: The Legend of Giratina	Nintendo Game Boy Advance	Screenshot - Gameplay		Pok_mon_Dark_Cry_The_Legend_of_Giratina__Screenshot_-_Gameplay____238bde22-355f-4177-babf-fdaa5a035318.png
IMG	Pokémon Dark Cry: The Legend of Giratina	Nintendo Game Boy Advance	Screenshot - Gameplay		Pok_mon_Dark_Cry_The_Legend_of_Giratina__Screenshot_-_Gameplay____489dd116-27c7-411d-bebc-99c47fe5b21c.png
IMG	Pokémon Dark Cry: The Legend of Giratina	Nintendo Game Boy Advance	Screenshot - Gameplay		Pok_mon_Dark_Cry_The_Legend_of_Giratina__Screenshot_-_Gameplay____f2ceb2c4-0b2e-4576-8e7a-d8f0e884c2c6.png
IMG	Pokémon Dark Cry: The Legend of Giratina	Nintendo Game Boy Advance	Screenshot - Game Title		Pok_mon_Dark_Cry_The_Legend_of_Giratina__Screenshot_-_Game_Title____f81a963d-882a-4cc7-91ca-25af402f0876.png
IMG	Pokémon Dark Crystal	Nintendo Game Boy Advance	Box - Front	World	Pok_mon_Dark_Crystal__Box_-_Front__World__a556da75-21d7-473d-ac16-fb7ceec1f239.png
IMG	Pokémon Dark Crystal	Nintendo Game Boy Advance	Clear Logo		Pok_mon_Dark_Crystal__Clear_Logo____da202a14-0abd-4f5d-936c-b153a57d0d0e.png
IMG	Pokémon Dark Crystal	Nintendo Game Boy Advance	Screenshot - Gameplay		Pok_mon_Dark_Crystal__Screenshot_-_Gameplay____5915f813-15a3-464d-9510-5955f5b39f0d.png
IMG	Pokémon Dark Crystal	Nintendo Game Boy Advance	Screenshot - Gameplay		Pok_mon_Dark_Crystal__Screenshot_-_Gameplay____7b5341e4-ee3c-4af5-8915-ab8d6f8ac2ec.png
IMG	Pokémon Dark Crystal	Nintendo Game Boy Advance	Screenshot - Gameplay		Pok_mon_Dark_Crystal__Screenshot_-_Gameplay____52132fa4-e61d-4bde-bd37-ae3c9dc23c8e.png
IMG	Pokémon Dark Crystal	Nintendo Game Boy Advance	Screenshot - Gameplay		Pok_mon_Dark_Crystal__Screenshot_-_Gameplay____cd7a4a7b-efe6-4f01-8503-d1cd57f0bc3a.png
IMG	Pokémon Dark Crystal	Nintendo Game Boy Advance	Screenshot - Gameplay		Pok_mon_Dark_Crystal__Screenshot_-_Gameplay____3299f105-e268-462d-950b-770a1688f357.png
IMG	Pokémon Dark Crystal	Nintendo Game Boy Advance	Screenshot - Gameplay		Pok_mon_Dark_Crystal__Screenshot_-_Gameplay____12bf4393-be08-40f6-9f9d-4f3f2c100c14.png
IMG	Pokémon Dark Crystal	Nintendo Game Boy Advance	Screenshot - Gameplay		Pok_mon_Dark_Crystal__Screenshot_-_Gameplay____eb0d78da-9bf1-498e-88b0-08304bfa97fc.png
IMG	Pokémon Dark Crystal	Nintendo Game Boy Advance	Screenshot - Gameplay		Pok_mon_Dark_Crystal__Screenshot_-_Gameplay____8e527670-ee41-4aaa-90e5-27c255660788.png
IMG	Pokémon Dark Crystal	Nintendo Game Boy Advance	Screenshot - Gameplay		Pok_mon_Dark_Crystal__Screenshot_-_Gameplay____aacb93e3-5526-4515-ace8-c35a882e40eb.png
IMG	Pokémon Dark Crystal	Nintendo Game Boy Advance	Screenshot - Gameplay		Pok_mon_Dark_Crystal__Screenshot_-_Gameplay____008bf86a-c033-44b9-97b5-310106206542.png
IMG	Pokémon Dark Crystal	Nintendo Game Boy Advance	Screenshot - Gameplay		Pok_mon_Dark_Crystal__Screenshot_-_Gameplay____6c994e2a-1d6e-428d-acc7-0a5aafbe92ae.png
IMG	Pokémon Dark Crystal	Nintendo Game Boy Advance	Screenshot - Gameplay		Pok_mon_Dark_Crystal__Screenshot_-_Gameplay____d20e1e13-6915-45ff-a7c1-159363b3e8fa.png
IMG	Pokémon Dark Crystal	Nintendo Game Boy Advance	Screenshot - Game Title		Pok_mon_Dark_Crystal__Screenshot_-_Game_Title____1af049da-39f3-46bf-baf8-d52da730f7d0.png
IMG	Pokémon Dark Knight	Nintendo Game Boy Advance	Box - Front	World	Pok_mon_Dark_Knight__Box_-_Front__World__11570e4d-2521-407b-b802-239750ea385a.png
IMG	Pokémon Dark Knight	Nintendo Game Boy Advance	Screenshot - Gameplay		Pok_mon_Dark_Knight__Screenshot_-_Gameplay____7452138e-6679-46f8-94d5-f807ed14e2f8.png
IMG	Pokémon Dark Knight	Nintendo Game Boy Advance	Screenshot - Gameplay		Pok_mon_Dark_Knight__Screenshot_-_Gameplay____8924c410-2e8f-4445-addf-4fb639bd5458.png
IMG	Pokémon Dark Knight	Nintendo Game Boy Advance	Screenshot - Gameplay		Pok_mon_Dark_Knight__Screenshot_-_Gameplay____21ef1960-3a16-4770-9e12-38da8c5cc8eb.png
IMG	Pokémon Dark Knight	Nintendo Game Boy Advance	Screenshot - Gameplay		Pok_mon_Dark_Knight__Screenshot_-_Gameplay____f5e20939-de0d-477b-885e-d8135ef4376b.png
IMG	Pokémon Dark Knight	Nintendo Game Boy Advance	Screenshot - Gameplay		Pok_mon_Dark_Knight__Screenshot_-_Gameplay____bf3b2495-dd34-4053-80da-ad79ce2dc9c0.png
IMG	Pokémon Dark Knight	Nintendo Game Boy Advance	Screenshot - Gameplay		Pok_mon_Dark_Knight__Screenshot_-_Gameplay____cbda9963-f5c6-4286-86ce-a3cf284e18d0.png
IMG	Pokémon Dark Knight	Nintendo Game Boy Advance	Screenshot - Gameplay		Pok_mon_Dark_Knight__Screenshot_-_Gameplay____3b719480-2879-4e7f-b62d-483f98d2fe6c.png
IMG	Pokémon Dark Knight	Nintendo Game Boy Advance	Screenshot - Gameplay		Pok_mon_Dark_Knight__Screenshot_-_Gameplay____f4754335-5fa5-4bac-bad5-e3df053edd6d.png
IMG	Pokémon Dark Knight	Nintendo Game Boy Advance	Screenshot - Gameplay		Pok_mon_Dark_Knight__Screenshot_-_Gameplay____24594b70-94d3-4070-86d6-790c27dd4c18.png
IMG	Pokémon Dark Knight	Nintendo Game Boy Advance	Screenshot - Gameplay		Pok_mon_Dark_Knight__Screenshot_-_Gameplay____6d0c3829-9fe1-42f0-a572-faeba8a9403b.png
IMG	Pokémon Dark Knight	Nintendo Game Boy Advance	Screenshot - Game Title		Pok_mon_Dark_Knight__Screenshot_-_Game_Title____7cce8f3f-7cb1-4cdd-aeb8-11c226eb1bc5.png
IMG	Pokémon Crush	Nintendo Game Boy Advance	Banner		Pok_mon_Crush__Banner____224ffdb8-4ae1-4c0f-bf81-d0ad732a421f.png
IMG	Pokémon Crush	Nintendo Game Boy Advance	Box - Front	World	Pok_mon_Crush__Box_-_Front__World__a21cafe3-ddbc-440f-877e-e453dfeaeded.png
IMG	Pokémon Crush	Nintendo Game Boy Advance	Screenshot - Gameplay		Pok_mon_Crush__Screenshot_-_Gameplay____6ece0dde-7720-4b48-9936-734d42667166.png
IMG	Pokémon Crush	Nintendo Game Boy Advance	Screenshot - Gameplay		Pok_mon_Crush__Screenshot_-_Gameplay____f6f2d4e4-f85c-48e7-aed9-e46fba2ea5ce.png
IMG	Pokémon Crush	Nintendo Game Boy Advance	Screenshot - Game Title		Pok_mon_Crush__Screenshot_-_Game_Title____b22443df-7359-4e92-8f15-a18fc40885cc.png
IMG	Pokémon Dark Realm	Nintendo Game Boy Advance	Box - Front	World	Pok_mon_Dark_Realm__Box_-_Front__World__4273e95c-9f04-42f0-b3bf-d1f87332b186.png
IMG	Pokémon Dark Realm	Nintendo Game Boy Advance	Screenshot - Gameplay		Pok_mon_Dark_Realm__Screenshot_-_Gameplay____e22ad622-1783-477e-9392-7df1fa2b1953.png
IMG	Pokémon Dark Realm	Nintendo Game Boy Advance	Screenshot - Gameplay		Pok_mon_Dark_Realm__Screenshot_-_Gameplay____128d644c-2e2e-4f88-959f-17934bc03dab.png
IMG	Pokémon Dark Realm	Nintendo Game Boy Advance	Screenshot - Gameplay		Pok_mon_Dark_Realm__Screenshot_-_Gameplay____2ef2a414-08b4-4eef-b976-19ca985d3847.png
IMG	Pokémon Dark Realm	Nintendo Game Boy Advance	Screenshot - Gameplay		Pok_mon_Dark_Realm__Screenshot_-_Gameplay____1787fffc-4c28-4316-a872-312d53b04076.png
IMG	Pokémon Dark Realm	Nintendo Game Boy Advance	Screenshot - Gameplay		Pok_mon_Dark_Realm__Screenshot_-_Gameplay____904cc95a-a157-4fbf-b2d7-6638c8094982.png
IMG	Pokémon Dark Realm	Nintendo Game Boy Advance	Screenshot - Gameplay		Pok_mon_Dark_Realm__Screenshot_-_Gameplay____992c24dc-8d40-44e3-a0ff-be56fa615da9.png
IMG	Pokémon Dark Realm	Nintendo Game Boy Advance	Screenshot - Gameplay		Pok_mon_Dark_Realm__Screenshot_-_Gameplay____7bf63634-a579-4944-953e-6aeb5dde4689.png
IMG	Pokémon Dark Realm	Nintendo Game Boy Advance	Screenshot - Gameplay		Pok_mon_Dark_Realm__Screenshot_-_Gameplay____b9506e19-32ce-4b26-9418-03360a27e036.png
IMG	Pokémon Dark Realm	Nintendo Game Boy Advance	Screenshot - Gameplay		Pok_mon_Dark_Realm__Screenshot_-_Gameplay____fa6f2e07-d39f-4c3b-a5b7-56b3ef24ceba.png
IMG	Pokémon Dark Realm	Nintendo Game Boy Advance	Screenshot - Gameplay		Pok_mon_Dark_Realm__Screenshot_-_Gameplay____7c34e120-179e-4f98-9c5b-0a1a5d7a88fb.png
IMG	Pokémon Dark Realm	Nintendo Game Boy Advance	Screenshot - Gameplay		Pok_mon_Dark_Realm__Screenshot_-_Gameplay____a75aeccb-e7fd-4ea2-aa01-b88bacc6aaf0.png
IMG	Pokémon Dark Realm	Nintendo Game Boy Advance	Screenshot - Gameplay		Pok_mon_Dark_Realm__Screenshot_-_Gameplay____ca56489e-62ce-4671-98dc-8ec14b559049.png
IMG	Pokémon Dark Realm	Nintendo Game Boy Advance	Screenshot - Gameplay		Pok_mon_Dark_Realm__Screenshot_-_Gameplay____8a9273aa-c287-44cc-a9ae-42e9465a3d80.png
IMG	Pokémon Dark Realm	Nintendo Game Boy Advance	Screenshot - Gameplay		Pok_mon_Dark_Realm__Screenshot_-_Gameplay____274b6959-759e-46cc-a344-cdcf0b54936c.png
IMG	Pokémon Dark Realm	Nintendo Game Boy Advance	Screenshot - Gameplay		Pok_mon_Dark_Realm__Screenshot_-_Gameplay____77e7ad12-1353-4433-a2da-b51691a219ac.png
IMG	Pokémon Dark Realm	Nintendo Game Boy Advance	Screenshot - Gameplay		Pok_mon_Dark_Realm__Screenshot_-_Gameplay____ea99940d-5931-466c-8d8e-5cb7080a7c77.png
IMG	Pokémon Dark Realm	Nintendo Game Boy Advance	Screenshot - Gameplay		Pok_mon_Dark_Realm__Screenshot_-_Gameplay____09dc5b7d-2922-4a5b-ae35-748e178b9151.png
IMG	Pokémon Dark Realm	Nintendo Game Boy Advance	Screenshot - Gameplay		Pok_mon_Dark_Realm__Screenshot_-_Gameplay____0cab7eb8-fcd0-4831-998f-91ea8844af94.png
IMG	Pokémon Dark Realm	Nintendo Game Boy Advance	Screenshot - Gameplay		Pok_mon_Dark_Realm__Screenshot_-_Gameplay____dcd96c4f-119a-4305-8e26-c7212b5888fd.png
IMG	Pokémon Dark Realm	Nintendo Game Boy Advance	Screenshot - Game Title		Pok_mon_Dark_Realm__Screenshot_-_Game_Title____6fc5b483-ca6a-4dea-a736-83ce33d2f809.png
IMG	Pokémon Dark Violet	Nintendo Game Boy Advance	Box - Back	North America	Pok_mon_Dark_Violet__Box_-_Back__North_America__62a4768e-2478-445f-81f5-258aa62bfad1.png
IMG	Pokémon Dark Violet	Nintendo Game Boy Advance	Box - Front	North America	Pok_mon_Dark_Violet__Box_-_Front__North_America__afe1f8d3-7e1b-4ceb-9156-613c52dc55fb.png
IMG	Pokémon Dark Violet	Nintendo Game Boy Advance	Fanart - Background		Pok_mon_Dark_Violet__Fanart_-_Background____f4759e19-d1f1-45ed-ad34-eec3a5414126.jpg
IMG	Pokémon Dark Violet	Nintendo Game Boy Advance	Screenshot - Gameplay		Pok_mon_Dark_Violet__Screenshot_-_Gameplay____266016c8-2839-4ee6-9369-f7799b516e6e.png
IMG	Pokémon Dark Violet	Nintendo Game Boy Advance	Screenshot - Gameplay		Pok_mon_Dark_Violet__Screenshot_-_Gameplay____d5726d0d-6a82-45b4-86a6-84e169eb956f.png
IMG	Pokémon Dark Violet	Nintendo Game Boy Advance	Screenshot - Gameplay		Pok_mon_Dark_Violet__Screenshot_-_Gameplay____f48a9ffe-ca9f-44c5-b46e-ca81e0f9da14.png
IMG	Pokémon Dark Violet	Nintendo Game Boy Advance	Screenshot - Gameplay		Pok_mon_Dark_Violet__Screenshot_-_Gameplay____1cae1ccd-7532-4db8-b852-baecfa2b53cc.png
IMG	Pokémon Dark Violet	Nintendo Game Boy Advance	Screenshot - Gameplay		Pok_mon_Dark_Violet__Screenshot_-_Gameplay____6d931a15-ecbf-448e-b812-89892abc81f3.png
IMG	Pokémon Dark Violet	Nintendo Game Boy Advance	Screenshot - Gameplay		Pok_mon_Dark_Violet__Screenshot_-_Gameplay____00d78f8d-90cd-487c-80b7-a37f72346c42.png
IMG	Pokémon Dark Violet	Nintendo Game Boy Advance	Screenshot - Gameplay		Pok_mon_Dark_Violet__Screenshot_-_Gameplay____2936cfa4-b875-46da-bd39-3955c3a6fe00.png
IMG	Pokémon Dark Violet	Nintendo Game Boy Advance	Screenshot - Gameplay		Pok_mon_Dark_Violet__Screenshot_-_Gameplay____7013946e-77f1-4d75-8d2f-11b4a715aacb.png
IMG	Pokémon Dark Violet	Nintendo Game Boy Advance	Screenshot - Gameplay		Pok_mon_Dark_Violet__Screenshot_-_Gameplay____4dfa5613-10b4-4780-9458-040dca9998df.png
IMG	Pokémon Dark Violet	Nintendo Game Boy Advance	Screenshot - Gameplay		Pok_mon_Dark_Violet__Screenshot_-_Gameplay____6b1bd04a-657b-4f08-9ae8-7c52cf102691.png
IMG	Pokémon Dark Violet	Nintendo Game Boy Advance	Screenshot - Gameplay		Pok_mon_Dark_Violet__Screenshot_-_Gameplay____cd57af55-dbed-4ba8-93aa-50a4d38d657f.png
IMG	Pokémon Dark Violet	Nintendo Game Boy Advance	Screenshot - Gameplay		Pok_mon_Dark_Violet__Screenshot_-_Gameplay____8ac2a1b0-b57a-4e1e-b3c0-57959628b84e.png
IMG	Pokémon Dark Violet	Nintendo Game Boy Advance	Screenshot - Game Title		Pok_mon_Dark_Violet__Screenshot_-_Game_Title____4fefe056-24e6-4a32-b49a-73beb8f3c713.png
IMG	Pokémon Dark	Nintendo Game Boy Advance	Box - Front	World	Pok_mon_Dark__Box_-_Front__World__1efe85cb-fa88-4c19-bae1-a5976973e4bb.png
IMG	Pokémon Dark	Nintendo Game Boy Advance	Screenshot - Gameplay		Pok_mon_Dark__Screenshot_-_Gameplay____5151f713-2bd2-4359-8c5a-42d71fb2aa4b.png
IMG	Pokémon Dark	Nintendo Game Boy Advance	Screenshot - Gameplay		Pok_mon_Dark__Screenshot_-_Gameplay____72d6e49e-e05b-4207-b3a7-1f2f11317f4b.png
IMG	Pokémon Dark	Nintendo Game Boy Advance	Screenshot - Game Title		Pok_mon_Dark__Screenshot_-_Game_Title____37e3b326-7131-458c-92a1-00393e24c7bd.png
IMG	Pokémon Dark Blue	Nintendo Game Boy Advance	Box - Front	World	Pok_mon_Dark_Blue__Box_-_Front__World__a53d50ae-2f39-41aa-9cbe-c0388ff72808.jpg
IMG	Pokémon Dark Blue	Nintendo Game Boy Advance	Screenshot - Gameplay		Pok_mon_Dark_Blue__Screenshot_-_Gameplay____f8fb26e2-75fb-4710-af6f-f040fb0cfa0e.png
IMG	Pokémon Dark Blue	Nintendo Game Boy Advance	Screenshot - Gameplay		Pok_mon_Dark_Blue__Screenshot_-_Gameplay____905aa1a8-f99a-4bb5-b294-965ddb3b7747.png
IMG	Pokémon Dark Blue	Nintendo Game Boy Advance	Screenshot - Gameplay		Pok_mon_Dark_Blue__Screenshot_-_Gameplay____510c5f43-a5bd-4ede-a2ca-6b938d10cf32.png
IMG	Pokémon Dark Blue	Nintendo Game Boy Advance	Screenshot - Gameplay		Pok_mon_Dark_Blue__Screenshot_-_Gameplay____62cc8fcb-15c2-49ef-92b4-f505da0eb3e4.png
IMG	Pokémon Dark Blue	Nintendo Game Boy Advance	Screenshot - Gameplay		Pok_mon_Dark_Blue__Screenshot_-_Gameplay____a0f7d10a-2991-4a60-8dd9-c2864afacebb.png
IMG	Pokémon Dark Blue	Nintendo Game Boy Advance	Screenshot - Gameplay		Pok_mon_Dark_Blue__Screenshot_-_Gameplay____c744fbdd-0e0c-47b6-8e45-f765fa6ff9a6.png
IMG	Pokémon Dark Blue	Nintendo Game Boy Advance	Screenshot - Gameplay		Pok_mon_Dark_Blue__Screenshot_-_Gameplay____91c62a5f-ce1d-4d0b-a530-a8efb5b3a8a3.png
IMG	Pokémon Dark Blue	Nintendo Game Boy Advance	Screenshot - Gameplay		Pok_mon_Dark_Blue__Screenshot_-_Gameplay____f735dc19-39b2-49d5-8721-a10ee0462bfa.png
IMG	Pokémon Dark Blue	Nintendo Game Boy Advance	Screenshot - Gameplay		Pok_mon_Dark_Blue__Screenshot_-_Gameplay____4565afd5-5da1-4b8d-a7ae-684f5f2f4a86.png
IMG	Pokémon Dark Blue	Nintendo Game Boy Advance	Screenshot - Gameplay		Pok_mon_Dark_Blue__Screenshot_-_Gameplay____e09fb148-bc14-4956-aa89-11a8044f070a.png
IMG	Pokémon Dark Blue	Nintendo Game Boy Advance	Screenshot - Gameplay		Pok_mon_Dark_Blue__Screenshot_-_Gameplay____a6b6d563-72b0-410a-a68f-f27484507878.png
IMG	Pokémon Dark Blue	Nintendo Game Boy Advance	Screenshot - Game Title		Pok_mon_Dark_Blue__Screenshot_-_Game_Title____fd9c8a38-8e5c-4569-9c98-be8cd57b81a5.png
IMG	Pokémon Darkfire	Nintendo Game Boy Advance	Box - Front	World	Pok_mon_Darkfire__Box_-_Front__World__df3e4935-7143-4768-ba21-7d85e102962b.png
IMG	Pokémon Darkfire	Nintendo Game Boy Advance	Clear Logo		Pok_mon_Darkfire__Clear_Logo____ee016440-f848-4cab-9f55-63609f06d4c8.png
IMG	Pokémon Darkfire	Nintendo Game Boy Advance	Screenshot - Gameplay		Pok_mon_Darkfire__Screenshot_-_Gameplay____56c286f5-305a-48ca-89f5-3b0e0f726ce4.png
IMG	Pokémon Darkfire	Nintendo Game Boy Advance	Screenshot - Gameplay		Pok_mon_Darkfire__Screenshot_-_Gameplay____fdd858ab-0846-472f-ba41-aa409258f830.png
IMG	Pokémon Darkfire	Nintendo Game Boy Advance	Screenshot - Gameplay		Pok_mon_Darkfire__Screenshot_-_Gameplay____1fa0c140-9cf4-486a-89a0-9c7b7080e4e8.png
IMG	Pokémon Darkfire	Nintendo Game Boy Advance	Screenshot - Gameplay		Pok_mon_Darkfire__Screenshot_-_Gameplay____11fe0cee-edff-4e6b-8c85-d074d1aed8c2.png
IMG	Pokémon Darkfire	Nintendo Game Boy Advance	Screenshot - Gameplay		Pok_mon_Darkfire__Screenshot_-_Gameplay____b24e1dac-80f8-4eca-9e77-43fe9ab1add2.png
IMG	Pokémon Darkfire	Nintendo Game Boy Advance	Screenshot - Gameplay		Pok_mon_Darkfire__Screenshot_-_Gameplay____05e3218d-9e8e-40e9-97ad-4dfd16ed407e.png
IMG	Pokémon Darkfire	Nintendo Game Boy Advance	Screenshot - Gameplay		Pok_mon_Darkfire__Screenshot_-_Gameplay____b5acba3d-3c70-4ace-bda2-df1735bbacc9.png
IMG	Pokémon Darkfire	Nintendo Game Boy Advance	Screenshot - Gameplay		Pok_mon_Darkfire__Screenshot_-_Gameplay____5f004ec3-0336-4075-ac44-3fa945ace4eb.png
IMG	Pokémon Darkfire	Nintendo Game Boy Advance	Screenshot - Gameplay		Pok_mon_Darkfire__Screenshot_-_Gameplay____928f3094-4667-4605-af61-c5a61855c0a1.png
IMG	Pokémon Darkfire	Nintendo Game Boy Advance	Screenshot - Gameplay		Pok_mon_Darkfire__Screenshot_-_Gameplay____daddf774-b772-4094-9e1a-bcedc89f0506.png
IMG	Pokémon Darkfire	Nintendo Game Boy Advance	Screenshot - Gameplay		Pok_mon_Darkfire__Screenshot_-_Gameplay____2af9575d-f122-47d9-a8c8-38c9d34c09c8.png
IMG	Pokémon Darkfire	Nintendo Game Boy Advance	Screenshot - Gameplay		Pok_mon_Darkfire__Screenshot_-_Gameplay____029ae8d1-d9f9-4bea-8bdc-4dc6aafe50fd.png
IMG	Pokémon Darkfire	Nintendo Game Boy Advance	Screenshot - Gameplay		Pok_mon_Darkfire__Screenshot_-_Gameplay____6a4c1d9a-2845-4dc1-bc6c-f4593195f2d0.png
IMG	Pokémon Darkfire	Nintendo Game Boy Advance	Screenshot - Gameplay		Pok_mon_Darkfire__Screenshot_-_Gameplay____88f54933-114d-4883-9a14-5274cc8f8641.png
IMG	Pokémon Darkfire	Nintendo Game Boy Advance	Screenshot - Gameplay		Pok_mon_Darkfire__Screenshot_-_Gameplay____431c3dee-105b-48a1-a171-d7d4b82c5e3d.png
IMG	Pokémon Darkfire	Nintendo Game Boy Advance	Screenshot - Gameplay		Pok_mon_Darkfire__Screenshot_-_Gameplay____fe48da28-f901-43c7-a3b5-6f2243a2b0b4.png
IMG	Pokémon Darkfire	Nintendo Game Boy Advance	Screenshot - Gameplay		Pok_mon_Darkfire__Screenshot_-_Gameplay____46cb9cb6-0769-4c6d-b97f-27de4441534e.png
IMG	Pokémon Darkfire	Nintendo Game Boy Advance	Screenshot - Gameplay		Pok_mon_Darkfire__Screenshot_-_Gameplay____0c3bae3a-fc23-456c-a5b0-fb891c37a180.png
IMG	Pokémon Darkfire	Nintendo Game Boy Advance	Screenshot - Gameplay		Pok_mon_Darkfire__Screenshot_-_Gameplay____a9faad85-04fb-4365-997e-c3bd57fe0348.png
IMG	Pokémon Darkfire	Nintendo Game Boy Advance	Screenshot - Gameplay		Pok_mon_Darkfire__Screenshot_-_Gameplay____135121a0-5f0e-45da-8e16-1b1a388c3ee9.png
IMG	Pokémon Darkfire	Nintendo Game Boy Advance	Screenshot - Gameplay		Pok_mon_Darkfire__Screenshot_-_Gameplay____3704c4a8-5ec1-40da-a532-abb2a90249f2.png
IMG	Pokémon Darkfire	Nintendo Game Boy Advance	Screenshot - Gameplay		Pok_mon_Darkfire__Screenshot_-_Gameplay____0d979334-7785-43e8-ab85-7f6eade3048e.png
IMG	Pokémon Darkfire	Nintendo Game Boy Advance	Screenshot - Gameplay		Pok_mon_Darkfire__Screenshot_-_Gameplay____4417d33e-f805-44a4-b130-67cddcff2a46.png
IMG	Pokémon Darkfire	Nintendo Game Boy Advance	Screenshot - Gameplay		Pok_mon_Darkfire__Screenshot_-_Gameplay____cc2e00de-ef2a-4b3d-9f65-0afe1ed93750.png
IMG	Pokémon Darkfire	Nintendo Game Boy Advance	Screenshot - Gameplay		Pok_mon_Darkfire__Screenshot_-_Gameplay____16ebd264-9c7a-4ed9-a879-cc77f5bb8e56.png
IMG	Pokémon Darkfire	Nintendo Game Boy Advance	Screenshot - Gameplay		Pok_mon_Darkfire__Screenshot_-_Gameplay____9b307a88-dd0b-4f89-8552-f81c3cfd9534.png
IMG	Pokémon Darkfire	Nintendo Game Boy Advance	Screenshot - Gameplay		Pok_mon_Darkfire__Screenshot_-_Gameplay____8131f08f-5841-4205-9224-85ba5a4b389e.png
IMG	Pokémon Darkfire	Nintendo Game Boy Advance	Screenshot - Gameplay		Pok_mon_Darkfire__Screenshot_-_Gameplay____f3a8b29f-1ac6-403a-8b8d-ec4ea1dd137d.png
IMG	Pokémon Darkfire	Nintendo Game Boy Advance	Screenshot - Gameplay		Pok_mon_Darkfire__Screenshot_-_Gameplay____bde6f907-73e8-48b0-837d-15bceb028edd.png
IMG	Pokémon Darkfire	Nintendo Game Boy Advance	Screenshot - Gameplay		Pok_mon_Darkfire__Screenshot_-_Gameplay____95178292-3e81-4a92-8de7-79bed727c9e2.png
IMG	Pokémon Darkfire	Nintendo Game Boy Advance	Screenshot - Gameplay		Pok_mon_Darkfire__Screenshot_-_Gameplay____3cca9fb0-88c7-48af-b1ad-e525b8e2e013.png
IMG	Pokémon Darkfire	Nintendo Game Boy Advance	Screenshot - Gameplay		Pok_mon_Darkfire__Screenshot_-_Gameplay____7b167404-1fec-45c8-9483-18a7e4a73421.png
IMG	Pokémon Darkfire	Nintendo Game Boy Advance	Screenshot - Gameplay		Pok_mon_Darkfire__Screenshot_-_Gameplay____ebaf5f26-5fbe-4e91-b8c6-ea14df9525ba.png
IMG	Pokémon Darkfire	Nintendo Game Boy Advance	Screenshot - Gameplay		Pok_mon_Darkfire__Screenshot_-_Gameplay____52956dcc-35d4-40ea-9cf9-bc2c35754646.png
IMG	Pokémon Darkfire	Nintendo Game Boy Advance	Screenshot - Gameplay		Pok_mon_Darkfire__Screenshot_-_Gameplay____310a73ce-038b-4048-9f50-eb29ef1e0b8e.png
IMG	Pokémon Darkfire	Nintendo Game Boy Advance	Screenshot - Gameplay		Pok_mon_Darkfire__Screenshot_-_Gameplay____49d11103-96ea-4e74-b2c9-6558adb5fe8f.png
IMG	Pokémon Darkfire	Nintendo Game Boy Advance	Screenshot - Gameplay		Pok_mon_Darkfire__Screenshot_-_Gameplay____02a5cbad-a02c-423b-818b-0c5d89fc807c.png
IMG	Pokémon Darkfire	Nintendo Game Boy Advance	Screenshot - Gameplay		Pok_mon_Darkfire__Screenshot_-_Gameplay____7debd90c-117a-4dab-90bc-bfefc7af278b.png
IMG	Pokémon Darkfire	Nintendo Game Boy Advance	Screenshot - Gameplay		Pok_mon_Darkfire__Screenshot_-_Gameplay____f71dd062-ab57-4b44-88c9-8df90600f02e.png
IMG	Pokémon Darkfire	Nintendo Game Boy Advance	Screenshot - Gameplay		Pok_mon_Darkfire__Screenshot_-_Gameplay____9117e771-4595-42bd-be1e-a0af8ec384f8.png
IMG	Pokémon Darkfire	Nintendo Game Boy Advance	Screenshot - Gameplay		Pok_mon_Darkfire__Screenshot_-_Gameplay____391b6f09-6729-40a3-ab7a-a8c570457510.png
IMG	Pokémon Darkfire	Nintendo Game Boy Advance	Screenshot - Gameplay		Pok_mon_Darkfire__Screenshot_-_Gameplay____9bf4fd99-b6a3-44c6-86f3-d07927050059.png
IMG	Pokémon Darkfire	Nintendo Game Boy Advance	Screenshot - Gameplay		Pok_mon_Darkfire__Screenshot_-_Gameplay____9d7b3282-4a08-4e4b-b503-f65bdb0958b8.png
IMG	Pokémon Darkfire	Nintendo Game Boy Advance	Screenshot - Game Title		Pok_mon_Darkfire__Screenshot_-_Game_Title____a1e1f63d-668b-4754-bd10-2df4ad2641ab.png
IMG	Pokémon DarkJasper	Nintendo Game Boy Advance	Box - Front	World	Pok_mon_DarkJasper__Box_-_Front__World__a93341f0-d38f-4791-9a73-5f5a13f0e37f.png
IMG	Pokémon DarkJasper	Nintendo Game Boy Advance	Screenshot - Game Title		Pok_mon_DarkJasper__Screenshot_-_Game_Title____9bdd690f-4ee3-4df0-9ddc-9c41acbe5b70.png
IMG	Pokémon Darkness Falls	Nintendo Game Boy Advance	Screenshot - Gameplay		Pok_mon_Darkness_Falls__Screenshot_-_Gameplay____1e053f18-6f7c-4cd4-a2ab-d0a004038ae2.png
IMG	Pokémon Darkness Falls	Nintendo Game Boy Advance	Screenshot - Gameplay		Pok_mon_Darkness_Falls__Screenshot_-_Gameplay____2802eae5-b916-40fb-902e-c5f382e5a8e7.png
IMG	Pokémon Darkness Falls	Nintendo Game Boy Advance	Screenshot - Gameplay		Pok_mon_Darkness_Falls__Screenshot_-_Gameplay____f3b6925d-48e7-464c-92dc-8fed32a61843.png
IMG	Pokémon Darkness Falls	Nintendo Game Boy Advance	Screenshot - Game Title		Pok_mon_Darkness_Falls__Screenshot_-_Game_Title____9f4958f0-db05-4b95-abca-ecc06c0cdbb5.png
IMG	Pokémon Giratina Strikes Back	Nintendo Game Boy Advance	Box - Front	United States	Pok_mon_Giratina_Strikes_Back__Box_-_Front__United_States__9308e73e-776b-4173-9d18-a73e5c0828d2.png
IMG	Pokémon Giratina Strikes Back	Nintendo Game Boy Advance	Fanart - Background		Pok_mon_Giratina_Strikes_Back__Fanart_-_Background____dcff67a0-681d-497e-a513-7d6b48875c87.jpg
IMG	Pokémon Giratina Strikes Back	Nintendo Game Boy Advance	Screenshot - Gameplay	World	Pok_mon_Giratina_Strikes_Back__Screenshot_-_Gameplay__World__dad2dc6a-7eaa-4c35-a0f0-7634580e84b6.png
IMG	Pokémon Giratina Strikes Back	Nintendo Game Boy Advance	Screenshot - Gameplay	World	Pok_mon_Giratina_Strikes_Back__Screenshot_-_Gameplay__World__d9db956c-06af-4736-be2a-1224d38a3b0b.png
IMG	Pokémon Giratina Strikes Back	Nintendo Game Boy Advance	Screenshot - Gameplay	World	Pok_mon_Giratina_Strikes_Back__Screenshot_-_Gameplay__World__3f735391-9ab3-42e0-a9a0-e4615e058f3d.png
IMG	Pokémon Giratina Strikes Back	Nintendo Game Boy Advance	Screenshot - Game Title	World	Pok_mon_Giratina_Strikes_Back__Screenshot_-_Game_Title__World__2d5af15d-59e3-415c-9f9d-59efad54e105.png
IMG	Pokémon Delta Emerald	Nintendo Game Boy Advance	Box - Front	World	Pok_mon_Delta_Emerald__Box_-_Front__World__93543df8-ff75-44bc-b54b-fad0f6f3cfba.png
IMG	Pokémon Delta Emerald	Nintendo Game Boy Advance	Fanart - Box - Front		Pok_mon_Delta_Emerald__Fanart_-_Box_-_Front____14071e21-c0d5-467d-83e8-ab58860b69df.jpg
IMG	Pokémon Delta Emerald	Nintendo Game Boy Advance	Screenshot - Gameplay		Pok_mon_Delta_Emerald__Screenshot_-_Gameplay____becd68f0-0816-4a27-a5cd-7fcceb714e50.png
IMG	Pokémon Delta Emerald	Nintendo Game Boy Advance	Screenshot - Gameplay		Pok_mon_Delta_Emerald__Screenshot_-_Gameplay____ec7eeed6-8e81-479e-b3ab-27ecb8bd9e72.png
IMG	Pokémon Delta Emerald	Nintendo Game Boy Advance	Screenshot - Gameplay		Pok_mon_Delta_Emerald__Screenshot_-_Gameplay____fe1ff6f6-19e0-4c2e-aa1f-6a44fc30f264.png
IMG	Pokémon Delta Emerald	Nintendo Game Boy Advance	Screenshot - Game Title		Pok_mon_Delta_Emerald__Screenshot_-_Game_Title____424263ee-93fe-4b4a-a29e-10c63a655df6.png
IMG	Pokémon Delta Fusion	Nintendo Game Boy Advance	Banner		Pok_mon_Delta_Fusion__Banner____6d97dd78-11ac-4c1d-8cd8-1d5b87182fb1.jpg
IMG	Pokémon Delta Fusion	Nintendo Game Boy Advance	Box - Front	World	Pok_mon_Delta_Fusion__Box_-_Front__World__cf94a1c3-5588-4013-965f-72fa9a3c072a.png
IMG	Pokémon Delta Fusion	Nintendo Game Boy Advance	Screenshot - Gameplay		Pok_mon_Delta_Fusion__Screenshot_-_Gameplay____f335a96e-248c-4686-a4ad-6984e29ea4d3.png
IMG	Pokémon Delta Fusion	Nintendo Game Boy Advance	Screenshot - Gameplay		Pok_mon_Delta_Fusion__Screenshot_-_Gameplay____7ac51146-0e02-4537-a785-3d7af1a9b79b.png
IMG	Pokémon Delta Fusion	Nintendo Game Boy Advance	Screenshot - Gameplay		Pok_mon_Delta_Fusion__Screenshot_-_Gameplay____0483b784-5cc0-45b1-8193-4ca268c8ab9d.png
IMG	Pokémon Delta Fusion	Nintendo Game Boy Advance	Screenshot - Gameplay		Pok_mon_Delta_Fusion__Screenshot_-_Gameplay____356938f0-e904-4cfb-ba8e-457e219229b6.png
IMG	Pokémon Delta Fusion	Nintendo Game Boy Advance	Screenshot - Gameplay		Pok_mon_Delta_Fusion__Screenshot_-_Gameplay____2025ad37-76d9-4924-925d-b472fdf69241.png
IMG	Pokémon Delta Fusion	Nintendo Game Boy Advance	Screenshot - Gameplay		Pok_mon_Delta_Fusion__Screenshot_-_Gameplay____d0aef95e-e1df-4c53-9c88-c452a2f1aba3.png
IMG	Pokémon Delta Fusion	Nintendo Game Boy Advance	Screenshot - Gameplay		Pok_mon_Delta_Fusion__Screenshot_-_Gameplay____d98abfd6-6597-4db0-976f-3ee457804991.png
IMG	Pokémon Delta Fusion	Nintendo Game Boy Advance	Screenshot - Gameplay		Pok_mon_Delta_Fusion__Screenshot_-_Gameplay____b9d9bd6c-50a1-420d-aa45-9955901db536.png
IMG	Pokémon Delta Fusion	Nintendo Game Boy Advance	Screenshot - Game Title		Pok_mon_Delta_Fusion__Screenshot_-_Game_Title____d4df14ff-d9d4-4832-ac1c-d3f236b08d75.png
IMG	Pokémon Delta Green	Nintendo Game Boy Advance	Box - Front	World	Pok_mon_Delta_Green__Box_-_Front__World__b3474abd-3d77-44f0-94c9-3e131e73952c.png
IMG	Pokémon Delta Green	Nintendo Game Boy Advance	Screenshot - Gameplay		Pok_mon_Delta_Green__Screenshot_-_Gameplay____bb4541a1-7985-4a33-b2d0-c74dffb12d68.png
IMG	Pokémon Delta Green	Nintendo Game Boy Advance	Screenshot - Gameplay		Pok_mon_Delta_Green__Screenshot_-_Gameplay____7075a1ac-48b1-45c0-b244-df3c13022b1a.png
IMG	Pokémon Delta Green	Nintendo Game Boy Advance	Screenshot - Gameplay		Pok_mon_Delta_Green__Screenshot_-_Gameplay____f6a7c985-7e31-4eea-803f-f36f7c56e2c9.png
IMG	Pokémon Delta Green	Nintendo Game Boy Advance	Screenshot - Gameplay		Pok_mon_Delta_Green__Screenshot_-_Gameplay____fd321381-34d0-4da2-9aaa-5119d24139e5.png
IMG	Pokémon Delta Green	Nintendo Game Boy Advance	Screenshot - Gameplay		Pok_mon_Delta_Green__Screenshot_-_Gameplay____8d8c8d80-4176-4149-a0d6-68bbc0c3de7c.png
IMG	Pokémon Delta Green	Nintendo Game Boy Advance	Screenshot - Game Title		Pok_mon_Delta_Green__Screenshot_-_Game_Title____927669ea-e048-45b2-9fff-7d90d2ab2a92.png
IMG	Pokémon Deneb	Nintendo Game Boy Advance	Box - Front	World	Pok_mon_Deneb__Box_-_Front__World__d306213e-9119-45d9-b54d-6401ebe16e8d.png
IMG	Pokémon Deneb	Nintendo Game Boy Advance	Fanart - Background		Pok_mon_Deneb__Fanart_-_Background____c4d11b70-ac0b-4914-944d-c1588a1ca8e3.png
IMG	Pokémon Deneb	Nintendo Game Boy Advance	Fanart - Background		Pok_mon_Deneb__Fanart_-_Background____3b8893fd-61e5-4f11-8b34-941c8f87d6a7.png
IMG	Pokémon Deneb	Nintendo Game Boy Advance	Screenshot - Gameplay		Pok_mon_Deneb__Screenshot_-_Gameplay____e32560e3-60ad-4e38-a9cc-66c897104af9.jpg
IMG	Pokémon Deneb	Nintendo Game Boy Advance	Screenshot - Gameplay		Pok_mon_Deneb__Screenshot_-_Gameplay____1afab8a7-2912-4ade-83fd-021d0a8caee2.jpg
IMG	Pokémon Deneb	Nintendo Game Boy Advance	Screenshot - Gameplay		Pok_mon_Deneb__Screenshot_-_Gameplay____8f38f2d1-e440-4c15-be66-a98c5e04f975.jpg
IMG	Pokémon Deneb	Nintendo Game Boy Advance	Screenshot - Gameplay		Pok_mon_Deneb__Screenshot_-_Gameplay____bbf854bb-ab88-4d6c-b53b-bba5879b56e0.jpg
IMG	Pokémon Deneb	Nintendo Game Boy Advance	Screenshot - Gameplay		Pok_mon_Deneb__Screenshot_-_Gameplay____1f327bd3-681c-4b3a-8058-49992a3ff27b.png
IMG	Pokémon Deneb	Nintendo Game Boy Advance	Screenshot - Gameplay		Pok_mon_Deneb__Screenshot_-_Gameplay____86febc70-f3c5-4be2-a14b-13b50862485e.png
IMG	Pokémon Deneb	Nintendo Game Boy Advance	Screenshot - Gameplay		Pok_mon_Deneb__Screenshot_-_Gameplay____6e0eaa71-6751-466b-92ab-16bb10a3e875.png
IMG	Pokémon Deneb	Nintendo Game Boy Advance	Screenshot - Gameplay		Pok_mon_Deneb__Screenshot_-_Gameplay____d30b58bd-dd14-4c4c-aeb1-e6d134767f3c.png
IMG	Pokémon Deneb	Nintendo Game Boy Advance	Screenshot - Gameplay		Pok_mon_Deneb__Screenshot_-_Gameplay____ffb5fbfa-8bfb-4b76-bf2a-fe4a321be058.png
IMG	Pokémon Deneb	Nintendo Game Boy Advance	Screenshot - Gameplay		Pok_mon_Deneb__Screenshot_-_Gameplay____9604b371-3fdb-4514-9d9d-ab108473169b.png
IMG	Pokémon Deneb	Nintendo Game Boy Advance	Screenshot - Gameplay		Pok_mon_Deneb__Screenshot_-_Gameplay____7a956768-740f-4088-9f81-681f802c3d2a.png
IMG	Pokémon Deneb	Nintendo Game Boy Advance	Screenshot - Gameplay		Pok_mon_Deneb__Screenshot_-_Gameplay____24f12c17-4676-4578-b0c4-c6e750498d6c.png
IMG	Pokémon Deneb	Nintendo Game Boy Advance	Screenshot - Gameplay		Pok_mon_Deneb__Screenshot_-_Gameplay____d7e782c2-300a-4ae9-bcad-b6046c7b1e78.png
IMG	Pokémon Deneb	Nintendo Game Boy Advance	Screenshot - Gameplay		Pok_mon_Deneb__Screenshot_-_Gameplay____317d62ea-874b-4958-be8a-8bf2954887f4.png
IMG	Pokémon Deneb	Nintendo Game Boy Advance	Screenshot - Gameplay		Pok_mon_Deneb__Screenshot_-_Gameplay____8819e697-2d58-421d-8af1-e48cb3471cf1.png
IMG	Pokémon Deneb	Nintendo Game Boy Advance	Screenshot - Gameplay		Pok_mon_Deneb__Screenshot_-_Gameplay____e11a15b6-e7bc-434f-a9bd-6ece5b75a92e.png
IMG	Pokémon Deneb	Nintendo Game Boy Advance	Screenshot - Gameplay		Pok_mon_Deneb__Screenshot_-_Gameplay____80d1991f-1fb2-45ed-a636-a5a6fcf6cb99.png
IMG	Pokémon Deneb	Nintendo Game Boy Advance	Screenshot - Gameplay		Pok_mon_Deneb__Screenshot_-_Gameplay____2474d772-a0f5-4998-8445-ae5fd7022e3b.png
IMG	Pokémon Deneb	Nintendo Game Boy Advance	Screenshot - Gameplay		Pok_mon_Deneb__Screenshot_-_Gameplay____d0bca405-6fc7-4257-999e-295d0acdd1b7.png
IMG	Pokémon Deneb	Nintendo Game Boy Advance	Screenshot - Gameplay		Pok_mon_Deneb__Screenshot_-_Gameplay____384942e5-9cd2-473d-a824-8c05715b2dec.png
IMG	Pokémon Deneb	Nintendo Game Boy Advance	Screenshot - Gameplay		Pok_mon_Deneb__Screenshot_-_Gameplay____a2b27606-619a-4ac7-8a23-588684230beb.png
IMG	Pokémon Deneb	Nintendo Game Boy Advance	Screenshot - Gameplay		Pok_mon_Deneb__Screenshot_-_Gameplay____20032dd0-d210-4ffb-892d-6b8839785bc7.png
IMG	Pokémon Deneb	Nintendo Game Boy Advance	Screenshot - Gameplay		Pok_mon_Deneb__Screenshot_-_Gameplay____3a5e0529-a0f1-4979-b239-e360240fcaee.png
IMG	Pokémon Deneb	Nintendo Game Boy Advance	Screenshot - Gameplay		Pok_mon_Deneb__Screenshot_-_Gameplay____d0d1d301-c0d1-4bc0-bbe3-dcb7b788e7eb.png
IMG	Pokémon Deneb	Nintendo Game Boy Advance	Screenshot - Gameplay		Pok_mon_Deneb__Screenshot_-_Gameplay____488b44df-2866-4377-bf5a-204d18719d3d.png
IMG	Pokémon Deneb	Nintendo Game Boy Advance	Screenshot - Gameplay		Pok_mon_Deneb__Screenshot_-_Gameplay____cf287f3a-8ece-4ff6-aaee-b8bba17b0ae6.png
IMG	Pokémon Deneb	Nintendo Game Boy Advance	Screenshot - Gameplay		Pok_mon_Deneb__Screenshot_-_Gameplay____8a03416e-98dc-4ed0-ad0f-55bec1b84ad9.jpg
IMG	Pokémon Deneb	Nintendo Game Boy Advance	Screenshot - Gameplay		Pok_mon_Deneb__Screenshot_-_Gameplay____0aa54633-a0c7-45bb-abad-ec09272d517a.jpg
IMG	Pokémon Deneb	Nintendo Game Boy Advance	Screenshot - Gameplay		Pok_mon_Deneb__Screenshot_-_Gameplay____ebdccc39-ee3d-465a-8a7b-b734f929f947.jpg
IMG	Pokémon Deneb	Nintendo Game Boy Advance	Screenshot - Gameplay		Pok_mon_Deneb__Screenshot_-_Gameplay____9205dff1-1432-405a-a795-73339de31db6.png
IMG	Pokémon Deneb	Nintendo Game Boy Advance	Screenshot - Gameplay		Pok_mon_Deneb__Screenshot_-_Gameplay____bfcc80c9-6731-4f03-af21-4e12d4505fcf.jpg
IMG	Pokémon Deneb	Nintendo Game Boy Advance	Screenshot - Gameplay		Pok_mon_Deneb__Screenshot_-_Gameplay____644b9593-ec87-4ac0-8c69-18e3f1a0b701.jpg
IMG	Pokémon Deneb	Nintendo Game Boy Advance	Screenshot - Gameplay		Pok_mon_Deneb__Screenshot_-_Gameplay____570655b6-22a0-4fb2-bb6a-be6ff67f7e5e.png
IMG	Pokémon Deneb	Nintendo Game Boy Advance	Screenshot - Game Title		Pok_mon_Deneb__Screenshot_-_Game_Title____103056ec-94ee-41ce-8acf-25092885c7fe.png
IMG	Pokémon Deneb	Nintendo Game Boy Advance	Screenshot - Game Title		Pok_mon_Deneb__Screenshot_-_Game_Title____0b1d1d68-213d-4c0b-8fd3-b35af0c51254.png
IMG	Pokémon Discovery	Nintendo Game Boy Advance	Advertisement Flyer - Front		Pok_mon_Discovery__Advertisement_Flyer_-_Front____61d6ad19-bfc5-41cc-9f31-a8c44611c930.png
IMG	Pokémon Discovery	Nintendo Game Boy Advance	Advertisement Flyer - Front		Pok_mon_Discovery__Advertisement_Flyer_-_Front____ce0ccbd8-34ce-4235-97c8-dacdd64209fe.jpg
IMG	Pokémon Discovery	Nintendo Game Boy Advance	Banner		Pok_mon_Discovery__Banner____2c5a30ad-c617-4a4c-b190-629982ff5b0f.png
IMG	Pokémon Discovery	Nintendo Game Boy Advance	Banner		Pok_mon_Discovery__Banner____674a182f-dbfe-4c42-ab49-c53984909c17.png
IMG	Pokémon Discovery	Nintendo Game Boy Advance	Banner		Pok_mon_Discovery__Banner____b6ffb21a-51a4-4030-b543-1902a9341c7d.png
IMG	Pokémon Discovery	Nintendo Game Boy Advance	Banner		Pok_mon_Discovery__Banner____8bd1d938-ce81-4df2-ac3c-031a4afa6f17.png
IMG	Pokémon Discovery	Nintendo Game Boy Advance	Banner		Pok_mon_Discovery__Banner____215ef329-1b28-49e3-b586-dd4ba9df481c.png
IMG	Pokémon Discovery	Nintendo Game Boy Advance	Banner		Pok_mon_Discovery__Banner____d2ac766c-0678-4d22-b3f1-f3d724f4cfe4.png
IMG	Pokémon Discovery	Nintendo Game Boy Advance	Box - Front	World	Pok_mon_Discovery__Box_-_Front__World__23654e94-2303-4e20-bc36-e9c53c4f0ed7.png
IMG	Pokémon Discovery	Nintendo Game Boy Advance	Fanart - Background		Pok_mon_Discovery__Fanart_-_Background____0a598205-3277-4ff9-8e01-34bee052fffe.png
IMG	Pokémon Discovery	Nintendo Game Boy Advance	Screenshot - Gameplay		Pok_mon_Discovery__Screenshot_-_Gameplay____4583c641-4cf5-476f-bcfd-f6b4e6f1c9da.png
IMG	Pokémon Discovery	Nintendo Game Boy Advance	Screenshot - Gameplay		Pok_mon_Discovery__Screenshot_-_Gameplay____3ea3362b-52f7-4dd0-9eba-b6806696e529.png
IMG	Pokémon Discovery	Nintendo Game Boy Advance	Screenshot - Gameplay		Pok_mon_Discovery__Screenshot_-_Gameplay____6684e219-6b4e-4ef1-8990-16aa1d809ccc.png
IMG	Pokémon Discovery	Nintendo Game Boy Advance	Screenshot - Gameplay		Pok_mon_Discovery__Screenshot_-_Gameplay____f235136b-45f0-409b-85bb-4f3c92e2fdc7.png
IMG	Pokémon Discovery	Nintendo Game Boy Advance	Screenshot - Gameplay		Pok_mon_Discovery__Screenshot_-_Gameplay____ec11cfda-5b68-402e-a2bb-58828320ec01.png
IMG	Pokémon Discovery	Nintendo Game Boy Advance	Screenshot - Gameplay		Pok_mon_Discovery__Screenshot_-_Gameplay____963b1873-3d68-43e3-9bb0-75942cf76226.png
IMG	Pokémon Discovery	Nintendo Game Boy Advance	Screenshot - Gameplay		Pok_mon_Discovery__Screenshot_-_Gameplay____43acdfa1-8715-4d6f-8e7f-49afc76761a7.png
IMG	Pokémon Discovery	Nintendo Game Boy Advance	Screenshot - Gameplay		Pok_mon_Discovery__Screenshot_-_Gameplay____5821989c-321e-4ef3-801e-63fcfb90ef0f.png
IMG	Pokémon Discovery	Nintendo Game Boy Advance	Screenshot - Gameplay		Pok_mon_Discovery__Screenshot_-_Gameplay____008e5879-ae37-4190-a9ba-00d9f7e18b1c.png
IMG	Pokémon Discovery	Nintendo Game Boy Advance	Screenshot - Gameplay		Pok_mon_Discovery__Screenshot_-_Gameplay____3d8732a7-f5a7-4326-b0f1-91e4d1ca8083.png
IMG	Pokémon Discovery	Nintendo Game Boy Advance	Screenshot - Gameplay		Pok_mon_Discovery__Screenshot_-_Gameplay____fd99d574-6e7f-4f8b-8ddd-ef45bf122cd1.png
IMG	Pokémon Discovery	Nintendo Game Boy Advance	Screenshot - Gameplay		Pok_mon_Discovery__Screenshot_-_Gameplay____1e0ddce2-ab10-413b-bfbd-d94e488e4822.png
IMG	Pokémon Discovery	Nintendo Game Boy Advance	Screenshot - Gameplay		Pok_mon_Discovery__Screenshot_-_Gameplay____8d6c30eb-605d-428b-8966-8997a1cc6bf8.png
IMG	Pokémon Discovery	Nintendo Game Boy Advance	Screenshot - Game Title		Pok_mon_Discovery__Screenshot_-_Game_Title____4cf67ed3-8e7b-48cc-a2f9-a8bd4aed7340.png
IMG	Pokémon Derp Emerald	Nintendo Game Boy Advance	Box - Front	World	Pok_mon_Derp_Emerald__Box_-_Front__World__244a047b-17ce-4f27-b21e-a3106fc10606.png
IMG	Pokémon Derp Emerald	Nintendo Game Boy Advance	Screenshot - Gameplay		Pok_mon_Derp_Emerald__Screenshot_-_Gameplay____42e7c969-6f77-42f6-811f-dc404e675e16.png
IMG	Pokémon Derp Emerald	Nintendo Game Boy Advance	Screenshot - Gameplay		Pok_mon_Derp_Emerald__Screenshot_-_Gameplay____8d37593b-0f2b-40c9-a918-943b01aa7e5b.png
IMG	Pokémon Derp Emerald	Nintendo Game Boy Advance	Screenshot - Gameplay		Pok_mon_Derp_Emerald__Screenshot_-_Gameplay____724a9f92-7c09-421f-a2fd-e9f4dc0eedca.png
IMG	Pokémon Derp Emerald	Nintendo Game Boy Advance	Screenshot - Gameplay		Pok_mon_Derp_Emerald__Screenshot_-_Gameplay____854e0490-b609-4530-8947-301ff2dd678f.png
IMG	Pokémon Derp Emerald	Nintendo Game Boy Advance	Screenshot - Gameplay		Pok_mon_Derp_Emerald__Screenshot_-_Gameplay____6983ccd1-7f55-4dc0-9559-1877035aab27.png
IMG	Pokémon Derp Emerald	Nintendo Game Boy Advance	Screenshot - Gameplay		Pok_mon_Derp_Emerald__Screenshot_-_Gameplay____cbde53b3-60f1-404a-8404-f3ad30750064.png
IMG	Pokémon Derp Emerald	Nintendo Game Boy Advance	Screenshot - Gameplay		Pok_mon_Derp_Emerald__Screenshot_-_Gameplay____62120a1b-911a-4eaa-9b53-8d3b8b25c920.png
IMG	Pokémon Derp Emerald	Nintendo Game Boy Advance	Screenshot - Gameplay		Pok_mon_Derp_Emerald__Screenshot_-_Gameplay____8c33341f-1563-4983-b5cd-ed6f1e13c397.png
IMG	Pokémon Derp Emerald	Nintendo Game Boy Advance	Screenshot - Gameplay		Pok_mon_Derp_Emerald__Screenshot_-_Gameplay____be6ea9bc-74bb-4340-944a-776f1e7f8b24.png
IMG	Pokémon Derp Emerald	Nintendo Game Boy Advance	Screenshot - Gameplay		Pok_mon_Derp_Emerald__Screenshot_-_Gameplay____6968d695-3c81-4c15-96ad-b842adbd1f54.png
IMG	Pokémon Derp Emerald	Nintendo Game Boy Advance	Screenshot - Gameplay		Pok_mon_Derp_Emerald__Screenshot_-_Gameplay____76b9e857-164c-4d87-80f1-ae133829b136.png
IMG	Pokémon Derp Emerald	Nintendo Game Boy Advance	Screenshot - Gameplay		Pok_mon_Derp_Emerald__Screenshot_-_Gameplay____76d90b36-7a0c-4bcd-b3d0-ef685fb1d960.png
IMG	Pokémon Derp Emerald	Nintendo Game Boy Advance	Screenshot - Game Title		Pok_mon_Derp_Emerald__Screenshot_-_Game_Title____984a1008-4403-44cb-a2b0-99290ed890eb.png
IMG	Pokémon Derpizard	Nintendo Game Boy Advance	Box - Front	World	Pok_mon_Derpizard__Box_-_Front__World__7a48076f-4196-4dca-ba0b-6798c0be8185.png
IMG	Pokémon Derpizard	Nintendo Game Boy Advance	Screenshot - Gameplay		Pok_mon_Derpizard__Screenshot_-_Gameplay____ae156010-9b40-4ccb-8e71-113be685f2cf.png
IMG	Pokémon Derpizard	Nintendo Game Boy Advance	Screenshot - Gameplay		Pok_mon_Derpizard__Screenshot_-_Gameplay____4911225f-98fa-4c67-b469-01d7ba7e188e.png
IMG	Pokémon Derpizard	Nintendo Game Boy Advance	Screenshot - Gameplay		Pok_mon_Derpizard__Screenshot_-_Gameplay____88450620-a582-4ff7-bbe3-32b22be635f5.png
IMG	Pokémon Derpizard	Nintendo Game Boy Advance	Screenshot - Gameplay		Pok_mon_Derpizard__Screenshot_-_Gameplay____44be501b-0ba6-46af-8521-b12c90ed5e44.png
IMG	Pokémon Derpizard	Nintendo Game Boy Advance	Screenshot - Gameplay		Pok_mon_Derpizard__Screenshot_-_Gameplay____7e838fe6-7ef0-49a6-ae94-636a427e4b38.png
IMG	Pokémon Derpizard	Nintendo Game Boy Advance	Screenshot - Gameplay		Pok_mon_Derpizard__Screenshot_-_Gameplay____3e85562a-ee53-45dd-bc42-1bc829f90e64.png
IMG	Pokémon Derpizard	Nintendo Game Boy Advance	Screenshot - Gameplay		Pok_mon_Derpizard__Screenshot_-_Gameplay____1d89d963-1aee-4c08-a944-bbd58e086073.png
IMG	Pokémon Derpizard	Nintendo Game Boy Advance	Screenshot - Gameplay		Pok_mon_Derpizard__Screenshot_-_Gameplay____fb160d5d-596e-4fbc-aa69-74b07c31ce6f.png
IMG	Pokémon Derpizard	Nintendo Game Boy Advance	Screenshot - Gameplay		Pok_mon_Derpizard__Screenshot_-_Gameplay____7295758f-b24b-4d67-8313-0f931c2c20ce.png
IMG	Pokémon Derpizard	Nintendo Game Boy Advance	Screenshot - Gameplay		Pok_mon_Derpizard__Screenshot_-_Gameplay____56514385-99db-4261-83e6-a0056ba8b41c.png
IMG	Pokémon Derpizard	Nintendo Game Boy Advance	Screenshot - Game Title		Pok_mon_Derpizard__Screenshot_-_Game_Title____757150cb-0cfd-4972-aee9-3507f1ca9b60.png
IMG	Pokémon Desert Version	Nintendo Game Boy Advance	Box - Front	Germany	Pok_mon_Desert_Version__Box_-_Front__Germany__a9ee1db0-a95d-49f8-addd-2d72439d4dfd.png
IMG	Pokémon Desert Version	Nintendo Game Boy Advance	Screenshot - Gameplay		Pok_mon_Desert_Version__Screenshot_-_Gameplay____dc040991-6e32-4e30-8870-5ac4fb2d3a5f.png
IMG	Pokémon Desert Version	Nintendo Game Boy Advance	Screenshot - Game Title		Pok_mon_Desert_Version__Screenshot_-_Game_Title____d6541772-30f9-4abf-ae91-4d1acf8c046b.png
IMG	Pokémon Diabound	Nintendo Game Boy Advance	Box - Front	World	Pok_mon_Diabound__Box_-_Front__World__95fbf9bc-02fe-47e8-b67d-4f399c10032b.png
IMG	Pokémon Diabound	Nintendo Game Boy Advance	Screenshot - Gameplay		Pok_mon_Diabound__Screenshot_-_Gameplay____027c8c50-0352-4dcb-8c6a-fd1c47d0aa89.png
IMG	Pokémon Diabound	Nintendo Game Boy Advance	Screenshot - Gameplay		Pok_mon_Diabound__Screenshot_-_Gameplay____d508e0ed-ec6c-4564-a908-6ecb989fa5cf.png
IMG	Pokémon Diabound	Nintendo Game Boy Advance	Screenshot - Gameplay		Pok_mon_Diabound__Screenshot_-_Gameplay____5467b1bf-8640-45d5-9c00-d2a630223690.png
IMG	Pokémon Diabound	Nintendo Game Boy Advance	Screenshot - Gameplay		Pok_mon_Diabound__Screenshot_-_Gameplay____6095698e-0e5f-40e0-9487-fc9cd49a2ef8.png
IMG	Pokémon Diabound	Nintendo Game Boy Advance	Screenshot - Gameplay		Pok_mon_Diabound__Screenshot_-_Gameplay____7a25344a-0743-406a-9788-c626e0706270.png
IMG	Pokémon Diabound	Nintendo Game Boy Advance	Screenshot - Game Title		Pok_mon_Diabound__Screenshot_-_Game_Title____1ebce851-57f8-4f95-b653-35d86511357e.png
IMG	Pokémon Digimon FireRed	Nintendo Game Boy Advance	Box - Front	North America	Pok_mon_Digimon_FireRed__Box_-_Front__North_America__14e80cf5-e7a7-45c1-8c60-7254a865da32.png
IMG	Pokémon Digimon FireRed	Nintendo Game Boy Advance	Screenshot - Gameplay		Pok_mon_Digimon_FireRed__Screenshot_-_Gameplay____57982bb6-66a8-48d8-838d-690e16e36095.png
IMG	Pokémon Digimon FireRed	Nintendo Game Boy Advance	Screenshot - Gameplay		Pok_mon_Digimon_FireRed__Screenshot_-_Gameplay____d2d1b0e4-1119-428e-ba01-01002885fa96.png
IMG	Pokémon Digimon FireRed	Nintendo Game Boy Advance	Screenshot - Gameplay		Pok_mon_Digimon_FireRed__Screenshot_-_Gameplay____b1e2b888-46c8-47be-b802-2a47315a69e7.png
IMG	Pokémon Digimon FireRed	Nintendo Game Boy Advance	Screenshot - Game Title		Pok_mon_Digimon_FireRed__Screenshot_-_Game_Title____f49e242b-d94e-462a-a59b-283be1b608e1.png
IMG	Pokémon Dragonstone 2	Nintendo Game Boy Advance	Box - Front	World	Pok_mon_Dragonstone_2__Box_-_Front__World__cfb78f2c-37b7-4325-894a-bab90dd1ea33.png
IMG	Pokémon Dragonstone 2	Nintendo Game Boy Advance	Screenshot - Gameplay		Pok_mon_Dragonstone_2__Screenshot_-_Gameplay____421ee40a-1fd7-4b2a-98da-02540a060e83.png
IMG	Pokémon Dragonstone 2	Nintendo Game Boy Advance	Screenshot - Game Title		Pok_mon_Dragonstone_2__Screenshot_-_Game_Title____6e5144c9-88b1-4942-b6ac-e5bdf2c6a3d9.png
IMG	Pokémon Dragonstone	Nintendo Game Boy Advance	Box - Front	World	Pok_mon_Dragonstone__Box_-_Front__World__fa6d2b1a-552e-4db9-a7bf-f237738e33f2.png
IMG	Pokémon Dragonstone	Nintendo Game Boy Advance	Fanart - Background		Pok_mon_Dragonstone__Fanart_-_Background____4bbba33d-1475-49e6-9738-efe118406e5e.jpg
IMG	Pokémon Dragonstone	Nintendo Game Boy Advance	Screenshot - Gameplay		Pok_mon_Dragonstone__Screenshot_-_Gameplay____1a9ee959-3009-47a8-8df3-1b0e5e119366.png
IMG	Pokémon Dragonstone	Nintendo Game Boy Advance	Screenshot - Gameplay		Pok_mon_Dragonstone__Screenshot_-_Gameplay____758161f8-ba07-456e-b1d3-00a3a0459291.png
IMG	Pokémon Dragonstone	Nintendo Game Boy Advance	Screenshot - Gameplay		Pok_mon_Dragonstone__Screenshot_-_Gameplay____7f2173ea-4cdb-42bc-8afa-4e20da65d8e0.png
IMG	Pokémon Dragonstone	Nintendo Game Boy Advance	Screenshot - Gameplay		Pok_mon_Dragonstone__Screenshot_-_Gameplay____bf673dad-3a74-4367-bfe5-e615c30ceab3.png
IMG	Pokémon Dragonstone	Nintendo Game Boy Advance	Screenshot - Gameplay		Pok_mon_Dragonstone__Screenshot_-_Gameplay____10217248-1231-4453-81e3-0f6050374636.png
IMG	Pokémon Dragonstone	Nintendo Game Boy Advance	Screenshot - Gameplay		Pok_mon_Dragonstone__Screenshot_-_Gameplay____9db2844c-0d99-4bdf-9f22-8edbcbf19d7d.png
IMG	Pokémon Dragonstone	Nintendo Game Boy Advance	Screenshot - Gameplay		Pok_mon_Dragonstone__Screenshot_-_Gameplay____d05e60f2-970a-40fb-86da-699840545cfd.png
IMG	Pokémon Dragonstone	Nintendo Game Boy Advance	Screenshot - Gameplay		Pok_mon_Dragonstone__Screenshot_-_Gameplay____345bdb38-d6f7-4ed1-8799-7f18bbbc071e.png
IMG	Pokémon Dragonstone	Nintendo Game Boy Advance	Screenshot - Gameplay		Pok_mon_Dragonstone__Screenshot_-_Gameplay____8de73bcb-8fc5-445e-97ae-e3d86f6400e7.png
IMG	Pokémon Dragonstone	Nintendo Game Boy Advance	Screenshot - Game Title		Pok_mon_Dragonstone__Screenshot_-_Game_Title____ad81e1a8-58af-4568-bea7-ba55e261cc2c.png
IMG	Pokémon Dragonstone	Nintendo Game Boy Advance	Screenshot - Game Title		Pok_mon_Dragonstone__Screenshot_-_Game_Title____6c9bd87b-da9b-4ebc-a613-cbae3df1189d.png
IMG	Pokémon Drab Conspiracy	Nintendo Game Boy Advance	Banner		Pok_mon_Drab_Conspiracy__Banner____22c40d18-e610-4edd-95c5-f1657adf7eb9.png
IMG	Pokémon Drab Conspiracy	Nintendo Game Boy Advance	Box - Front	Europe	Pok_mon_Drab_Conspiracy__Box_-_Front__Europe__cfd4d999-9a62-4318-a677-8eb2a3eb9583.png
IMG	Pokémon Drab Conspiracy	Nintendo Game Boy Advance	Screenshot - Gameplay		Pok_mon_Drab_Conspiracy__Screenshot_-_Gameplay____de12be70-89ed-47d8-a316-583c17617721.png
IMG	Pokémon Drab Conspiracy	Nintendo Game Boy Advance	Screenshot - Gameplay		Pok_mon_Drab_Conspiracy__Screenshot_-_Gameplay____db19abc8-a484-4512-9484-26b8fdf39dbe.png
IMG	Pokémon Drab Conspiracy	Nintendo Game Boy Advance	Screenshot - Gameplay		Pok_mon_Drab_Conspiracy__Screenshot_-_Gameplay____83894b68-6bd7-4967-a00f-a261ef4da269.png
IMG	Pokémon Drab Conspiracy	Nintendo Game Boy Advance	Screenshot - Gameplay		Pok_mon_Drab_Conspiracy__Screenshot_-_Gameplay____504bfc16-0d6e-49de-88af-8f63d4aab08e.png
IMG	Pokémon Drab Conspiracy	Nintendo Game Boy Advance	Screenshot - Gameplay		Pok_mon_Drab_Conspiracy__Screenshot_-_Gameplay____2ed08934-02fc-4fbc-bc9e-3e4bd881f021.png
IMG	Pokémon Drab Conspiracy	Nintendo Game Boy Advance	Screenshot - Gameplay		Pok_mon_Drab_Conspiracy__Screenshot_-_Gameplay____a2b91ac1-05ad-4d68-9be3-968d25d0caf1.png
IMG	Pokémon Drab Conspiracy	Nintendo Game Boy Advance	Screenshot - Gameplay		Pok_mon_Drab_Conspiracy__Screenshot_-_Gameplay____394eedc2-f862-4666-9a3c-d996e8be4932.png
IMG	Pokémon Drab Conspiracy	Nintendo Game Boy Advance	Screenshot - Gameplay		Pok_mon_Drab_Conspiracy__Screenshot_-_Gameplay____9f8f182c-a6b0-46bd-987e-89fcd4e5c84f.png
IMG	Pokémon Drab Conspiracy	Nintendo Game Boy Advance	Screenshot - Gameplay		Pok_mon_Drab_Conspiracy__Screenshot_-_Gameplay____8b5782a4-8e06-46a4-b500-b3cb14a2751c.png
IMG	Pokémon Drab Conspiracy	Nintendo Game Boy Advance	Screenshot - Gameplay		Pok_mon_Drab_Conspiracy__Screenshot_-_Gameplay____bb2a3ee2-68f4-4088-a110-a5e054f71b49.png
IMG	Pokémon Drab Conspiracy	Nintendo Game Boy Advance	Screenshot - Gameplay		Pok_mon_Drab_Conspiracy__Screenshot_-_Gameplay____33a7dc41-a031-472d-936d-fe2151e6f5b1.png
IMG	Pokémon Drab Conspiracy	Nintendo Game Boy Advance	Screenshot - Game Title		Pok_mon_Drab_Conspiracy__Screenshot_-_Game_Title____4117d33a-df03-4aba-b1f1-42810173741d.png
IMG	Pokémon Dream Seasons	Nintendo Game Boy Advance	Advertisement Flyer - Front		Pok_mon_Dream_Seasons__Advertisement_Flyer_-_Front____d7e93630-7bb8-4791-9dd3-8f0c6e30581d.png
IMG	Pokémon Dream Seasons	Nintendo Game Boy Advance	Banner		Pok_mon_Dream_Seasons__Banner____58d04fdb-f8de-4b42-b1ee-834b6d53060b.png
IMG	Pokémon Dream Seasons	Nintendo Game Boy Advance	Box - Front	World	Pok_mon_Dream_Seasons__Box_-_Front__World__bd08edc4-d7f8-49d3-be6a-300200a09ec6.png
IMG	Pokémon Dream Seasons	Nintendo Game Boy Advance	Clear Logo		Pok_mon_Dream_Seasons__Clear_Logo____2849620b-9995-4366-b541-8240fafee55a.png
IMG	Pokémon Dreary	Nintendo Game Boy Advance	Box - Front	World	Pok_mon_Dreary__Box_-_Front__World__7e137b69-7610-4a0e-bbaf-96aa4841fb4b.jpg
IMG	Pokémon Dreary	Nintendo Game Boy Advance	Clear Logo		Pok_mon_Dreary__Clear_Logo____cafb2f62-4ed2-49af-a8b0-6639e44609d6.png
IMG	Pokémon Dreary	Nintendo Game Boy Advance	Screenshot - Gameplay		Pok_mon_Dreary__Screenshot_-_Gameplay____1e0f8ea4-9d7b-4edf-aaf9-750792a7edec.png
IMG	Pokémon Dreary	Nintendo Game Boy Advance	Screenshot - Gameplay		Pok_mon_Dreary__Screenshot_-_Gameplay____c9ec13a8-faf8-42fd-8691-d21175dd6d44.png
IMG	Pokémon Dreary	Nintendo Game Boy Advance	Screenshot - Gameplay		Pok_mon_Dreary__Screenshot_-_Gameplay____88812ccb-9e27-4356-aa28-018585d9a2ee.png
IMG	Pokémon Dreary	Nintendo Game Boy Advance	Screenshot - Gameplay		Pok_mon_Dreary__Screenshot_-_Gameplay____bda32c90-70e9-484e-846a-ed5aa15f8e69.png
IMG	Pokémon Dreary	Nintendo Game Boy Advance	Screenshot - Gameplay		Pok_mon_Dreary__Screenshot_-_Gameplay____4d9f1828-3c17-488a-91b7-3d41921f02a3.png
IMG	Pokémon Dreary	Nintendo Game Boy Advance	Screenshot - Gameplay		Pok_mon_Dreary__Screenshot_-_Gameplay____53ef39e6-1f4c-4159-aa89-064c093ab19f.png
IMG	Pokémon Dreary	Nintendo Game Boy Advance	Screenshot - Gameplay		Pok_mon_Dreary__Screenshot_-_Gameplay____ef0735a9-dfaf-4be6-a964-e1bcc04748fe.png
IMG	Pokémon Dreary	Nintendo Game Boy Advance	Screenshot - Gameplay		Pok_mon_Dreary__Screenshot_-_Gameplay____0fcee382-abb1-4bac-8021-e92d393e3b52.png
IMG	Pokémon Dreary	Nintendo Game Boy Advance	Screenshot - Gameplay		Pok_mon_Dreary__Screenshot_-_Gameplay____f023d8ef-8033-4a17-b94e-bbf8dae4d3ad.png
IMG	Pokémon Dreary	Nintendo Game Boy Advance	Screenshot - Gameplay		Pok_mon_Dreary__Screenshot_-_Gameplay____ee9575d1-a7ba-40e3-a906-a31d2aeb5cbb.png
IMG	Pokémon Dreary	Nintendo Game Boy Advance	Screenshot - Gameplay		Pok_mon_Dreary__Screenshot_-_Gameplay____ad57a86b-9e02-4142-87a0-afdf2edc265a.png
IMG	Pokémon Dreary	Nintendo Game Boy Advance	Screenshot - Gameplay		Pok_mon_Dreary__Screenshot_-_Gameplay____7854b027-d947-45b1-91b0-2751377716d8.png
IMG	Pokémon Dreary	Nintendo Game Boy Advance	Screenshot - Game Title		Pok_mon_Dreary__Screenshot_-_Game_Title____713260b6-d633-4a9b-80ba-530bf54eca4e.png
IMG	Pokémon Dimension Legends	Nintendo Game Boy Advance	Box - Front	World	Pok_mon_Dimension_Legends__Box_-_Front__World__8a17553a-e6ec-4739-9d50-ba61a2d0edd1.png
IMG	Pokémon Dimension Legends	Nintendo Game Boy Advance	Screenshot - Gameplay		Pok_mon_Dimension_Legends__Screenshot_-_Gameplay____3d0e4a30-b097-46e7-b17b-e8b47d4a3fda.png
IMG	Pokémon Dimension Legends	Nintendo Game Boy Advance	Screenshot - Gameplay		Pok_mon_Dimension_Legends__Screenshot_-_Gameplay____109c8122-cf83-4a7b-a071-6e8b9a578077.png
IMG	Pokémon Dimension Legends	Nintendo Game Boy Advance	Screenshot - Gameplay		Pok_mon_Dimension_Legends__Screenshot_-_Gameplay____238f1a31-baa8-460f-a951-a881fcfcbc46.png
IMG	Pokémon Dimension Legends	Nintendo Game Boy Advance	Screenshot - Game Title		Pok_mon_Dimension_Legends__Screenshot_-_Game_Title____86acf87d-b94b-4630-bb31-ad71f988faa2.png
IMG	Pokémon Distortion Black	Nintendo Game Boy Advance	Box - Front	World	Pok_mon_Distortion_Black__Box_-_Front__World__5f999690-96a8-47dc-a6fe-b09453d4f2e9.png
IMG	Pokémon Distortion Black	Nintendo Game Boy Advance	Screenshot - Gameplay		Pok_mon_Distortion_Black__Screenshot_-_Gameplay____ce695dc2-52c3-4b07-8073-5b472dddb2ad.png
IMG	Pokémon Distortion Black	Nintendo Game Boy Advance	Screenshot - Gameplay		Pok_mon_Distortion_Black__Screenshot_-_Gameplay____0c1e60c4-f407-451b-9ccb-a9524284f18f.png
IMG	Pokémon Distortion Black	Nintendo Game Boy Advance	Screenshot - Gameplay		Pok_mon_Distortion_Black__Screenshot_-_Gameplay____2900163e-f80e-4d2b-801c-9cec68d8e893.png
IMG	Pokémon Distortion Black	Nintendo Game Boy Advance	Screenshot - Gameplay		Pok_mon_Distortion_Black__Screenshot_-_Gameplay____a020707a-a723-4a23-af1d-ff39fceb5ee0.png
IMG	Pokémon Distortion Black	Nintendo Game Boy Advance	Screenshot - Game Title		Pok_mon_Distortion_Black__Screenshot_-_Game_Title____f828be6e-f5ad-4f6a-a8b4-251ddcff2a96.png
IMG	Pokémon Distortion Black	Nintendo Game Boy Advance	Screenshot - Game Title		Pok_mon_Distortion_Black__Screenshot_-_Game_Title____1b666dfe-9c98-41da-81de-2023708f93e7.png
IMG	Pokémon DPS Edition	Nintendo Game Boy Advance	Screenshot - Game Title		Pok_mon_DPS_Edition__Screenshot_-_Game_Title____acab5c69-7768-44d0-8e34-07da2b464b3d.png
IMG	Pokémon DR	Nintendo Game Boy Advance	Box - Front	United States	Pok_mon_DR__Box_-_Front__United_States__e7986b9e-e2c6-483a-baa0-7b52c819e3fa.png
IMG	Pokémon DR	Nintendo Game Boy Advance	Screenshot - Gameplay		Pok_mon_DR__Screenshot_-_Gameplay____9a21bda2-b97c-4c8a-afdd-20eb1d98f76f.png
IMG	Pokémon DR	Nintendo Game Boy Advance	Screenshot - Gameplay		Pok_mon_DR__Screenshot_-_Gameplay____13849a79-8e2d-4a74-9949-2754f440654a.png
IMG	Pokémon DR	Nintendo Game Boy Advance	Screenshot - Gameplay		Pok_mon_DR__Screenshot_-_Gameplay____b24a08d9-2bb2-4319-bfe3-28a129c5bdbd.png
IMG	Pokémon DR	Nintendo Game Boy Advance	Screenshot - Gameplay		Pok_mon_DR__Screenshot_-_Gameplay____b36719f5-77c6-494e-9b32-31588b79feeb.png
IMG	Pokémon DR	Nintendo Game Boy Advance	Screenshot - Gameplay		Pok_mon_DR__Screenshot_-_Gameplay____51be575c-7396-4f75-838b-10ccaf2d587a.png
IMG	Pokémon DR	Nintendo Game Boy Advance	Screenshot - Gameplay		Pok_mon_DR__Screenshot_-_Gameplay____92862330-4d00-44ea-a302-49e658ef7288.png
IMG	Pokémon DR	Nintendo Game Boy Advance	Screenshot - Gameplay		Pok_mon_DR__Screenshot_-_Gameplay____305ba71a-9fba-4921-8bec-6589d2925762.png
IMG	Pokémon DR	Nintendo Game Boy Advance	Screenshot - Gameplay		Pok_mon_DR__Screenshot_-_Gameplay____fb9f6a6e-426d-4f3d-b34f-c907643b2dbb.png
IMG	Pokémon DR	Nintendo Game Boy Advance	Screenshot - Gameplay		Pok_mon_DR__Screenshot_-_Gameplay____80f40e11-7640-47e5-8eb4-d7de6fbc02a6.png
IMG	Pokémon DR	Nintendo Game Boy Advance	Screenshot - Gameplay		Pok_mon_DR__Screenshot_-_Gameplay____865d96b7-f6f6-4e3f-a411-20016a93f603.png
IMG	Pokémon DR	Nintendo Game Boy Advance	Screenshot - Game Title		Pok_mon_DR__Screenshot_-_Game_Title____94dd79be-e0e1-43a7-bbbb-745e556a2225.png
IMG	Pokémon DR	Nintendo Game Boy Advance	Screenshot - High Scores		Pok_mon_DR__Screenshot_-_High_Scores____36ca3b26-dc2d-4f00-9bf4-b9d35a03bde0.png
IMG	Pokémon Emerald Double Version	Nintendo Game Boy Advance	Box - Front	World	Pok_mon_Emerald_Double_Version__Box_-_Front__World__e6999679-81a3-4f91-9770-8f0ca9f8135f.png
IMG	Pokémon Emerald Double Version	Nintendo Game Boy Advance	Screenshot - Gameplay		Pok_mon_Emerald_Double_Version__Screenshot_-_Gameplay____a32e4069-b69e-47c9-a76b-db95b59a3712.png
IMG	Pokémon Emerald Double Version	Nintendo Game Boy Advance	Screenshot - Gameplay		Pok_mon_Emerald_Double_Version__Screenshot_-_Gameplay____2e89e3d3-637a-4358-a20d-734d91763d0e.png
IMG	Pokémon Emerald Double Version	Nintendo Game Boy Advance	Screenshot - Gameplay		Pok_mon_Emerald_Double_Version__Screenshot_-_Gameplay____db9dc893-23e1-42dd-89ce-060c48b2aa58.png
IMG	Pokémon Emerald Double Version	Nintendo Game Boy Advance	Screenshot - Gameplay		Pok_mon_Emerald_Double_Version__Screenshot_-_Gameplay____ba57154d-257b-4f70-a991-820227506ac3.png
IMG	Pokémon Emerald Double Version	Nintendo Game Boy Advance	Screenshot - Game Title		Pok_mon_Emerald_Double_Version__Screenshot_-_Game_Title____9576c8de-1e7b-4979-9f96-dbbd7e3a3ca5.png
IMG	Pokémon Easter Revolution	Nintendo Game Boy Advance	Box - Front	World	Pok_mon_Easter_Revolution__Box_-_Front__World__8f4cfaba-7439-4845-a941-25072e62e83b.jpg
IMG	Pokémon Easter Revolution	Nintendo Game Boy Advance	Screenshot - Gameplay		Pok_mon_Easter_Revolution__Screenshot_-_Gameplay____1adeee18-6d19-4fc6-8904-62603df77bb8.png
IMG	Pokémon Easter Revolution	Nintendo Game Boy Advance	Screenshot - Gameplay		Pok_mon_Easter_Revolution__Screenshot_-_Gameplay____b112e1c6-0bbf-47b2-9e01-479548ee53d8.png
IMG	Pokémon Easter Revolution	Nintendo Game Boy Advance	Screenshot - Gameplay		Pok_mon_Easter_Revolution__Screenshot_-_Gameplay____76211bd1-1426-48ff-b042-ba0fb7b28c7e.png
IMG	Pokémon Easter Revolution	Nintendo Game Boy Advance	Screenshot - Gameplay		Pok_mon_Easter_Revolution__Screenshot_-_Gameplay____7e739690-ad9b-4f35-96b3-f9c106a520d8.png
IMG	Pokémon Easter Revolution	Nintendo Game Boy Advance	Screenshot - Gameplay		Pok_mon_Easter_Revolution__Screenshot_-_Gameplay____ed55f6e5-d322-458a-9c15-5aba32052d13.png
IMG	Pokémon Easter Revolution	Nintendo Game Boy Advance	Screenshot - Gameplay		Pok_mon_Easter_Revolution__Screenshot_-_Gameplay____8119db6d-722e-4be8-a88f-ebade866bd9e.png
IMG	Pokémon Easter Revolution	Nintendo Game Boy Advance	Screenshot - Gameplay		Pok_mon_Easter_Revolution__Screenshot_-_Gameplay____e388d6a8-b900-43b7-92b1-c41baa2f4dfe.png
IMG	Pokémon Easter Revolution	Nintendo Game Boy Advance	Screenshot - Gameplay		Pok_mon_Easter_Revolution__Screenshot_-_Gameplay____8c451126-5fee-48fb-b3d8-37600125dff3.png
IMG	Pokémon Easter Revolution	Nintendo Game Boy Advance	Screenshot - Gameplay		Pok_mon_Easter_Revolution__Screenshot_-_Gameplay____492d719f-73a2-4115-8173-3002de535fe2.jpg
IMG	Pokémon Easter Revolution	Nintendo Game Boy Advance	Screenshot - Gameplay		Pok_mon_Easter_Revolution__Screenshot_-_Gameplay____817974be-a32a-48eb-a78d-6ca43b905729.png
IMG	Pokémon Easter Revolution	Nintendo Game Boy Advance	Screenshot - Gameplay		Pok_mon_Easter_Revolution__Screenshot_-_Gameplay____f2c0e6b6-43d2-41eb-a57f-72f2600f3271.png
IMG	Pokémon Easter Revolution	Nintendo Game Boy Advance	Screenshot - Game Title		Pok_mon_Easter_Revolution__Screenshot_-_Game_Title____1bf530ae-45d8-4d80-b614-bd3d1d136697.png
IMG	Pokémon Echo Emerald	Nintendo Game Boy Advance	Box - Front	World	Pok_mon_Echo_Emerald__Box_-_Front__World__47631a6c-5127-4dcc-8ce0-58deb4250d1b.png
IMG	Pokémon Echo Emerald	Nintendo Game Boy Advance	Screenshot - Gameplay		Pok_mon_Echo_Emerald__Screenshot_-_Gameplay____8e17dba0-a85c-41fd-9045-3777bc022666.png
IMG	Pokémon Echo Emerald	Nintendo Game Boy Advance	Screenshot - Gameplay		Pok_mon_Echo_Emerald__Screenshot_-_Gameplay____ff1f0f80-403d-4bb2-bd43-b7c8cb6aa4f0.png
IMG	Pokémon Echo Emerald	Nintendo Game Boy Advance	Screenshot - Gameplay		Pok_mon_Echo_Emerald__Screenshot_-_Gameplay____5e829cfb-433e-4a22-9ea7-82e5a8a696d8.png
IMG	Pokémon Echo Emerald	Nintendo Game Boy Advance	Screenshot - Gameplay		Pok_mon_Echo_Emerald__Screenshot_-_Gameplay____297ea958-9441-4cf5-9829-72450892cd69.png
IMG	Pokémon Echo Emerald	Nintendo Game Boy Advance	Screenshot - Gameplay		Pok_mon_Echo_Emerald__Screenshot_-_Gameplay____50952ba7-9784-4e3f-93cd-9e461dec19da.png
IMG	Pokémon Echo Emerald	Nintendo Game Boy Advance	Screenshot - Gameplay		Pok_mon_Echo_Emerald__Screenshot_-_Gameplay____f8064d58-c48c-41e5-9c79-3b0ee1800325.png
IMG	Pokémon Echo Emerald	Nintendo Game Boy Advance	Screenshot - Gameplay		Pok_mon_Echo_Emerald__Screenshot_-_Gameplay____5ac083d4-669a-4b2a-a6c7-fc6e3a077d41.png
IMG	Pokémon Echo Emerald	Nintendo Game Boy Advance	Screenshot - Gameplay		Pok_mon_Echo_Emerald__Screenshot_-_Gameplay____777e3145-f079-462d-9b23-a430b992eee5.png
IMG	Pokémon Echo Emerald	Nintendo Game Boy Advance	Screenshot - Gameplay		Pok_mon_Echo_Emerald__Screenshot_-_Gameplay____bda695ad-1ead-47d1-b6d6-a6c0de8bde9d.png
IMG	Pokémon Echo Emerald	Nintendo Game Boy Advance	Screenshot - Gameplay		Pok_mon_Echo_Emerald__Screenshot_-_Gameplay____d3220b0e-6958-4b6d-96f2-9a91cd15d3d9.png
IMG	Pokémon Echo Emerald	Nintendo Game Boy Advance	Screenshot - Gameplay		Pok_mon_Echo_Emerald__Screenshot_-_Gameplay____b57b6cbd-e447-4586-b63b-4d17408b62dd.png
IMG	Pokémon Echo Emerald	Nintendo Game Boy Advance	Screenshot - Gameplay		Pok_mon_Echo_Emerald__Screenshot_-_Gameplay____79025dc8-e25d-4155-b296-262e4ee74e2a.png
IMG	Pokémon Echo Emerald	Nintendo Game Boy Advance	Screenshot - Gameplay		Pok_mon_Echo_Emerald__Screenshot_-_Gameplay____06caacd2-0408-4aa5-80f8-7dd10a744454.png
IMG	Pokémon Echo Emerald	Nintendo Game Boy Advance	Screenshot - Gameplay		Pok_mon_Echo_Emerald__Screenshot_-_Gameplay____88d354fd-2d84-4b3c-8d17-74395a86787e.png
IMG	Pokémon Echo Emerald	Nintendo Game Boy Advance	Screenshot - Gameplay		Pok_mon_Echo_Emerald__Screenshot_-_Gameplay____d79f9dd6-e67f-4a19-b36d-0268daab6afa.png
IMG	Pokémon Echo Emerald	Nintendo Game Boy Advance	Screenshot - Gameplay		Pok_mon_Echo_Emerald__Screenshot_-_Gameplay____8ce67e44-8a1b-4333-807a-4e99eba66874.png
IMG	Pokémon Echo Emerald	Nintendo Game Boy Advance	Screenshot - Game Title		Pok_mon_Echo_Emerald__Screenshot_-_Game_Title____3f07cc87-d7f4-49ad-a494-ff40d10ddfa5.png
IMG	Pokémon Eclipse	Nintendo Game Boy Advance	Box - Front	World	Pok_mon_Eclipse__Box_-_Front__World__24d24a1f-b616-45ba-a45a-bee24060422a.png
IMG	Pokémon Eclipse	Nintendo Game Boy Advance	Screenshot - Gameplay		Pok_mon_Eclipse__Screenshot_-_Gameplay____ec29d629-f416-412c-b41b-f6110e5c169b.png
IMG	Pokémon Eclipse	Nintendo Game Boy Advance	Screenshot - Gameplay		Pok_mon_Eclipse__Screenshot_-_Gameplay____f3440dd9-672d-432a-a707-957215063181.png
IMG	Pokémon Eclipse	Nintendo Game Boy Advance	Screenshot - Gameplay		Pok_mon_Eclipse__Screenshot_-_Gameplay____c9a2d5f4-6cd2-40bf-821d-86251d231883.png
IMG	Pokémon Eclipse	Nintendo Game Boy Advance	Screenshot - Gameplay		Pok_mon_Eclipse__Screenshot_-_Gameplay____382c7d6b-3ced-454d-ae80-8aa238d3b893.png
IMG	Pokémon Eclipse	Nintendo Game Boy Advance	Screenshot - Gameplay		Pok_mon_Eclipse__Screenshot_-_Gameplay____4604d587-5913-4163-ae65-fe74f8c89083.png
IMG	Pokémon Eclipse	Nintendo Game Boy Advance	Screenshot - Gameplay		Pok_mon_Eclipse__Screenshot_-_Gameplay____edd760e0-28b3-423f-8497-b35e30964231.png
IMG	Pokémon Eclipse	Nintendo Game Boy Advance	Screenshot - Gameplay		Pok_mon_Eclipse__Screenshot_-_Gameplay____aa7d99dc-ceef-4c24-9b26-b87637e4289a.png
IMG	Pokémon Eclipse	Nintendo Game Boy Advance	Screenshot - Gameplay		Pok_mon_Eclipse__Screenshot_-_Gameplay____4e5ec3ef-3f82-4730-8b86-eabf2f0dd591.png
IMG	Pokémon Eclipse	Nintendo Game Boy Advance	Screenshot - Gameplay		Pok_mon_Eclipse__Screenshot_-_Gameplay____6e2de363-4406-4e01-9104-53405218851e.png
IMG	Pokémon Eclipse	Nintendo Game Boy Advance	Screenshot - Gameplay		Pok_mon_Eclipse__Screenshot_-_Gameplay____94cf1434-027b-46b1-825c-21ffa58ca682.png
IMG	Pokémon Eclipse	Nintendo Game Boy Advance	Screenshot - Gameplay		Pok_mon_Eclipse__Screenshot_-_Gameplay____cba4c8c2-38d2-409c-b77e-09c21316ccc4.png
IMG	Pokémon Eclipse	Nintendo Game Boy Advance	Screenshot - Gameplay		Pok_mon_Eclipse__Screenshot_-_Gameplay____1f7f1d3e-58e9-4dcc-b612-62bbc69b5c4a.png
IMG	Pokémon Eclipse	Nintendo Game Boy Advance	Screenshot - Gameplay		Pok_mon_Eclipse__Screenshot_-_Gameplay____32c9d8ef-f1e0-4c99-beeb-6dd30bd9b72d.png
IMG	Pokémon Eclipse	Nintendo Game Boy Advance	Screenshot - Gameplay		Pok_mon_Eclipse__Screenshot_-_Gameplay____f5772a30-f90f-456b-a6ab-52d40c6b2516.png
IMG	Pokémon Eclipse	Nintendo Game Boy Advance	Screenshot - Gameplay		Pok_mon_Eclipse__Screenshot_-_Gameplay____4681037e-b581-4a9e-ac93-87fec5fa5ea8.png
IMG	Pokémon Eclipse	Nintendo Game Boy Advance	Screenshot - Gameplay		Pok_mon_Eclipse__Screenshot_-_Gameplay____213d74f4-4d39-4ee7-a745-9b92f9b290e9.png
IMG	Pokémon Eclipse	Nintendo Game Boy Advance	Screenshot - Gameplay		Pok_mon_Eclipse__Screenshot_-_Gameplay____caa9bd85-3284-4f1b-9548-caa0dc6dda01.png
IMG	Pokémon Eclipse	Nintendo Game Boy Advance	Screenshot - Gameplay		Pok_mon_Eclipse__Screenshot_-_Gameplay____d6b5eb59-2eaf-45a7-8141-3c9bfe6bc48f.png
IMG	Pokémon Eclipse	Nintendo Game Boy Advance	Screenshot - Gameplay		Pok_mon_Eclipse__Screenshot_-_Gameplay____c87e4161-2e2d-4317-af5c-32ba7c7ffe8e.png
IMG	Pokémon Eclipse	Nintendo Game Boy Advance	Screenshot - Gameplay		Pok_mon_Eclipse__Screenshot_-_Gameplay____8e43bfd4-55ea-406b-bb69-dadba3a5cd55.png
IMG	Pokémon Eclipse	Nintendo Game Boy Advance	Screenshot - Game Title		Pok_mon_Eclipse__Screenshot_-_Game_Title____4c03f0bf-20fd-4101-a2f1-31cac05e8a7e.png
IMG	Pokémon Eccentric Emerald	Nintendo Game Boy Advance	Box - Front	World	Pok_mon_Eccentric_Emerald__Box_-_Front__World__bdb553a7-a765-4138-8bd5-c0eb0f7b6705.png
IMG	Pokémon Eccentric Emerald	Nintendo Game Boy Advance	Screenshot - Gameplay		Pok_mon_Eccentric_Emerald__Screenshot_-_Gameplay____af72c7e4-5411-495f-8797-e9a237308436.png
IMG	Pokémon Eccentric Emerald	Nintendo Game Boy Advance	Screenshot - Gameplay		Pok_mon_Eccentric_Emerald__Screenshot_-_Gameplay____7e08b502-7481-4716-87ef-8592da97e83a.png
IMG	Pokémon Eccentric Emerald	Nintendo Game Boy Advance	Screenshot - Gameplay		Pok_mon_Eccentric_Emerald__Screenshot_-_Gameplay____76f5cf2f-47e6-48c1-9a0e-d2abf6a183df.png
IMG	Pokémon Eccentric Emerald	Nintendo Game Boy Advance	Screenshot - Gameplay		Pok_mon_Eccentric_Emerald__Screenshot_-_Gameplay____55f8bd17-859a-4b5f-b155-e080d7861204.png
IMG	Pokémon Eccentric Emerald	Nintendo Game Boy Advance	Screenshot - Gameplay		Pok_mon_Eccentric_Emerald__Screenshot_-_Gameplay____1ba3e2a5-d0df-4cc5-9bba-5854a8b839cc.png
IMG	Pokémon Eccentric Emerald	Nintendo Game Boy Advance	Screenshot - Gameplay		Pok_mon_Eccentric_Emerald__Screenshot_-_Gameplay____f246fb3e-bd9b-402e-ac9c-0afef0b77e09.png
IMG	Pokémon Eccentric Emerald	Nintendo Game Boy Advance	Screenshot - Gameplay		Pok_mon_Eccentric_Emerald__Screenshot_-_Gameplay____adf94a77-df8f-4315-9aa6-3898908ecd31.png
IMG	Pokémon Eccentric Emerald	Nintendo Game Boy Advance	Screenshot - Gameplay		Pok_mon_Eccentric_Emerald__Screenshot_-_Gameplay____abeef03e-f519-4e32-8f4e-1e4f126f6298.png
IMG	Pokémon Eccentric Emerald	Nintendo Game Boy Advance	Screenshot - Gameplay		Pok_mon_Eccentric_Emerald__Screenshot_-_Gameplay____6ab53bce-7fa6-476b-b26d-a91e23b951a5.png
IMG	Pokémon Eccentric Emerald	Nintendo Game Boy Advance	Screenshot - Gameplay		Pok_mon_Eccentric_Emerald__Screenshot_-_Gameplay____95d980e0-7a7c-4e69-86f0-3e58d216caf9.png
IMG	Pokémon Eccentric Emerald	Nintendo Game Boy Advance	Screenshot - Gameplay		Pok_mon_Eccentric_Emerald__Screenshot_-_Gameplay____36242bbe-1ab2-4e2d-bebe-ebdce46ed28c.png
IMG	Pokémon Eccentric Emerald	Nintendo Game Boy Advance	Screenshot - Gameplay		Pok_mon_Eccentric_Emerald__Screenshot_-_Gameplay____3e73ce3c-716d-4d38-aea0-2dd4bb415943.png
IMG	Pokémon Eccentric Emerald	Nintendo Game Boy Advance	Screenshot - Gameplay		Pok_mon_Eccentric_Emerald__Screenshot_-_Gameplay____82aa47aa-ce41-4479-a725-0730faf5051b.png
IMG	Pokémon Eccentric Emerald	Nintendo Game Boy Advance	Screenshot - Gameplay		Pok_mon_Eccentric_Emerald__Screenshot_-_Gameplay____12be8813-c88a-45e0-8e34-20755118cb48.png
IMG	Pokémon Eccentric Emerald	Nintendo Game Boy Advance	Screenshot - Gameplay		Pok_mon_Eccentric_Emerald__Screenshot_-_Gameplay____5ede95dd-b903-4769-992e-dc19ca516288.png
IMG	Pokémon Eccentric Emerald	Nintendo Game Boy Advance	Screenshot - Gameplay		Pok_mon_Eccentric_Emerald__Screenshot_-_Gameplay____ca9cf5ae-8c00-4f8f-bb46-19ecdc4885de.png
IMG	Pokémon Eccentric Emerald	Nintendo Game Boy Advance	Screenshot - Gameplay		Pok_mon_Eccentric_Emerald__Screenshot_-_Gameplay____47a38234-eeb6-4b62-96f9-98544eba8501.png
IMG	Pokémon Eccentric Emerald	Nintendo Game Boy Advance	Screenshot - Gameplay		Pok_mon_Eccentric_Emerald__Screenshot_-_Gameplay____c3ec1080-ac42-4b4e-88d2-b44dff0a4849.png
IMG	Pokémon Eccentric Emerald	Nintendo Game Boy Advance	Screenshot - Gameplay		Pok_mon_Eccentric_Emerald__Screenshot_-_Gameplay____bceffecb-455c-446f-b647-5d52645142f2.png
IMG	Pokémon Eccentric Emerald	Nintendo Game Boy Advance	Screenshot - Gameplay		Pok_mon_Eccentric_Emerald__Screenshot_-_Gameplay____4f7fc1d1-9725-4357-9f75-cd0083eb961e.png
IMG	Pokémon Eccentric Emerald	Nintendo Game Boy Advance	Screenshot - Game Title		Pok_mon_Eccentric_Emerald__Screenshot_-_Game_Title____3f80f96a-5b86-4226-91e5-ffe03a2cf9e6.png
IMG	Pokémon Electric Yellow	Nintendo Game Boy Advance	Box - Front	World	Pok_mon_Electric_Yellow__Box_-_Front__World__f0e0a8e3-f3c2-4989-a782-b73e3c270397.png
IMG	Pokémon Electric Yellow	Nintendo Game Boy Advance	Screenshot - Gameplay		Pok_mon_Electric_Yellow__Screenshot_-_Gameplay____9dbfa44a-fdc5-461b-8b55-251e05570bf1.png
IMG	Pokémon Electric Yellow	Nintendo Game Boy Advance	Screenshot - Gameplay		Pok_mon_Electric_Yellow__Screenshot_-_Gameplay____c500c094-de95-4ae1-b4b9-a14b416d68d2.png
IMG	Pokémon Electric Yellow	Nintendo Game Boy Advance	Screenshot - Gameplay		Pok_mon_Electric_Yellow__Screenshot_-_Gameplay____466fff4a-72d1-4d1a-b947-346355e8369e.png
IMG	Pokémon Electric Yellow	Nintendo Game Boy Advance	Screenshot - Gameplay		Pok_mon_Electric_Yellow__Screenshot_-_Gameplay____8c3fb2b0-d3e2-4e2f-abd0-6956300324ea.png
IMG	Pokémon Electric Yellow	Nintendo Game Boy Advance	Screenshot - Gameplay		Pok_mon_Electric_Yellow__Screenshot_-_Gameplay____4fc4b6e2-12dd-4c8c-a079-211b1e3b8754.png
IMG	Pokémon Electric Yellow	Nintendo Game Boy Advance	Screenshot - Gameplay		Pok_mon_Electric_Yellow__Screenshot_-_Gameplay____b3f3bfeb-12ac-4034-afc5-fd1249ed5f7e.png
IMG	Pokémon Electric Yellow	Nintendo Game Boy Advance	Screenshot - Gameplay		Pok_mon_Electric_Yellow__Screenshot_-_Gameplay____7ea5c810-1670-4f58-8400-e87de18a617c.png
IMG	Pokémon Electric Yellow	Nintendo Game Boy Advance	Screenshot - Gameplay		Pok_mon_Electric_Yellow__Screenshot_-_Gameplay____de5fdef5-f6e0-4bc9-9bd3-3bfee74657cb.png
IMG	Pokémon Electric Yellow	Nintendo Game Boy Advance	Screenshot - Gameplay		Pok_mon_Electric_Yellow__Screenshot_-_Gameplay____8afa2c9a-3ad0-4dee-ab3a-59a95b88cb02.png
IMG	Pokémon Electric Yellow	Nintendo Game Boy Advance	Screenshot - Gameplay		Pok_mon_Electric_Yellow__Screenshot_-_Gameplay____a12af97a-3223-46ca-80c8-f114dc21a191.png
IMG	Pokémon Electric Yellow	Nintendo Game Boy Advance	Screenshot - Gameplay		Pok_mon_Electric_Yellow__Screenshot_-_Gameplay____db597687-7108-419c-ac2b-b1848b4d8c5c.png
IMG	Pokémon Electric Yellow	Nintendo Game Boy Advance	Screenshot - Gameplay		Pok_mon_Electric_Yellow__Screenshot_-_Gameplay____1ff64291-4215-47fc-b6a3-1fa16ca1fc2f.png
IMG	Pokémon Electric Yellow	Nintendo Game Boy Advance	Screenshot - Gameplay		Pok_mon_Electric_Yellow__Screenshot_-_Gameplay____fa961710-e967-4bbf-86f6-baeefef08830.png
IMG	Pokémon Electric Yellow	Nintendo Game Boy Advance	Screenshot - Gameplay		Pok_mon_Electric_Yellow__Screenshot_-_Gameplay____02e205f5-4558-48d5-add4-7b10e36c2924.png
IMG	Pokémon Electric Yellow	Nintendo Game Boy Advance	Screenshot - Gameplay		Pok_mon_Electric_Yellow__Screenshot_-_Gameplay____ea784012-3e12-405a-87a9-612909f3b31b.png
IMG	Pokémon Electric Yellow	Nintendo Game Boy Advance	Screenshot - Gameplay		Pok_mon_Electric_Yellow__Screenshot_-_Gameplay____c439bf19-1658-4cd9-8df4-f6f19b72611d.png
IMG	Pokémon Electric Yellow	Nintendo Game Boy Advance	Screenshot - Gameplay		Pok_mon_Electric_Yellow__Screenshot_-_Gameplay____fd86c838-0f65-4ea7-aa8c-83cc1e093d5f.png
IMG	Pokémon Electric Yellow	Nintendo Game Boy Advance	Screenshot - Gameplay		Pok_mon_Electric_Yellow__Screenshot_-_Gameplay____f354978b-cedc-44f3-a510-3669c950b413.png
IMG	Pokémon Electric Yellow	Nintendo Game Boy Advance	Screenshot - Gameplay		Pok_mon_Electric_Yellow__Screenshot_-_Gameplay____a052d79a-59cc-4f68-b498-7b6214299e0c.png
IMG	Pokémon Electric Yellow	Nintendo Game Boy Advance	Screenshot - Gameplay		Pok_mon_Electric_Yellow__Screenshot_-_Gameplay____0a07430d-4f33-4faf-89c7-1a70d61359a1.png
IMG	Pokémon Electric Yellow	Nintendo Game Boy Advance	Screenshot - Gameplay		Pok_mon_Electric_Yellow__Screenshot_-_Gameplay____973904c8-f8a6-4aa6-9999-3552f7682e91.png
IMG	Pokémon Electric Yellow	Nintendo Game Boy Advance	Screenshot - Game Title		Pok_mon_Electric_Yellow__Screenshot_-_Game_Title____2f87dd8d-f094-4704-9382-0e734101dfa9.png
IMG	Pokémon Electro Ball	Nintendo Game Boy Advance	Box - Front	World	Pok_mon_Electro_Ball__Box_-_Front__World__461916b1-496b-4e1a-9b1a-6cf54211bba6.png
IMG	Pokémon Electro Ball	Nintendo Game Boy Advance	Clear Logo		Pok_mon_Electro_Ball__Clear_Logo____6840b5ca-ccf4-4d7b-a287-dc70a154b007.png
IMG	Pokémon Electro Ball	Nintendo Game Boy Advance	Screenshot - Gameplay		Pok_mon_Electro_Ball__Screenshot_-_Gameplay____7b72a44a-6952-46a4-8a2c-e06b41286d3d.png
IMG	Pokémon Electro Ball	Nintendo Game Boy Advance	Screenshot - Gameplay		Pok_mon_Electro_Ball__Screenshot_-_Gameplay____063d2abb-ac9e-49da-af9f-abfdac7f78e6.png
IMG	Pokémon Electro Ball	Nintendo Game Boy Advance	Screenshot - Gameplay		Pok_mon_Electro_Ball__Screenshot_-_Gameplay____2858e06d-fdb4-482f-bf24-63f3370b8462.png
IMG	Pokémon Electro Ball	Nintendo Game Boy Advance	Screenshot - Gameplay		Pok_mon_Electro_Ball__Screenshot_-_Gameplay____9f7647f4-39d8-485a-9e5b-23f4b7b4eccc.png
IMG	Pokémon Electro Ball	Nintendo Game Boy Advance	Screenshot - Gameplay		Pok_mon_Electro_Ball__Screenshot_-_Gameplay____664f212e-a47d-4cc7-9cca-eeb85055303a.png
IMG	Pokémon Electro Ball	Nintendo Game Boy Advance	Screenshot - Gameplay		Pok_mon_Electro_Ball__Screenshot_-_Gameplay____438bb622-2ad1-4c4b-a873-856013d9bcda.png
IMG	Pokémon Electro Ball	Nintendo Game Boy Advance	Screenshot - Gameplay		Pok_mon_Electro_Ball__Screenshot_-_Gameplay____61fba7c5-d51f-4f02-a7ca-f3263bff7ae3.png
IMG	Pokémon Electro Ball	Nintendo Game Boy Advance	Screenshot - Gameplay		Pok_mon_Electro_Ball__Screenshot_-_Gameplay____48aa7750-aac1-4b39-86a4-cf8aadb3ac7e.png
IMG	Pokémon Electro Ball	Nintendo Game Boy Advance	Screenshot - Gameplay		Pok_mon_Electro_Ball__Screenshot_-_Gameplay____16db0bfb-b28e-4fc1-9f76-2f14bef128c2.png
IMG	Pokémon Electro Ball	Nintendo Game Boy Advance	Screenshot - Gameplay		Pok_mon_Electro_Ball__Screenshot_-_Gameplay____843d7925-556e-42bb-92ca-1663d86deb21.png
IMG	Pokémon Electro Ball	Nintendo Game Boy Advance	Screenshot - Gameplay		Pok_mon_Electro_Ball__Screenshot_-_Gameplay____7bd17fdb-3353-45f8-94bc-073b3d8c5df8.png
IMG	Pokémon Electro Ball	Nintendo Game Boy Advance	Screenshot - Gameplay		Pok_mon_Electro_Ball__Screenshot_-_Gameplay____de13ed72-4322-44ee-ae53-506d70bded00.png
IMG	Pokémon Electro Ball	Nintendo Game Boy Advance	Screenshot - Gameplay		Pok_mon_Electro_Ball__Screenshot_-_Gameplay____bf37747c-93be-46f2-b649-fb4fea98bb12.png
IMG	Pokémon Electro Ball	Nintendo Game Boy Advance	Screenshot - Gameplay		Pok_mon_Electro_Ball__Screenshot_-_Gameplay____66786d0f-1b89-48f2-a287-f10ff02feb8f.png
IMG	Pokémon Electro Ball	Nintendo Game Boy Advance	Screenshot - Gameplay		Pok_mon_Electro_Ball__Screenshot_-_Gameplay____6e3c0bbf-a669-490d-90e4-0c6dc8e0fba3.png
IMG	Pokémon Electro Ball	Nintendo Game Boy Advance	Screenshot - Gameplay		Pok_mon_Electro_Ball__Screenshot_-_Gameplay____7c389f13-5ba2-47a9-9cf6-d7185c946b0c.png
IMG	Pokémon Electro Ball	Nintendo Game Boy Advance	Screenshot - Gameplay		Pok_mon_Electro_Ball__Screenshot_-_Gameplay____722cf6a1-1cc7-480f-abc5-731bbe94740b.png
IMG	Pokémon Electro Ball	Nintendo Game Boy Advance	Screenshot - Gameplay		Pok_mon_Electro_Ball__Screenshot_-_Gameplay____003ebf67-cdee-4c9b-951c-5ea6272d388d.png
IMG	Pokémon Electro Ball	Nintendo Game Boy Advance	Screenshot - Gameplay		Pok_mon_Electro_Ball__Screenshot_-_Gameplay____5e8feedb-fb56-4016-8462-d7ff70fd7aef.png
IMG	Pokémon Electro Ball	Nintendo Game Boy Advance	Screenshot - Gameplay		Pok_mon_Electro_Ball__Screenshot_-_Gameplay____96771bfb-53b5-4b40-8cec-e0dfabe244ee.png
IMG	Pokémon Electro Ball	Nintendo Game Boy Advance	Screenshot - Game Title		Pok_mon_Electro_Ball__Screenshot_-_Game_Title____1626dac0-16b7-46b1-a3bd-df1ea5fcc445.png
IMG	Pokémon Elegant Emerald	Nintendo Game Boy Advance	Banner		Pok_mon_Elegant_Emerald__Banner____4145c1cd-028f-4d2a-86f6-b300f377d487.png
IMG	Pokémon Elegant Emerald	Nintendo Game Boy Advance	Box - Front	World	Pok_mon_Elegant_Emerald__Box_-_Front__World__c2cac006-b02f-45cb-be4a-5694cd8b6644.png
IMG	Pokémon Elegant Emerald	Nintendo Game Boy Advance	Clear Logo		Pok_mon_Elegant_Emerald__Clear_Logo____35f213e4-2862-4ea8-8a11-8cb8c3785ee5.png
IMG	Pokémon Elegant Emerald	Nintendo Game Boy Advance	Screenshot - Gameplay		Pok_mon_Elegant_Emerald__Screenshot_-_Gameplay____6544b815-6d70-48b0-95a6-77d218e9311c.png
IMG	Pokémon Elegant Emerald	Nintendo Game Boy Advance	Screenshot - Gameplay		Pok_mon_Elegant_Emerald__Screenshot_-_Gameplay____2093a89a-f0e3-4384-86be-972d13e78c87.png
IMG	Pokémon Elegant Emerald	Nintendo Game Boy Advance	Screenshot - Gameplay		Pok_mon_Elegant_Emerald__Screenshot_-_Gameplay____61889ea1-4388-4747-84b6-3caa176f25b3.png
IMG	Pokémon Elegant Emerald	Nintendo Game Boy Advance	Screenshot - Gameplay		Pok_mon_Elegant_Emerald__Screenshot_-_Gameplay____bdc4a88f-c78e-4386-822f-7c6810f27c8b.png
IMG	Pokémon Elegant Emerald	Nintendo Game Boy Advance	Screenshot - Gameplay		Pok_mon_Elegant_Emerald__Screenshot_-_Gameplay____5bfc7ea4-f377-4df4-8274-05636e25b8ec.png
IMG	Pokémon Elegant Emerald	Nintendo Game Boy Advance	Screenshot - Gameplay		Pok_mon_Elegant_Emerald__Screenshot_-_Gameplay____a11582d9-ccce-4bfd-9c54-6797ba1d7fcd.png
IMG	Pokémon Elegant Emerald	Nintendo Game Boy Advance	Screenshot - Gameplay		Pok_mon_Elegant_Emerald__Screenshot_-_Gameplay____06f0ab5f-cd00-4890-b077-b5e8ed7323e4.png
IMG	Pokémon Elegant Emerald	Nintendo Game Boy Advance	Screenshot - Gameplay		Pok_mon_Elegant_Emerald__Screenshot_-_Gameplay____5fe5e0c4-3b6b-4ad4-a107-6ca0316702d9.png
IMG	Pokémon Elegant Emerald	Nintendo Game Boy Advance	Screenshot - Gameplay		Pok_mon_Elegant_Emerald__Screenshot_-_Gameplay____b52abc4d-f511-438e-85c6-57214983add6.png
IMG	Pokémon Elegant Emerald	Nintendo Game Boy Advance	Screenshot - Gameplay		Pok_mon_Elegant_Emerald__Screenshot_-_Gameplay____d5876aaa-8802-4efa-ad67-df83e9c94680.png
IMG	Pokémon Elegant Emerald	Nintendo Game Boy Advance	Screenshot - Game Title		Pok_mon_Elegant_Emerald__Screenshot_-_Game_Title____7a837be4-771f-48cb-98ab-a4441946322b.png
IMG	Pokémon Elemental Rift	Nintendo Game Boy Advance	Box - Front	World	Pok_mon_Elemental_Rift__Box_-_Front__World__19c1863b-ba93-43c1-a73a-94587af874d7.png
IMG	Pokémon Elemental Rift	Nintendo Game Boy Advance	Screenshot - Gameplay		Pok_mon_Elemental_Rift__Screenshot_-_Gameplay____9dd87338-3d09-4be8-bf45-b66c7babf8d5.png
IMG	Pokémon Elemental Rift	Nintendo Game Boy Advance	Screenshot - Gameplay		Pok_mon_Elemental_Rift__Screenshot_-_Gameplay____b9685daa-ef07-42ce-8a56-5564a3bbbe56.png
IMG	Pokémon Elemental Rift	Nintendo Game Boy Advance	Screenshot - Gameplay		Pok_mon_Elemental_Rift__Screenshot_-_Gameplay____af36283f-c3ea-40bd-abf1-07faf5c96c7b.png
IMG	Pokémon Elemental Rift	Nintendo Game Boy Advance	Screenshot - Gameplay		Pok_mon_Elemental_Rift__Screenshot_-_Gameplay____0d8b57e8-4580-4319-b2ab-bd2c4f8953af.png
IMG	Pokémon Elemental Rift	Nintendo Game Boy Advance	Screenshot - Gameplay		Pok_mon_Elemental_Rift__Screenshot_-_Gameplay____5c63a3ec-15c8-4d0c-8673-67016f328a75.png
IMG	Pokémon Elemental Rift	Nintendo Game Boy Advance	Screenshot - Gameplay		Pok_mon_Elemental_Rift__Screenshot_-_Gameplay____6541ee02-3353-430f-8364-27b52118e290.png
IMG	Pokémon Elemental Rift	Nintendo Game Boy Advance	Screenshot - Gameplay		Pok_mon_Elemental_Rift__Screenshot_-_Gameplay____7ca7177e-f80d-4135-b16d-71334bc7bcca.png
IMG	Pokémon Elemental Rift	Nintendo Game Boy Advance	Screenshot - Gameplay		Pok_mon_Elemental_Rift__Screenshot_-_Gameplay____1ee0b09b-9cc4-4fec-82ff-943d812d1b86.png
IMG	Pokémon Elemental Rift	Nintendo Game Boy Advance	Screenshot - Gameplay		Pok_mon_Elemental_Rift__Screenshot_-_Gameplay____ac42aeee-9495-4612-bed0-657f80b427ee.png
IMG	Pokémon Elemental Rift	Nintendo Game Boy Advance	Screenshot - Game Title		Pok_mon_Elemental_Rift__Screenshot_-_Game_Title____2e795c05-2f30-43ee-bc26-fb42c78a0503.png
IMG	Pokémon Elite Quest	Nintendo Game Boy Advance	Box - Front	World	Pok_mon_Elite_Quest__Box_-_Front__World__e970526a-fa2f-4b70-b9a7-87b9f7e5a040.png
IMG	Pokémon Elite Quest	Nintendo Game Boy Advance	Screenshot - Gameplay		Pok_mon_Elite_Quest__Screenshot_-_Gameplay____09c107c0-f542-4d2c-947f-697fed619ab1.png
IMG	Pokémon Elite Quest	Nintendo Game Boy Advance	Screenshot - Gameplay		Pok_mon_Elite_Quest__Screenshot_-_Gameplay____a20e846e-f7d8-4481-a9c1-fd088e219588.png
IMG	Pokémon Elite Quest	Nintendo Game Boy Advance	Screenshot - Gameplay		Pok_mon_Elite_Quest__Screenshot_-_Gameplay____56720695-9c00-4c74-90b4-0b449cc822c1.png
IMG	Pokémon Elite Quest	Nintendo Game Boy Advance	Screenshot - Gameplay		Pok_mon_Elite_Quest__Screenshot_-_Gameplay____1e091e50-6fea-4f70-b174-82ba357fd13d.png
IMG	Pokémon Elite Quest	Nintendo Game Boy Advance	Screenshot - Gameplay		Pok_mon_Elite_Quest__Screenshot_-_Gameplay____698de4a0-5f48-40f1-b3a4-8ec35c1dcb23.png
IMG	Pokémon Elite Quest	Nintendo Game Boy Advance	Screenshot - Gameplay		Pok_mon_Elite_Quest__Screenshot_-_Gameplay____4c83bb7f-b9ea-4e45-8574-ff43e30a559c.png
IMG	Pokémon Elite Quest	Nintendo Game Boy Advance	Screenshot - Gameplay		Pok_mon_Elite_Quest__Screenshot_-_Gameplay____5a0f8fe1-44a4-4935-b8d2-2da69b49247c.png
IMG	Pokémon Elite Quest	Nintendo Game Boy Advance	Screenshot - Game Title		Pok_mon_Elite_Quest__Screenshot_-_Game_Title____d1d3550c-8d5b-4718-9dd6-35fd850a2c87.png
IMG	Pokémon Emerald 802	Nintendo Game Boy Advance	Box - Front	World	Pok_mon_Emerald_802__Box_-_Front__World__81cea190-4e5b-4d1a-a27b-15375c93bce2.png
IMG	Pokémon Emerald 802	Nintendo Game Boy Advance	Screenshot - Gameplay		Pok_mon_Emerald_802__Screenshot_-_Gameplay____4e508e3b-eed3-40a4-bfcb-4bad8a3bb1fe.jpg
IMG	Pokémon Emerald 802	Nintendo Game Boy Advance	Screenshot - Gameplay		Pok_mon_Emerald_802__Screenshot_-_Gameplay____a749b300-e908-4764-86ba-b4d158ba27de.jpg
IMG	Pokémon Emerald 802	Nintendo Game Boy Advance	Screenshot - Gameplay		Pok_mon_Emerald_802__Screenshot_-_Gameplay____a8d366bd-0ccd-434b-8e74-c81bd990ad67.png
IMG	Pokémon Emerald 802	Nintendo Game Boy Advance	Screenshot - Gameplay		Pok_mon_Emerald_802__Screenshot_-_Gameplay____9a51754d-77cb-407f-9c50-4247cd326d45.png
IMG	Pokémon Emerald 802	Nintendo Game Boy Advance	Screenshot - Gameplay		Pok_mon_Emerald_802__Screenshot_-_Gameplay____5f42d009-af52-451f-b469-cac9099021f5.png
IMG	Pokémon Emerald 802	Nintendo Game Boy Advance	Screenshot - Gameplay		Pok_mon_Emerald_802__Screenshot_-_Gameplay____a30534a2-12d1-4c31-b616-334d3422e07b.png
IMG	Pokémon Emerald 802	Nintendo Game Boy Advance	Screenshot - Gameplay		Pok_mon_Emerald_802__Screenshot_-_Gameplay____b854b44f-7100-41ed-abf5-3a37799272d0.png
IMG	Pokémon Emerald 802	Nintendo Game Boy Advance	Screenshot - Gameplay		Pok_mon_Emerald_802__Screenshot_-_Gameplay____809df0ed-afa9-46f0-a0f8-32640390ee66.png
IMG	Pokémon Emerald 802	Nintendo Game Boy Advance	Screenshot - Gameplay		Pok_mon_Emerald_802__Screenshot_-_Gameplay____aa91c800-4005-4257-9f43-43ab07ef6a72.png
IMG	Pokémon Emerald 802	Nintendo Game Boy Advance	Screenshot - Gameplay		Pok_mon_Emerald_802__Screenshot_-_Gameplay____6e1330c9-ce86-445d-9500-5c77d8f216bf.jpg
IMG	Pokémon Emerald 802	Nintendo Game Boy Advance	Screenshot - Gameplay		Pok_mon_Emerald_802__Screenshot_-_Gameplay____11f9b8ef-8274-4c56-b76a-0ef369c06dc2.png
IMG	Pokémon Emerald 802	Nintendo Game Boy Advance	Screenshot - Game Title		Pok_mon_Emerald_802__Screenshot_-_Game_Title____2030649a-d768-42e5-ba05-431fb7e4ce1e.png
IMG	Pokémon Emerald Advanced	Nintendo Game Boy Advance	Advertisement Flyer - Front		Pok_mon_Emerald_Advanced__Advertisement_Flyer_-_Front____3cb27962-35bf-4012-ba6f-dfbdb9172a33.png
IMG	Pokémon Emerald Advanced	Nintendo Game Boy Advance	Box - Front	World	Pok_mon_Emerald_Advanced__Box_-_Front__World__5869bbed-e96b-4b46-9ebf-0b5e7b3c4105.png
IMG	Pokémon Emerald Advanced	Nintendo Game Boy Advance	Screenshot - Gameplay		Pok_mon_Emerald_Advanced__Screenshot_-_Gameplay____af3744ea-89fd-49b6-ba5f-142d54b7181a.png
IMG	Pokémon Emerald Advanced	Nintendo Game Boy Advance	Screenshot - Gameplay		Pok_mon_Emerald_Advanced__Screenshot_-_Gameplay____b462266e-6577-4d2a-ae8b-bf39e082305d.png
IMG	Pokémon Emerald Advanced	Nintendo Game Boy Advance	Screenshot - Gameplay		Pok_mon_Emerald_Advanced__Screenshot_-_Gameplay____bee1d9d6-b584-466b-8f90-bc8de85b7670.png
IMG	Pokémon Emerald Advanced	Nintendo Game Boy Advance	Screenshot - Gameplay		Pok_mon_Emerald_Advanced__Screenshot_-_Gameplay____ca750fef-46e6-4592-804e-617891c2ea50.png
IMG	Pokémon Emerald Advanced	Nintendo Game Boy Advance	Screenshot - Gameplay		Pok_mon_Emerald_Advanced__Screenshot_-_Gameplay____b1aa1e19-1045-4bd3-b6df-04cae4aef36c.png
IMG	Pokémon Emerald Advanced	Nintendo Game Boy Advance	Screenshot - Gameplay		Pok_mon_Emerald_Advanced__Screenshot_-_Gameplay____1457b3ba-0cc6-4ae7-8dae-6c5443994307.png
IMG	Pokémon Emerald Advanced	Nintendo Game Boy Advance	Screenshot - Gameplay		Pok_mon_Emerald_Advanced__Screenshot_-_Gameplay____d996a632-db35-40d5-924f-3662c324087e.png
IMG	Pokémon Emerald Advanced	Nintendo Game Boy Advance	Screenshot - Gameplay		Pok_mon_Emerald_Advanced__Screenshot_-_Gameplay____e04f96aa-1e3e-493a-8612-ccd0ab433553.png
IMG	Pokémon Emerald Advanced	Nintendo Game Boy Advance	Screenshot - Gameplay		Pok_mon_Emerald_Advanced__Screenshot_-_Gameplay____854bf6f2-df52-4ee5-8dd3-bc8d50ad66ad.png
IMG	Pokémon Emerald Advanced	Nintendo Game Boy Advance	Screenshot - Gameplay		Pok_mon_Emerald_Advanced__Screenshot_-_Gameplay____3b55c8fc-74a4-4325-9959-7ae024f06391.png
IMG	Pokémon Emerald Advanced	Nintendo Game Boy Advance	Screenshot - Game Title		Pok_mon_Emerald_Advanced__Screenshot_-_Game_Title____283e686f-2e48-4692-b2ae-64878f1d7d42.png
IMG	Pokémon Emerald Balanced	Nintendo Game Boy Advance	Box - Front	World	Pok_mon_Emerald_Balanced__Box_-_Front__World__a54ac637-d08b-41f3-b1f0-08ad1268b261.png
IMG	Pokémon Emerald Balanced	Nintendo Game Boy Advance	Screenshot - Gameplay		Pok_mon_Emerald_Balanced__Screenshot_-_Gameplay____8a29752a-d6e5-4abf-b6de-a647519a66e4.png
IMG	Pokémon Emerald Balanced	Nintendo Game Boy Advance	Screenshot - Gameplay		Pok_mon_Emerald_Balanced__Screenshot_-_Gameplay____20427ae1-513d-4ba4-9e85-29d79ab1513a.png
IMG	Pokémon Emerald Balanced	Nintendo Game Boy Advance	Screenshot - Gameplay		Pok_mon_Emerald_Balanced__Screenshot_-_Gameplay____dd1897f7-62e9-4d92-8f0b-c786e68c5113.png
IMG	Pokémon Emerald Balanced	Nintendo Game Boy Advance	Screenshot - Gameplay		Pok_mon_Emerald_Balanced__Screenshot_-_Gameplay____c9d20c5b-a4fb-45c7-aefe-4d6a5c08e849.png
IMG	Pokémon Emerald Balanced	Nintendo Game Boy Advance	Screenshot - Gameplay		Pok_mon_Emerald_Balanced__Screenshot_-_Gameplay____15e831f0-69b0-4381-9c3e-793618f88bb6.png
IMG	Pokémon Emerald Balanced	Nintendo Game Boy Advance	Screenshot - Game Title		Pok_mon_Emerald_Balanced__Screenshot_-_Game_Title____9867d8c0-29ec-4c91-ba7b-e1ba59af72a4.png
IMG	Pokémon Emerald of Dreams	Nintendo Game Boy Advance	Box - Front	World	Pok_mon_Emerald_of_Dreams__Box_-_Front__World__3b8f7e6f-1678-43a9-a790-561011998bff.png
IMG	Pokémon Emerald of Dreams	Nintendo Game Boy Advance	Clear Logo		Pok_mon_Emerald_of_Dreams__Clear_Logo____54b1aa07-7480-4a3a-aec4-e8ab5e57bd97.png
IMG	Pokémon Emerald of Dreams	Nintendo Game Boy Advance	Screenshot - Gameplay		Pok_mon_Emerald_of_Dreams__Screenshot_-_Gameplay____d93fb57d-dc97-4079-84c5-b324f2406aee.png
IMG	Pokémon Emerald of Dreams	Nintendo Game Boy Advance	Screenshot - Gameplay		Pok_mon_Emerald_of_Dreams__Screenshot_-_Gameplay____50554447-d74d-488e-9198-a903467e7dd9.png
IMG	Pokémon Emerald of Dreams	Nintendo Game Boy Advance	Screenshot - Gameplay		Pok_mon_Emerald_of_Dreams__Screenshot_-_Gameplay____3ee973d3-3d56-481b-9418-dc26cde2303e.png
IMG	Pokémon Emerald of Dreams	Nintendo Game Boy Advance	Screenshot - Gameplay		Pok_mon_Emerald_of_Dreams__Screenshot_-_Gameplay____29f3ee61-a684-48be-97a6-fa16ac5f07d8.png
IMG	Pokémon Emerald of Dreams	Nintendo Game Boy Advance	Screenshot - Gameplay		Pok_mon_Emerald_of_Dreams__Screenshot_-_Gameplay____5e8e1a58-1687-4e01-9952-b791113224f9.png
IMG	Pokémon Emerald of Dreams	Nintendo Game Boy Advance	Screenshot - Gameplay		Pok_mon_Emerald_of_Dreams__Screenshot_-_Gameplay____5eff59e8-44d4-4569-ba08-738d1f7cad05.png
IMG	Pokémon Emerald of Dreams	Nintendo Game Boy Advance	Screenshot - Gameplay		Pok_mon_Emerald_of_Dreams__Screenshot_-_Gameplay____014f7102-f7c6-42ac-a126-4648e9ae400e.png
IMG	Pokémon Emerald of Dreams	Nintendo Game Boy Advance	Screenshot - Gameplay		Pok_mon_Emerald_of_Dreams__Screenshot_-_Gameplay____6ea9a553-e554-4683-be15-a0f6980ab01a.png
IMG	Pokémon Emerald of Dreams	Nintendo Game Boy Advance	Screenshot - Gameplay		Pok_mon_Emerald_of_Dreams__Screenshot_-_Gameplay____0d1516b3-c47a-4fbc-b882-2f76cbf1152d.png
IMG	Pokémon Emerald of Dreams	Nintendo Game Boy Advance	Screenshot - Game Title		Pok_mon_Emerald_of_Dreams__Screenshot_-_Game_Title____7a1a47be-b88b-4bb7-93e7-456edad27358.png
IMG	Pokémon Emerald Epsilon	Nintendo Game Boy Advance	Box - Front	World	Pok_mon_Emerald_Epsilon__Box_-_Front__World__b496eaee-25d1-4676-a5db-1dc01e036840.png
IMG	Pokémon Emerald Epsilon	Nintendo Game Boy Advance	Clear Logo		Pok_mon_Emerald_Epsilon__Clear_Logo____f7e545be-83e7-4beb-9b67-b9e7d725dafd.png
IMG	Pokémon Emerald Epsilon	Nintendo Game Boy Advance	Screenshot - Game Title		Pok_mon_Emerald_Epsilon__Screenshot_-_Game_Title____89dd93fb-c93f-44be-a05d-abca20a62393.png
IMG	Pokémon Emerald Genesis	Nintendo Game Boy Advance	Box - Front	World	Pok_mon_Emerald_Genesis__Box_-_Front__World__d6bf4462-4c15-464e-8772-8e6b98a97cc5.png
IMG	Pokémon Emerald Genesis	Nintendo Game Boy Advance	Screenshot - Gameplay		Pok_mon_Emerald_Genesis__Screenshot_-_Gameplay____e363bbf3-1fca-44c6-8922-ec8199eb8bd2.png
IMG	Pokémon Emerald Genesis	Nintendo Game Boy Advance	Screenshot - Gameplay		Pok_mon_Emerald_Genesis__Screenshot_-_Gameplay____989220e1-515a-4a39-a098-e5f845269501.png
IMG	Pokémon Emerald Genesis	Nintendo Game Boy Advance	Screenshot - Gameplay		Pok_mon_Emerald_Genesis__Screenshot_-_Gameplay____4e76724b-7954-4263-87dd-048353d37869.png
IMG	Pokémon Emerald Genesis	Nintendo Game Boy Advance	Screenshot - Gameplay		Pok_mon_Emerald_Genesis__Screenshot_-_Gameplay____50a11492-8c67-49f3-8a32-796b95a7ab1b.png
IMG	Pokémon Emerald Genesis	Nintendo Game Boy Advance	Screenshot - Gameplay		Pok_mon_Emerald_Genesis__Screenshot_-_Gameplay____592b032b-66ee-405e-9ded-2c808e223694.png
IMG	Pokémon Emerald Genesis	Nintendo Game Boy Advance	Screenshot - Gameplay		Pok_mon_Emerald_Genesis__Screenshot_-_Gameplay____072c2334-f2c3-4469-9615-2c6b6f1bce84.png
IMG	Pokémon Emerald Genesis	Nintendo Game Boy Advance	Screenshot - Gameplay		Pok_mon_Emerald_Genesis__Screenshot_-_Gameplay____5291caf1-d523-4703-be06-0e17f6dcfe05.png
IMG	Pokémon Emerald Genesis	Nintendo Game Boy Advance	Screenshot - Gameplay		Pok_mon_Emerald_Genesis__Screenshot_-_Gameplay____1ef977da-cecd-4196-b992-e0388ff3359b.png
IMG	Pokémon Emerald Genesis	Nintendo Game Boy Advance	Screenshot - Gameplay		Pok_mon_Emerald_Genesis__Screenshot_-_Gameplay____24f23493-5644-4d84-b67e-8e2c86dd4780.png
IMG	Pokémon Emerald Genesis	Nintendo Game Boy Advance	Screenshot - Game Title		Pok_mon_Emerald_Genesis__Screenshot_-_Game_Title____dfcb7008-237d-4e92-97b7-cac89ccaf1b1.png
IMG	Pokémon Emerald Green	Nintendo Game Boy Advance	Screenshot - Gameplay		Pok_mon_Emerald_Green__Screenshot_-_Gameplay____75ede0cd-2c98-4a82-ad66-344ca34cc0f2.png
IMG	Pokémon Emerald Green	Nintendo Game Boy Advance	Screenshot - Gameplay		Pok_mon_Emerald_Green__Screenshot_-_Gameplay____e535f7ce-3331-43c6-9e68-abdef65cf107.png
IMG	Pokémon Emerald Green	Nintendo Game Boy Advance	Screenshot - Game Title		Pok_mon_Emerald_Green__Screenshot_-_Game_Title____1c326c22-24ca-431b-8ad3-8947730e9dd9.png
IMG	Pokémon Emerald Hard Edition	Nintendo Game Boy Advance	Box - Front	World	Pok_mon_Emerald_Hard_Edition__Box_-_Front__World__ce05a9c0-9208-4f35-a033-9f95f8079632.png
IMG	Pokémon Emerald Hard Edition	Nintendo Game Boy Advance	Screenshot - Gameplay		Pok_mon_Emerald_Hard_Edition__Screenshot_-_Gameplay____b629b1ca-9ea3-4903-a01f-454dc0f0bc34.png
IMG	Pokémon Emerald Hard Edition	Nintendo Game Boy Advance	Screenshot - Gameplay		Pok_mon_Emerald_Hard_Edition__Screenshot_-_Gameplay____3646267d-1dd4-4372-9edf-c50faacf67c6.png
IMG	Pokémon Emerald Hard Edition	Nintendo Game Boy Advance	Screenshot - Gameplay		Pok_mon_Emerald_Hard_Edition__Screenshot_-_Gameplay____dd841a35-ac2f-48cc-93b4-f388185862f2.png
IMG	Pokémon Emerald Hard Edition	Nintendo Game Boy Advance	Screenshot - Gameplay		Pok_mon_Emerald_Hard_Edition__Screenshot_-_Gameplay____1ae700f8-244d-4ff8-ae56-1994c016c2ce.png
IMG	Pokémon Emerald Hard Edition	Nintendo Game Boy Advance	Screenshot - Gameplay		Pok_mon_Emerald_Hard_Edition__Screenshot_-_Gameplay____af3bfa6f-70d4-4bad-8fa7-6aea47ab2f58.png
IMG	Pokémon Emerald Hard Edition	Nintendo Game Boy Advance	Screenshot - Gameplay		Pok_mon_Emerald_Hard_Edition__Screenshot_-_Gameplay____469fc523-eccf-46f1-8619-894a40cdb610.png
IMG	Pokémon Emerald Hard Edition	Nintendo Game Boy Advance	Screenshot - Gameplay		Pok_mon_Emerald_Hard_Edition__Screenshot_-_Gameplay____0e4b62a6-98e7-47fc-ade5-eeb02d9c77c3.png
IMG	Pokémon Emerald Hard Edition	Nintendo Game Boy Advance	Screenshot - Gameplay		Pok_mon_Emerald_Hard_Edition__Screenshot_-_Gameplay____4b1f529b-2253-429e-a535-bcaa2076d7bb.png
IMG	Pokémon Emerald Hard Edition	Nintendo Game Boy Advance	Screenshot - Game Title		Pok_mon_Emerald_Hard_Edition__Screenshot_-_Game_Title____027aa893-6286-4e83-af2d-21e94a3bdc9d.png
IMG	Pokémon FireRed Evolution	Nintendo Game Boy Advance	Box - Front	World	Pok_mon_FireRed_Evolution__Box_-_Front__World__e480ce04-51c7-4456-8fa9-d4ecde95bafd.png
IMG	Pokémon FireRed Evolution	Nintendo Game Boy Advance	Screenshot - Gameplay		Pok_mon_FireRed_Evolution__Screenshot_-_Gameplay____f6f4f580-f2cd-4117-ba16-1d3ae2dcaeb6.png
IMG	Pokémon FireRed Evolution	Nintendo Game Boy Advance	Screenshot - Gameplay		Pok_mon_FireRed_Evolution__Screenshot_-_Gameplay____5dbe27ce-8f9b-442d-a18c-5818d77bee48.png
IMG	Pokémon FireRed Evolution	Nintendo Game Boy Advance	Screenshot - Gameplay		Pok_mon_FireRed_Evolution__Screenshot_-_Gameplay____8ef97390-149e-40f1-824a-d642df642d22.png
IMG	Pokémon FireRed Evolution	Nintendo Game Boy Advance	Screenshot - Gameplay		Pok_mon_FireRed_Evolution__Screenshot_-_Gameplay____eedf90f2-c00d-4d4b-9578-281cd1d7e215.png
IMG	Pokémon FireRed Evolution	Nintendo Game Boy Advance	Screenshot - Gameplay		Pok_mon_FireRed_Evolution__Screenshot_-_Gameplay____02268ce1-50be-4309-a2ee-ce135c5c3794.png
IMG	Pokémon FireRed Evolution	Nintendo Game Boy Advance	Screenshot - Gameplay		Pok_mon_FireRed_Evolution__Screenshot_-_Gameplay____4635a5e3-1a0a-4035-aa32-04244d425a14.png
IMG	Pokémon FireRed Evolution	Nintendo Game Boy Advance	Screenshot - Game Title		Pok_mon_FireRed_Evolution__Screenshot_-_Game_Title____f19c3ad7-cfe0-49e7-bcba-76dafbf2fa93.png
IMG	Pokémon FireRed Backwards Edition	Nintendo Game Boy Advance	Box - Front	World	Pok_mon_FireRed_Backwards_Edition__Box_-_Front__World__bf168345-7482-4a2a-8531-3c8e37df8a6a.png
IMG	Pokémon FireRed Backwards Edition	Nintendo Game Boy Advance	Screenshot - Gameplay		Pok_mon_FireRed_Backwards_Edition__Screenshot_-_Gameplay____fd880ca5-13f6-45c1-8b51-846bd984da27.png
IMG	Pokémon FireRed Backwards Edition	Nintendo Game Boy Advance	Screenshot - Gameplay		Pok_mon_FireRed_Backwards_Edition__Screenshot_-_Gameplay____a0769de3-dd5e-423d-a211-2749f2b858e5.png
IMG	Pokémon FireRed Backwards Edition	Nintendo Game Boy Advance	Screenshot - Gameplay		Pok_mon_FireRed_Backwards_Edition__Screenshot_-_Gameplay____a8924c9c-9dc7-4347-a5a9-1e3cbd489cdd.png
IMG	Pokémon FireRed Backwards Edition	Nintendo Game Boy Advance	Screenshot - Gameplay		Pok_mon_FireRed_Backwards_Edition__Screenshot_-_Gameplay____93523833-0016-4db8-8903-588a159bf83c.png
IMG	Pokémon FireRed Backwards Edition	Nintendo Game Boy Advance	Screenshot - Gameplay		Pok_mon_FireRed_Backwards_Edition__Screenshot_-_Gameplay____d2beaae2-d0db-4325-a2c2-8ae2edee77a7.png
IMG	Pokémon FireRed Backwards Edition	Nintendo Game Boy Advance	Screenshot - Gameplay		Pok_mon_FireRed_Backwards_Edition__Screenshot_-_Gameplay____f908c09a-32e5-497f-8689-8750283cb3dd.png
IMG	Pokémon FireRed Backwards Edition	Nintendo Game Boy Advance	Screenshot - Gameplay		Pok_mon_FireRed_Backwards_Edition__Screenshot_-_Gameplay____e4e9204c-02e5-4cbf-8ae0-1ab1d95f5eb0.png
IMG	Pokémon FireRed Backwards Edition	Nintendo Game Boy Advance	Screenshot - Gameplay		Pok_mon_FireRed_Backwards_Edition__Screenshot_-_Gameplay____7e288af3-100b-4532-b416-0bcb8452a45e.png
IMG	Pokémon FireRed Backwards Edition	Nintendo Game Boy Advance	Screenshot - Game Title		Pok_mon_FireRed_Backwards_Edition__Screenshot_-_Game_Title____febfa852-672a-4f66-8ca8-6ff442bd2e6e.png
IMG	Pokémon Trashlocke	Nintendo Game Boy Advance	Box - Front	World	Pok_mon_Trashlocke__Box_-_Front__World__94566a3d-0cdf-4046-ab64-b0ac5b73267b.png
IMG	Pokémon Trashlocke	Nintendo Game Boy Advance	Screenshot - Gameplay		Pok_mon_Trashlocke__Screenshot_-_Gameplay____f73a3d94-dc6d-42e3-a85b-371c3dc2a67b.png
IMG	Pokémon Trashlocke	Nintendo Game Boy Advance	Screenshot - Gameplay		Pok_mon_Trashlocke__Screenshot_-_Gameplay____1481c363-9c94-423c-9256-3b09fc897e85.png
IMG	Pokémon Trashlocke	Nintendo Game Boy Advance	Screenshot - Gameplay		Pok_mon_Trashlocke__Screenshot_-_Gameplay____d5a7f2f6-479c-4c87-93ef-6d18103344e3.png
IMG	Pokémon Trashlocke	Nintendo Game Boy Advance	Screenshot - Gameplay		Pok_mon_Trashlocke__Screenshot_-_Gameplay____c69abea7-6240-43ce-b47e-c68eef88624c.png
IMG	Pokémon Trashlocke	Nintendo Game Boy Advance	Screenshot - Gameplay		Pok_mon_Trashlocke__Screenshot_-_Gameplay____0fd4fb07-057d-49c2-b129-30a3fa725f5d.png
IMG	Pokémon Trashlocke	Nintendo Game Boy Advance	Screenshot - Gameplay		Pok_mon_Trashlocke__Screenshot_-_Gameplay____e59bd8e1-7a7a-4c8d-96e4-3d48b5840d9a.png
IMG	Pokémon Trashlocke	Nintendo Game Boy Advance	Screenshot - Game Title		Pok_mon_Trashlocke__Screenshot_-_Game_Title____587f0596-de5b-42e6-be9f-3bef90a2ffd6.png
IMG	Pokémon Fire Blast	Nintendo Game Boy Advance	Box - Front	World	Pok_mon_Fire_Blast__Box_-_Front__World__cbdc138e-55ef-41d0-8991-b1e9a89be258.png
IMG	Pokémon Fire Blast	Nintendo Game Boy Advance	Box - Front	World	Pok_mon_Fire_Blast__Box_-_Front__World__87bc9f8e-6f09-42f6-9e9b-7484ac9a345b.jpg
IMG	Pokémon Fire Blast	Nintendo Game Boy Advance	Clear Logo		Pok_mon_Fire_Blast__Clear_Logo____2232887c-9887-4214-9be2-f397a1ff3879.png
IMG	Pokémon Fire Blast	Nintendo Game Boy Advance	Screenshot - Gameplay		Pok_mon_Fire_Blast__Screenshot_-_Gameplay____b374bea1-1e21-481b-b63e-fa0ee25b86de.png
IMG	Pokémon Fire Blast	Nintendo Game Boy Advance	Screenshot - Gameplay		Pok_mon_Fire_Blast__Screenshot_-_Gameplay____9accec42-ab09-4bdb-b713-ca8a16e7a11c.png
IMG	Pokémon Fire Blast	Nintendo Game Boy Advance	Screenshot - Gameplay		Pok_mon_Fire_Blast__Screenshot_-_Gameplay____8f5cc5fd-ab48-4287-93b3-ab344c3faef6.png
IMG	Pokémon Fire Blast	Nintendo Game Boy Advance	Screenshot - Gameplay		Pok_mon_Fire_Blast__Screenshot_-_Gameplay____386d0392-aeec-4df2-99ee-beecd64601b1.png
IMG	Pokémon Fire Blast	Nintendo Game Boy Advance	Screenshot - Gameplay		Pok_mon_Fire_Blast__Screenshot_-_Gameplay____6cab604d-b8ad-43b3-a9c9-533ba52510f2.png
IMG	Pokémon Fire Blast	Nintendo Game Boy Advance	Screenshot - Gameplay		Pok_mon_Fire_Blast__Screenshot_-_Gameplay____692bbb4a-77db-408f-8bcb-d47a5ec03570.png
IMG	Pokémon Fire Blast	Nintendo Game Boy Advance	Screenshot - Gameplay		Pok_mon_Fire_Blast__Screenshot_-_Gameplay____c393372c-7557-4d1a-8da9-0a55ecf88b80.png
IMG	Pokémon Fire Blast	Nintendo Game Boy Advance	Screenshot - Game Title		Pok_mon_Fire_Blast__Screenshot_-_Game_Title____4cfca95f-1ec6-4d60-b7a3-f0f837871ea4.png
IMG	Pokémon Final Red	Nintendo Game Boy Advance	Box - Front	World	Pok_mon_Final_Red__Box_-_Front__World__c2754ce6-43de-4be7-b867-5e83d27aeaef.png
IMG	Pokémon Final Red	Nintendo Game Boy Advance	Clear Logo		Pok_mon_Final_Red__Clear_Logo____93f475fd-0193-4be1-aaab-12622c2b066c.png
IMG	Pokémon Final Red	Nintendo Game Boy Advance	Screenshot - Gameplay		Pok_mon_Final_Red__Screenshot_-_Gameplay____73a9bb51-bc63-46d1-9e36-eebac5030417.png
IMG	Pokémon Final Red	Nintendo Game Boy Advance	Screenshot - Gameplay		Pok_mon_Final_Red__Screenshot_-_Gameplay____3c99cf61-fb5c-43b5-bfa6-695be4ed1a5d.png
IMG	Pokémon Final Red	Nintendo Game Boy Advance	Screenshot - Gameplay		Pok_mon_Final_Red__Screenshot_-_Gameplay____811db649-a0f2-4e2b-8c0b-b0ddc726e2ca.png
IMG	Pokémon Final Red	Nintendo Game Boy Advance	Screenshot - Gameplay		Pok_mon_Final_Red__Screenshot_-_Gameplay____8886d42a-5f17-4f1d-9f02-ccb49d757763.png
IMG	Pokémon Final Red	Nintendo Game Boy Advance	Screenshot - Gameplay		Pok_mon_Final_Red__Screenshot_-_Gameplay____48f6885f-9024-4ed0-9eff-bee25f26ce0f.png
IMG	Pokémon Final Red	Nintendo Game Boy Advance	Screenshot - Gameplay		Pok_mon_Final_Red__Screenshot_-_Gameplay____eb081900-890f-490f-a1bf-f901547c4e06.png
IMG	Pokémon Final Red	Nintendo Game Boy Advance	Screenshot - Gameplay		Pok_mon_Final_Red__Screenshot_-_Gameplay____b4684f5b-c1b2-4b7d-a19d-23faa28d0581.png
IMG	Pokémon Final Red	Nintendo Game Boy Advance	Screenshot - Gameplay		Pok_mon_Final_Red__Screenshot_-_Gameplay____f50774be-7fdf-4fb8-ad7e-853cc6b18bc3.png
IMG	Pokémon Final Red	Nintendo Game Boy Advance	Screenshot - Gameplay		Pok_mon_Final_Red__Screenshot_-_Gameplay____5376f159-3aa4-4e8d-a8be-dc5545486140.png
IMG	Pokémon Final Red	Nintendo Game Boy Advance	Screenshot - Gameplay		Pok_mon_Final_Red__Screenshot_-_Gameplay____bd336343-4c0a-42a8-9b35-1c6b834d7a07.png
IMG	Pokémon Final Red	Nintendo Game Boy Advance	Screenshot - Game Title		Pok_mon_Final_Red__Screenshot_-_Game_Title____5f5d3ec5-7fb1-4d06-bfda-841b5838e650.png
IMG	Pokémon Fat Kid	Nintendo Game Boy Advance	Banner		Pok_mon_Fat_Kid__Banner____8ed12b6b-18f5-4d33-87c3-cccf9a756796.png
IMG	Pokémon Fat Kid	Nintendo Game Boy Advance	Banner		Pok_mon_Fat_Kid__Banner____0310362f-0156-43ea-89fe-bd7f108f31e4.png
IMG	Pokémon Fat Kid	Nintendo Game Boy Advance	Banner		Pok_mon_Fat_Kid__Banner____54c1ab5e-b509-476b-9fb8-4b009d83de33.png
IMG	Pokémon Fat Kid	Nintendo Game Boy Advance	Box - Front	World	Pok_mon_Fat_Kid__Box_-_Front__World__358a17d3-c1af-48a3-81fc-f963d0d4c265.png
IMG	Pokémon Fat Kid	Nintendo Game Boy Advance	Clear Logo		Pok_mon_Fat_Kid__Clear_Logo____ee51eebb-9772-49f0-b3c1-f0e7663df0bc.png
IMG	Pokémon Fat Kid	Nintendo Game Boy Advance	Screenshot - Gameplay		Pok_mon_Fat_Kid__Screenshot_-_Gameplay____7926ef13-a079-4d7d-84a0-90e1eb716f0a.png
IMG	Pokémon Fat Kid	Nintendo Game Boy Advance	Screenshot - Gameplay		Pok_mon_Fat_Kid__Screenshot_-_Gameplay____4dff5075-85f6-455f-96df-c1716acf850c.png
IMG	Pokémon Fat Kid	Nintendo Game Boy Advance	Screenshot - Gameplay		Pok_mon_Fat_Kid__Screenshot_-_Gameplay____55f7763c-6814-4a0c-8baa-42434f9940c2.png
IMG	Pokémon Fat Kid	Nintendo Game Boy Advance	Screenshot - Gameplay		Pok_mon_Fat_Kid__Screenshot_-_Gameplay____fe1f69fe-7809-4f0a-83f7-c57c4a2a4646.png
IMG	Pokémon Fat Kid	Nintendo Game Boy Advance	Screenshot - Gameplay		Pok_mon_Fat_Kid__Screenshot_-_Gameplay____d2d9ca9d-8f46-491f-903e-09b518cf1c6e.png
IMG	Pokémon Fat Kid	Nintendo Game Boy Advance	Screenshot - Gameplay		Pok_mon_Fat_Kid__Screenshot_-_Gameplay____fc29d83d-b572-42d5-b1be-696112259f21.png
IMG	Pokémon Fat Kid	Nintendo Game Boy Advance	Screenshot - Gameplay		Pok_mon_Fat_Kid__Screenshot_-_Gameplay____8f33f9e7-ee0c-4fcb-bd87-dfbf7c5dcaf1.png
IMG	Pokémon Fat Kid	Nintendo Game Boy Advance	Screenshot - Gameplay		Pok_mon_Fat_Kid__Screenshot_-_Gameplay____da899f89-acad-484b-8ba1-4a8aa4f4e8fa.png
IMG	Pokémon Fat Kid	Nintendo Game Boy Advance	Screenshot - Game Title		Pok_mon_Fat_Kid__Screenshot_-_Game_Title____0cef7a23-bb04-45e1-9f90-8acb424cdff2.png
IMG	Pokémon Fantasia	Nintendo Game Boy Advance	Box - Front	World	Pok_mon_Fantasia__Box_-_Front__World__dedc164e-f055-4a41-bda0-45b71487ba64.png
IMG	Pokémon Fantasia	Nintendo Game Boy Advance	Screenshot - Gameplay		Pok_mon_Fantasia__Screenshot_-_Gameplay____3f6e0e7e-ea0a-464d-a99c-28ec11dc34af.png
IMG	Pokémon Fantasia	Nintendo Game Boy Advance	Screenshot - Gameplay		Pok_mon_Fantasia__Screenshot_-_Gameplay____cb862631-ca69-4c55-b77c-1a38bbc688d7.png
IMG	Pokémon Fantasia	Nintendo Game Boy Advance	Screenshot - Game Title		Pok_mon_Fantasia__Screenshot_-_Game_Title____acd8a5e2-47f8-4f2c-aef0-b2f2d1fd86bc.png
IMG	Pokémon Extreme Red	Nintendo Game Boy Advance	Box - Front	World	Pok_mon_Extreme_Red__Box_-_Front__World__fb15e255-8389-4a25-a681-6d6f7edd2013.png
IMG	Pokémon Extreme Red	Nintendo Game Boy Advance	Screenshot - Gameplay		Pok_mon_Extreme_Red__Screenshot_-_Gameplay____8c9be930-3da5-4856-8b63-fd333e546a29.png
IMG	Pokémon Extreme Red	Nintendo Game Boy Advance	Screenshot - Gameplay		Pok_mon_Extreme_Red__Screenshot_-_Gameplay____74c264f4-159e-440a-93f4-4abdc3e675b8.png
IMG	Pokémon Extreme Red	Nintendo Game Boy Advance	Screenshot - Gameplay		Pok_mon_Extreme_Red__Screenshot_-_Gameplay____c5d4a46f-e8c9-4185-a4e1-4e4ce7012c7a.png
IMG	Pokémon Extreme Red	Nintendo Game Boy Advance	Screenshot - Gameplay		Pok_mon_Extreme_Red__Screenshot_-_Gameplay____fa2dbd8e-26f7-4f98-97fc-92ec5e0c6580.png
IMG	Pokémon Extreme Red	Nintendo Game Boy Advance	Screenshot - Gameplay		Pok_mon_Extreme_Red__Screenshot_-_Gameplay____d36859c4-bf74-4e96-a772-558435ef24c0.png
IMG	Pokémon Extreme Red	Nintendo Game Boy Advance	Screenshot - Gameplay		Pok_mon_Extreme_Red__Screenshot_-_Gameplay____68e97280-6a01-4b1b-9803-21dbc749a70d.png
IMG	Pokémon Extreme Red	Nintendo Game Boy Advance	Screenshot - Gameplay		Pok_mon_Extreme_Red__Screenshot_-_Gameplay____0a5d396a-2215-40e2-beb2-2a60ae6dedfe.png
IMG	Pokémon Extreme Red	Nintendo Game Boy Advance	Screenshot - Gameplay		Pok_mon_Extreme_Red__Screenshot_-_Gameplay____9e36dca5-cb49-4616-bda8-7cb2b36540f0.png
IMG	Pokémon Extreme Red	Nintendo Game Boy Advance	Screenshot - Gameplay		Pok_mon_Extreme_Red__Screenshot_-_Gameplay____13f03be8-def3-455c-84f4-ecbb9401daf2.png
IMG	Pokémon Extreme Red	Nintendo Game Boy Advance	Screenshot - Gameplay		Pok_mon_Extreme_Red__Screenshot_-_Gameplay____1bdf40ad-a02b-47e0-8a02-25bd847f0619.png
IMG	Pokémon Extreme Red	Nintendo Game Boy Advance	Screenshot - Game Title		Pok_mon_Extreme_Red__Screenshot_-_Game_Title____4f951a8c-a9ad-4455-bf63-2f2dc83b68d1.png
IMG	Pokémon Extra	Nintendo Game Boy Advance	Box - Front	North America	Pok_mon_Extra__Box_-_Front__North_America__ee1b1bd8-5679-4d41-9215-d8686f880708.jpg
IMG	Pokémon Extra	Nintendo Game Boy Advance	Screenshot - Gameplay		Pok_mon_Extra__Screenshot_-_Gameplay____766b01b1-cc77-403a-b931-726a25fc5020.png
IMG	Pokémon Extra	Nintendo Game Boy Advance	Screenshot - Gameplay		Pok_mon_Extra__Screenshot_-_Gameplay____03c9dd7f-c21f-4221-9390-234f47a61902.png
IMG	Pokémon Extra	Nintendo Game Boy Advance	Screenshot - Gameplay		Pok_mon_Extra__Screenshot_-_Gameplay____aa8e1190-c3dd-46ea-adef-bed9f43140b8.png
IMG	Pokémon Extra	Nintendo Game Boy Advance	Screenshot - Gameplay		Pok_mon_Extra__Screenshot_-_Gameplay____f4b7ab99-5add-422d-807e-bd966ad5fbc8.png
IMG	Pokémon Extra	Nintendo Game Boy Advance	Screenshot - Gameplay		Pok_mon_Extra__Screenshot_-_Gameplay____833b6560-f50e-4a93-be29-651aaa4b4fdd.png
IMG	Pokémon Extra	Nintendo Game Boy Advance	Screenshot - Gameplay		Pok_mon_Extra__Screenshot_-_Gameplay____c09a8a59-8cf0-45c7-bd09-7cc5c883c1a3.png
IMG	Pokémon Extra	Nintendo Game Boy Advance	Screenshot - Game Title		Pok_mon_Extra__Screenshot_-_Game_Title____5b38b463-4a98-4f35-aaa7-7ffef63e625b.png
IMG	Pokémon Emerald Expert	Nintendo Game Boy Advance	Box - Front	World	Pok_mon_Emerald_Expert__Box_-_Front__World__c17b18e3-ccda-4367-a65d-705388bb629f.png
IMG	Pokémon Emerald Expert	Nintendo Game Boy Advance	Clear Logo		Pok_mon_Emerald_Expert__Clear_Logo____d5b798d6-1df0-4ceb-8d41-42308063c86a.png
IMG	Pokémon Emerald Expert	Nintendo Game Boy Advance	Screenshot - Gameplay		Pok_mon_Emerald_Expert__Screenshot_-_Gameplay____2cb51e75-b1dd-4e6c-81f9-652403b66b4a.png
IMG	Pokémon Emerald Expert	Nintendo Game Boy Advance	Screenshot - Gameplay		Pok_mon_Emerald_Expert__Screenshot_-_Gameplay____d1de7eec-931f-42f6-87cf-a96f8caf671c.png
IMG	Pokémon Emerald Expert	Nintendo Game Boy Advance	Screenshot - Gameplay		Pok_mon_Emerald_Expert__Screenshot_-_Gameplay____de580b3c-6c2b-476e-b799-57639851b288.png
IMG	Pokémon Emerald Expert	Nintendo Game Boy Advance	Screenshot - Gameplay		Pok_mon_Emerald_Expert__Screenshot_-_Gameplay____751d6578-2858-47b5-9969-7127db6ce532.png
IMG	Pokémon Emerald Expert	Nintendo Game Boy Advance	Screenshot - Gameplay		Pok_mon_Emerald_Expert__Screenshot_-_Gameplay____aa5abbd0-3127-484f-9965-4c15fe53b56f.png
IMG	Pokémon Emerald Expert	Nintendo Game Boy Advance	Screenshot - Game Title		Pok_mon_Emerald_Expert__Screenshot_-_Game_Title____8cfabf72-6bc0-43f8-9f6a-4944c28f67db.png
IMG	Pokémon Evil Drill 1 Star Stone	Nintendo Game Boy Advance	Box - Front	North America	Pok_mon_Evil_Drill_1_Star_Stone__Box_-_Front__North_America__286bb28e-51e8-4b94-aa45-658946707714.jpg
IMG	Pokémon Evil Drill 1 Star Stone	Nintendo Game Boy Advance	Screenshot - Gameplay		Pok_mon_Evil_Drill_1_Star_Stone__Screenshot_-_Gameplay____4ccac748-c4ef-4488-b489-f102ab9be225.png
IMG	Pokémon Evil Drill 1 Star Stone	Nintendo Game Boy Advance	Screenshot - Gameplay		Pok_mon_Evil_Drill_1_Star_Stone__Screenshot_-_Gameplay____3c6e7dd6-d472-44d9-98dc-bee39e818ccd.png
IMG	Pokémon Evil Drill 1 Star Stone	Nintendo Game Boy Advance	Screenshot - Gameplay		Pok_mon_Evil_Drill_1_Star_Stone__Screenshot_-_Gameplay____fa613aa7-2529-4a75-8779-0db9cb147763.png
IMG	Pokémon Evil Drill 1 Star Stone	Nintendo Game Boy Advance	Screenshot - Gameplay		Pok_mon_Evil_Drill_1_Star_Stone__Screenshot_-_Gameplay____a1e18038-d560-49ba-b471-5fd8bd26628c.png
IMG	Pokémon Evil Drill 1 Star Stone	Nintendo Game Boy Advance	Screenshot - Gameplay		Pok_mon_Evil_Drill_1_Star_Stone__Screenshot_-_Gameplay____4d060aae-74cb-4c7f-84f5-398f08f2d818.png
IMG	Pokémon Evil Drill 1 Star Stone	Nintendo Game Boy Advance	Screenshot - Gameplay		Pok_mon_Evil_Drill_1_Star_Stone__Screenshot_-_Gameplay____4cf2d2ea-eb6b-4011-8b18-cf5a4e164554.png
IMG	Pokémon Evil Drill 1 Star Stone	Nintendo Game Boy Advance	Screenshot - Game Title		Pok_mon_Evil_Drill_1_Star_Stone__Screenshot_-_Game_Title____8cb2b904-2e2e-47f6-8d1f-5ff0872b06b2.png
IMG	Digimon Escape from Server Island	Nintendo Game Boy Advance	Box - Front	World	Digimon_Escape_from_Server_Island__Box_-_Front__World__b64146eb-3fff-408f-8757-52ee10aee215.png
IMG	Digimon Escape from Server Island	Nintendo Game Boy Advance	Clear Logo		Digimon_Escape_from_Server_Island__Clear_Logo____5b822583-9838-4571-863e-2e8a56422cc9.png
IMG	Digimon Escape from Server Island	Nintendo Game Boy Advance	Screenshot - Gameplay		Digimon_Escape_from_Server_Island__Screenshot_-_Gameplay____3dbc6e35-8d84-4d97-8b47-d4ce2991b61e.jpg
IMG	Digimon Escape from Server Island	Nintendo Game Boy Advance	Screenshot - Gameplay		Digimon_Escape_from_Server_Island__Screenshot_-_Gameplay____3e2eff3c-24cd-452c-97c8-ec89a50f3430.jpg
IMG	Digimon Escape from Server Island	Nintendo Game Boy Advance	Screenshot - Gameplay		Digimon_Escape_from_Server_Island__Screenshot_-_Gameplay____d3a69bed-ca02-4047-ada9-b81e6a61e205.jpg
IMG	Digimon Escape from Server Island	Nintendo Game Boy Advance	Screenshot - Gameplay		Digimon_Escape_from_Server_Island__Screenshot_-_Gameplay____b81fa6a0-3eae-4244-81ae-24102ef2c578.jpg
IMG	Digimon Escape from Server Island	Nintendo Game Boy Advance	Screenshot - Gameplay		Digimon_Escape_from_Server_Island__Screenshot_-_Gameplay____af76d851-fdd8-4840-9395-68c4bad45995.jpg
IMG	Digimon Escape from Server Island	Nintendo Game Boy Advance	Screenshot - Gameplay		Digimon_Escape_from_Server_Island__Screenshot_-_Gameplay____7e73b476-2865-4082-a8e1-f87bb41c409c.jpg
IMG	Digimon Escape from Server Island	Nintendo Game Boy Advance	Screenshot - Gameplay		Digimon_Escape_from_Server_Island__Screenshot_-_Gameplay____f1fcc1ec-f10a-45aa-9ef4-eb443432fd0f.jpg
IMG	Digimon Escape from Server Island	Nintendo Game Boy Advance	Screenshot - Gameplay		Digimon_Escape_from_Server_Island__Screenshot_-_Gameplay____77e23498-bada-4d41-950b-cf7b3f26888a.jpg
IMG	Digimon Escape from Server Island	Nintendo Game Boy Advance	Screenshot - Game Title		Digimon_Escape_from_Server_Island__Screenshot_-_Game_Title____f58ce675-67f1-43c1-9a9e-41aa679c4119.jpg
IMG	Pokémon Eruption	Nintendo Game Boy Advance	Box - Front	World	Pok_mon_Eruption__Box_-_Front__World__4832d4bb-2308-464c-8c42-9e48623dff99.png
IMG	Pokémon Eruption	Nintendo Game Boy Advance	Clear Logo		Pok_mon_Eruption__Clear_Logo____15c6ecff-ac32-4d29-ad39-3e506b03b7c0.png
IMG	Pokémon Eruption	Nintendo Game Boy Advance	Screenshot - Gameplay		Pok_mon_Eruption__Screenshot_-_Gameplay____a89e21b1-57d1-427b-8900-956ebabadfd8.png
IMG	Pokémon Eruption	Nintendo Game Boy Advance	Screenshot - Gameplay		Pok_mon_Eruption__Screenshot_-_Gameplay____c03e4c2d-dfab-41b8-b1f8-b5f295289e4b.png
IMG	Pokémon Eruption	Nintendo Game Boy Advance	Screenshot - Gameplay		Pok_mon_Eruption__Screenshot_-_Gameplay____9049bc7d-eb40-4132-b4ac-c6a6eda3c4d0.png
IMG	Pokémon Eruption	Nintendo Game Boy Advance	Screenshot - Gameplay		Pok_mon_Eruption__Screenshot_-_Gameplay____55b058a2-3aa6-4299-acad-2cb1b479fc2d.png
IMG	Pokémon Eruption	Nintendo Game Boy Advance	Screenshot - Gameplay		Pok_mon_Eruption__Screenshot_-_Gameplay____1615a259-a04f-4d06-80cf-ef88e10ae9d6.png
IMG	Pokémon Eruption	Nintendo Game Boy Advance	Screenshot - Gameplay		Pok_mon_Eruption__Screenshot_-_Gameplay____def8a7d0-4242-43f4-8bcb-d04f91492931.png
IMG	Pokémon Eruption	Nintendo Game Boy Advance	Screenshot - Game Title		Pok_mon_Eruption__Screenshot_-_Game_Title____48524747-65dc-415a-9d59-35e15d8a939f.png
IMG	Pokémon Emerald Lucario	Nintendo Game Boy Advance	Screenshot - Gameplay		Pok_mon_Emerald_Lucario__Screenshot_-_Gameplay____e0f2a805-6dff-4e82-ba3a-26ba0f174821.png
IMG	Pokémon Emerald Lucario	Nintendo Game Boy Advance	Screenshot - Gameplay		Pok_mon_Emerald_Lucario__Screenshot_-_Gameplay____56aea101-8df9-4d4e-964b-81d3b562b2de.png
IMG	Pokémon Emerald Lucario	Nintendo Game Boy Advance	Screenshot - Gameplay		Pok_mon_Emerald_Lucario__Screenshot_-_Gameplay____c0440990-14c1-4d68-b08e-6234913dfd3d.png
IMG	Pokémon Emerald Lucario	Nintendo Game Boy Advance	Screenshot - Gameplay		Pok_mon_Emerald_Lucario__Screenshot_-_Gameplay____bee9b8ed-f398-4bad-a0eb-114cc22770b8.png
IMG	Pokémon Emerald Lucario	Nintendo Game Boy Advance	Screenshot - Gameplay		Pok_mon_Emerald_Lucario__Screenshot_-_Gameplay____35119c05-a4c6-417b-827e-18b34f9c9bf0.png
IMG	Pokémon Emerald Lucario	Nintendo Game Boy Advance	Screenshot - Gameplay		Pok_mon_Emerald_Lucario__Screenshot_-_Gameplay____775a08df-fd1d-4cf3-8dc0-543dbb69b08f.png
IMG	Pokémon Emerald Lucario	Nintendo Game Boy Advance	Screenshot - Gameplay		Pok_mon_Emerald_Lucario__Screenshot_-_Gameplay____7066ce3a-dfd0-40e8-ba5a-1b49dbea99de.png
IMG	Pokémon Emerald Lucario	Nintendo Game Boy Advance	Screenshot - Gameplay		Pok_mon_Emerald_Lucario__Screenshot_-_Gameplay____19f6ce74-a3db-4782-9883-141e0e5581f3.png
IMG	Pokémon Emerald Lucario	Nintendo Game Boy Advance	Screenshot - Game Title		Pok_mon_Emerald_Lucario__Screenshot_-_Game_Title____36b56dcd-19b0-4205-abb2-060735eff158.png
IMG	Pokémon Emerald Renewal	Nintendo Game Boy Advance	Screenshot - Gameplay		Pok_mon_Emerald_Renewal__Screenshot_-_Gameplay____1b9b09b5-6cdc-496d-997c-ffc34622b813.png
IMG	Pokémon Emerald Renewal	Nintendo Game Boy Advance	Screenshot - Gameplay		Pok_mon_Emerald_Renewal__Screenshot_-_Gameplay____b360c927-cec1-460a-97b0-8effac948b26.png
IMG	Pokémon Emerald Renewal	Nintendo Game Boy Advance	Screenshot - Gameplay		Pok_mon_Emerald_Renewal__Screenshot_-_Gameplay____4efa4af0-9118-4c1d-9ad6-e466b91d5702.png
IMG	Pokémon Emerald Renewal	Nintendo Game Boy Advance	Screenshot - Gameplay		Pok_mon_Emerald_Renewal__Screenshot_-_Gameplay____1b04bb8d-8b54-45c9-9acd-b2dbbd5d3daa.png
IMG	Pokémon Emerald Renewal	Nintendo Game Boy Advance	Screenshot - Gameplay		Pok_mon_Emerald_Renewal__Screenshot_-_Gameplay____c484c986-6734-4a9e-9d67-5712ab24b11e.png
IMG	Pokémon Emerald Renewal	Nintendo Game Boy Advance	Screenshot - Game Title		Pok_mon_Emerald_Renewal__Screenshot_-_Game_Title____cbb5dbc6-92a2-4529-809e-b803f35efe4c.png
IMG	Pokémon Emerald Omega	Nintendo Game Boy Advance	Box - Front	World	Pok_mon_Emerald_Omega__Box_-_Front__World__f0b62cb1-fbde-40a9-aaf3-11fec3b1b58a.jpg
IMG	Pokémon Emerald Omega	Nintendo Game Boy Advance	Screenshot - Gameplay		Pok_mon_Emerald_Omega__Screenshot_-_Gameplay____4c2d531c-489d-43ab-b989-918ce8536b4c.png
IMG	Pokémon Emerald Omega	Nintendo Game Boy Advance	Screenshot - Gameplay		Pok_mon_Emerald_Omega__Screenshot_-_Gameplay____26426c1f-f02c-4889-9be1-a2733c4f1eb8.png
IMG	Pokémon Emerald Omega	Nintendo Game Boy Advance	Screenshot - Gameplay		Pok_mon_Emerald_Omega__Screenshot_-_Gameplay____3589ff34-b777-43a0-a26f-3e506ffde8ee.png
IMG	Pokémon Emerald Omega	Nintendo Game Boy Advance	Screenshot - Gameplay		Pok_mon_Emerald_Omega__Screenshot_-_Gameplay____cabdb3c7-af8a-4526-bf3c-e87458cadc03.png
IMG	Pokémon Emerald Omega	Nintendo Game Boy Advance	Screenshot - Game Title		Pok_mon_Emerald_Omega__Screenshot_-_Game_Title____85661086-2bea-4488-986b-4acfd6e386dd.png
IMG	Pokémon Red Blood	Nintendo Game Boy	Screenshot - Game Title		Pok_mon_Red_Blood__Screenshot_-_Game_Title____a6563aac-3a4c-4466-871c-32c4edcb8386.png
IMG	Pokémon Blue Tears	Nintendo Game Boy	Box - Front	World	Pok_mon_Blue_Tears__Box_-_Front__World__61ef940e-88a5-4986-b349-5bc2ca4f1be2.jpg
IMG	Pokémon Blue Tears	Nintendo Game Boy	Screenshot - Game Title		Pok_mon_Blue_Tears__Screenshot_-_Game_Title____740940e6-404a-4367-b98c-711186ace37c.png
IMG	Pokémon Flare	Nintendo Game Boy Advance	Box - Front	United States	Pok_mon_Flare__Box_-_Front__United_States__0d6d7704-ab0a-472b-928f-25265682c0bf.jpg
IMG	Pokémon Flare	Nintendo Game Boy Advance	Screenshot - Gameplay		Pok_mon_Flare__Screenshot_-_Gameplay____6cfdbb3b-7663-4377-a6bb-9b3a74a004db.png
IMG	Pokémon Flare	Nintendo Game Boy Advance	Screenshot - Gameplay		Pok_mon_Flare__Screenshot_-_Gameplay____485b4428-51c4-42ea-b870-6614c29c11c9.png
IMG	Pokémon Flare	Nintendo Game Boy Advance	Screenshot - Gameplay		Pok_mon_Flare__Screenshot_-_Gameplay____88ba8f5d-9ff5-48ef-abe2-c15afd198277.png
IMG	Pokémon Flare	Nintendo Game Boy Advance	Screenshot - Gameplay		Pok_mon_Flare__Screenshot_-_Gameplay____d7909e60-d6ad-4718-9434-f8ebb2033bf6.png
IMG	Pokémon Flare	Nintendo Game Boy Advance	Screenshot - Gameplay		Pok_mon_Flare__Screenshot_-_Gameplay____bf66e7bf-018a-428c-926f-04f7e1b06d1d.png
IMG	Pokémon Nameless	Nintendo Game Boy Advance	Box - Front	United States	Pok_mon_Nameless__Box_-_Front__United_States__92d854b2-d471-45a2-91c0-9ff02fd76bd8.png
IMG	Pokémon Nameless	Nintendo Game Boy Advance	Screenshot - Gameplay		Pok_mon_Nameless__Screenshot_-_Gameplay____6a18fc14-9ebf-4de7-b7d2-c9318cac3d5c.png
IMG	Pokémon Nameless	Nintendo Game Boy Advance	Screenshot - Game Title		Pok_mon_Nameless__Screenshot_-_Game_Title____c8748bfc-899f-45ca-854f-c568fc8ea960.png
IMG	Pokémon Polka Aqua	Nintendo Game Boy Advance	Fanart - Box - Front	North America	Pok_mon_Polka_Aqua__Fanart_-_Box_-_Front__North_America__5d434315-6908-4e29-aa07-bbe2ae96bc0d.png
IMG	Pokémon Polka Aqua	Nintendo Game Boy Advance	Screenshot - Gameplay		Pok_mon_Polka_Aqua__Screenshot_-_Gameplay____9ab4e664-e6cc-4546-81bb-3cf045b3caa8.jpg
IMG	Pokémon Polka Aqua	Nintendo Game Boy Advance	Screenshot - Gameplay		Pok_mon_Polka_Aqua__Screenshot_-_Gameplay____154692d6-b49a-48f5-aed0-34f9c30cad05.png
IMG	Pokémon Polka Aqua	Nintendo Game Boy Advance	Screenshot - Gameplay		Pok_mon_Polka_Aqua__Screenshot_-_Gameplay____f6776af3-26ac-4ba6-9d6e-a8edea8c03fd.png
IMG	Pokémon Polka Aqua	Nintendo Game Boy Advance	Screenshot - Gameplay		Pok_mon_Polka_Aqua__Screenshot_-_Gameplay____5e939b3b-d0e7-4cb6-b75d-84471de84c24.png
IMG	Pokémon Polka Aqua	Nintendo Game Boy Advance	Screenshot - Game Title		Pok_mon_Polka_Aqua__Screenshot_-_Game_Title____e19b44ca-a0f7-4324-b57e-e7334d43bf96.png
IMG	Pokémon Rocket Strike	Nintendo Game Boy Advance	Box - Front	World	Pok_mon_Rocket_Strike__Box_-_Front__World__03377fc5-baac-487b-8850-3fd037bc4e39.jpg
IMG	Pokémon Rocket Strike	Nintendo Game Boy Advance	Clear Logo	World	Pok_mon_Rocket_Strike__Clear_Logo__World__32455247-517e-42c0-8dd4-6ed0a8af2733.png
IMG	Pokémon Rocket Strike	Nintendo Game Boy Advance	Fanart - Box - Front	North America	Pok_mon_Rocket_Strike__Fanart_-_Box_-_Front__North_America__r2_d3729f9c-d181-4f78-9a47-a1f54d54f737.png
IMG	Pokémon Rocket Strike	Nintendo Game Boy Advance	Fanart - Box - Front	United States	Pok_mon_Rocket_Strike__Fanart_-_Box_-_Front__United_States__eb938e7b-36bf-4fe4-bf5f-e55f1d23ca77.png
IMG	Pokémon Rocket Strike	Nintendo Game Boy Advance	Screenshot - Gameplay		Pok_mon_Rocket_Strike__Screenshot_-_Gameplay____9638d570-2ed7-4f49-9981-2baa6a9409fb.png
IMG	Pokémon Rocket Strike	Nintendo Game Boy Advance	Screenshot - Gameplay		Pok_mon_Rocket_Strike__Screenshot_-_Gameplay____e4690d3a-1db9-40a9-aa73-bfb246e50f42.png
IMG	Pokémon Rocket Strike	Nintendo Game Boy Advance	Screenshot - Gameplay		Pok_mon_Rocket_Strike__Screenshot_-_Gameplay____6db6c93a-2311-478d-b075-9c922d208632.png
IMG	Pokémon Rocket Strike	Nintendo Game Boy Advance	Screenshot - Gameplay		Pok_mon_Rocket_Strike__Screenshot_-_Gameplay____9b121846-baf3-44be-b437-a3eef66f6e57.png
IMG	Pokémon Saiph	Nintendo Game Boy Advance	Box - Front	North America	Pok_mon_Saiph__Box_-_Front__North_America__6f33156a-9ab4-45b2-906e-68dcd74bc3fb.png
IMG	Pokémon Saiph	Nintendo Game Boy Advance	Box - Front	North America	Pok_mon_Saiph__Box_-_Front__North_America__dc95fe70-da1f-46b1-ad7f-abd4d5a5950a.png
IMG	Pokémon Saiph	Nintendo Game Boy Advance	Clear Logo		Pok_mon_Saiph__Clear_Logo____e1f512c3-880f-4957-908f-9888c228fc1c.png
IMG	Pokémon Saiph	Nintendo Game Boy Advance	Clear Logo		Pok_mon_Saiph__Clear_Logo____cb76dbc8-8d2f-477a-8343-86bb1bf9f895.png
IMG	Pokémon Saiph	Nintendo Game Boy Advance	Screenshot - Gameplay	World	Pok_mon_Saiph__Screenshot_-_Gameplay__World__f394f012-096a-49ee-8ce9-6cbb44f352d5.png
IMG	Pokémon Saiph	Nintendo Game Boy Advance	Screenshot - Game Title	World	Pok_mon_Saiph__Screenshot_-_Game_Title__World__6fe8231b-cb0d-4e9e-96c2-01f92943fc2c.png
IMG	Pokémon Septo Conquest	Nintendo Game Boy Advance	Box - Front	United States	Pok_mon_Septo_Conquest__Box_-_Front__United_States__7197e9f6-75a3-4c4e-8127-f9b4e3bf8fbf.png
IMG	Pokémon Septo Conquest	Nintendo Game Boy Advance	Screenshot - Gameplay		Pok_mon_Septo_Conquest__Screenshot_-_Gameplay____1efe1dc1-54dc-4ed8-87d7-c3beebc83781.png
IMG	Pokémon Septo Conquest	Nintendo Game Boy Advance	Screenshot - Gameplay		Pok_mon_Septo_Conquest__Screenshot_-_Gameplay____0b0328b8-3edd-45f2-bdfc-b11e874a364e.jpg
IMG	Pokémon Septo Conquest	Nintendo Game Boy Advance	Screenshot - Gameplay		Pok_mon_Septo_Conquest__Screenshot_-_Gameplay____501fbf76-1707-493b-9cb9-023efca067e2.png
IMG	Pokémon Septo Conquest	Nintendo Game Boy Advance	Screenshot - Game Title		Pok_mon_Septo_Conquest__Screenshot_-_Game_Title____3c652eb1-c83e-4157-9d6d-2fd8d755e168.png
IMG	Pokémon Stigma Version	Nintendo Game Boy Advance	Banner		Pok_mon_Stigma_Version__Banner____3111c674-13b3-4027-9ab5-915bab50ae46.png
IMG	Pokémon Stigma Version	Nintendo Game Boy Advance	Clear Logo		Pok_mon_Stigma_Version__Clear_Logo____a4f511ec-b81e-4950-9bd1-8f2b4fb77606.png
IMG	Pokémon Stigma Version	Nintendo Game Boy Advance	Fanart - Box - Front	United States	Pok_mon_Stigma_Version__Fanart_-_Box_-_Front__United_States__5f5b6c04-beea-439a-8619-1280ebc3da76.png
IMG	Pokémon Stigma Version	Nintendo Game Boy Advance	Screenshot - Gameplay		Pok_mon_Stigma_Version__Screenshot_-_Gameplay____c4f356f0-36b4-4ba1-83a9-377f5aa1b6dc.png
IMG	Pokémon Stigma Version	Nintendo Game Boy Advance	Screenshot - Gameplay		Pok_mon_Stigma_Version__Screenshot_-_Gameplay____ff6fd8f2-78f8-4ea4-bff7-c7015d168add.png
IMG	Pokémon Stigma Version	Nintendo Game Boy Advance	Screenshot - Gameplay		Pok_mon_Stigma_Version__Screenshot_-_Gameplay____12696ea6-75a3-454a-bab2-a4f79839bc21.png
IMG	Pokémon Stigma Version	Nintendo Game Boy Advance	Screenshot - Gameplay		Pok_mon_Stigma_Version__Screenshot_-_Gameplay____34115667-bedd-4cb5-bce7-9e937c20cee0.png
IMG	Pokémon: The Darkest Timeline	Nintendo Game Boy Advance	Fanart - Box - Front	United States	Pok_mon_The_Darkest_Timeline__Fanart_-_Box_-_Front__United_States__1cb41a69-bec5-479e-80d8-f3bc6389f275.jpg
IMG	Pokémon: The Darkest Timeline	Nintendo Game Boy Advance	Screenshot - Gameplay		Pok_mon_The_Darkest_Timeline__Screenshot_-_Gameplay____3788800b-115c-4745-950f-13ef667774b4.png
IMG	Pokémon Emerald: Wally Version	Nintendo Game Boy Advance	Fanart - Box - Front	North America	Pok_mon_Emerald_Wally_Version__Fanart_-_Box_-_Front__North_America__3d6c311d-5af3-4f10-ba65-04d9c0c8a785.jpg
IMG	Pokémon Emerald: Wally Version	Nintendo Game Boy Advance	Screenshot - Game Title		Pok_mon_Emerald_Wally_Version__Screenshot_-_Game_Title____59d30b62-13bf-4794-b7a2-a931e45a1d65.jpg
IMG	Pokémon Sweet Version	Nintendo Game Boy Advance	Fanart - Box - Front	United States	Pok_mon_Sweet_Version__Fanart_-_Box_-_Front__United_States__da975335-6ada-4dc1-b535-44ba9eb8b502.jpg
IMG	Pokémon Sweet Version	Nintendo Game Boy Advance	Fanart - Box - Front	North America	Pok_mon_Sweet_Version__Fanart_-_Box_-_Front__North_America__c108fcd7-f88c-49f0-8797-51aed2bc0148.jpg
IMG	Pokémon Sweet Version	Nintendo Game Boy Advance	Screenshot - Gameplay		Pok_mon_Sweet_Version__Screenshot_-_Gameplay____f9201088-a474-4b50-a501-4dff118a96f6.png
IMG	Pokémon Sweet Version	Nintendo Game Boy Advance	Screenshot - Gameplay		Pok_mon_Sweet_Version__Screenshot_-_Gameplay____03e2c2a8-a7f4-4377-b98d-c65cce0a4218.png
IMG	Pokémon Sweet Version	Nintendo Game Boy Advance	Screenshot - Gameplay		Pok_mon_Sweet_Version__Screenshot_-_Gameplay____4cdc1b14-c634-4df3-9920-d67c757f6510.png
IMG	Pokémon Sweet Version	Nintendo Game Boy Advance	Screenshot - Gameplay		Pok_mon_Sweet_Version__Screenshot_-_Gameplay____3993497d-45b0-4b7c-8985-66e228914fdb.png
IMG	Pokémon Sweet Version	Nintendo Game Boy Advance	Screenshot - Gameplay		Pok_mon_Sweet_Version__Screenshot_-_Gameplay____80ea6923-85b7-4cf0-8507-e11bdbff43b8.png
IMG	Pokémon Sweet Version	Nintendo Game Boy Advance	Screenshot - Gameplay		Pok_mon_Sweet_Version__Screenshot_-_Gameplay____886a0aa2-acae-49a7-be81-3a71fef4a3fd.png
IMG	Pokémon Sweet Version	Nintendo Game Boy Advance	Screenshot - Game Title		Pok_mon_Sweet_Version__Screenshot_-_Game_Title____94b3c6ab-d2d6-4fe9-b1b1-0c160c8767ce.png
IMG	Pokémon ThunderYellow	Nintendo Game Boy Advance	Box - Front	World	Pok_mon_ThunderYellow__Box_-_Front__World__0a97fd91-e683-4600-8bc0-e81036a04227.png
IMG	Pokémon ThunderYellow	Nintendo Game Boy Advance	Clear Logo	World	Pok_mon_ThunderYellow__Clear_Logo__World__12c8f089-4bd7-41ff-826f-b898a0e730f5.png
IMG	Pokémon ThunderYellow	Nintendo Game Boy Advance	Screenshot - Gameplay	France	Pok_mon_ThunderYellow__Screenshot_-_Gameplay__France__aca6c27c-8aed-4157-8566-1f1ef7146022.png
IMG	Pokémon ThunderYellow	Nintendo Game Boy Advance	Screenshot - Game Title	France	Pok_mon_ThunderYellow__Screenshot_-_Game_Title__France__2aa9f083-540c-4274-8f7c-3453c0610512.png
IMG	Game Boy Advance Video: Pokémon: Volume 1	Nintendo Game Boy Advance	Box - 3D	North America	Game_Boy_Advance_Video_Pok_mon_Volume_1__Box_-_3D__North_America__532fabe8-afa9-4b22-9239-1562cdf95234.png
IMG	Game Boy Advance Video: Pokémon: Volume 1	Nintendo Game Boy Advance	Box - Back	North America	Game_Boy_Advance_Video_Pok_mon_Volume_1__Box_-_Back__North_America__284fd6fe-8023-4d9d-a970-ff695b0d1280.jpg
IMG	Game Boy Advance Video: Pokémon: Volume 1	Nintendo Game Boy Advance	Box - Front	North America	Game_Boy_Advance_Video_Pok_mon_Volume_1__Box_-_Front__North_America__e71fe03a-1d79-4b06-a95a-67fb1b920391.png
IMG	Game Boy Advance Video: Pokémon: Volume 1	Nintendo Game Boy Advance	Box - Front - Reconstructed	North America	Game_Boy_Advance_Video_Pok_mon_Volume_1__Box_-_Front_-_Reconstructed__North_America__r2_5fd2e4f0-02fa-4f7b-8451-0c01a36b18fa.png
IMG	Game Boy Advance Video: Pokémon: Volume 1	Nintendo Game Boy Advance	Box - Spine	North America	Game_Boy_Advance_Video_Pok_mon_Volume_1__Box_-_Spine__North_America__afbaaed9-1a24-4dd2-b73e-c4b15d6b9580.png
IMG	Game Boy Advance Video: Pokémon: Volume 1	Nintendo Game Boy Advance	Cart - Front	North America	Game_Boy_Advance_Video_Pok_mon_Volume_1__Cart_-_Front__North_America__12de8a9d-300c-4d13-929e-c5eeedd77dc8.png
IMG	Game Boy Advance Video: Pokémon: Volume 1	Nintendo Game Boy Advance	Clear Logo		Game_Boy_Advance_Video_Pok_mon_Volume_1__Clear_Logo____2da751f5-903f-4376-87ff-ab53d0e50a9d.png
IMG	Game Boy Advance Video: Pokémon: Volume 1	Nintendo Game Boy Advance	Screenshot - Gameplay		Game_Boy_Advance_Video_Pok_mon_Volume_1__Screenshot_-_Gameplay____a1aa94e3-bc31-447b-9faa-0b4b99ef844b.png
IMG	Game Boy Advance Video: Pokémon: Volume 1	Nintendo Game Boy Advance	Screenshot - Game Select		Game_Boy_Advance_Video_Pok_mon_Volume_1__Screenshot_-_Game_Select____a0b41aad-f805-4c3a-b42f-c556068a3a84.png
IMG	Game Boy Advance Video: Pokémon: Volume 1	Nintendo Game Boy Advance	Screenshot - Game Title		Game_Boy_Advance_Video_Pok_mon_Volume_1__Screenshot_-_Game_Title____2172f763-b0f6-4168-ba2e-1d7af850b019.png
IMG	Pokémon Theta Emerald EX	Nintendo Game Boy Advance	Box - Front	North America	Pok_mon_Theta_Emerald_EX__Box_-_Front__North_America__4b584e24-ca71-4bb7-8fd1-f53bbdf8723a.png
IMG	Pokémon Theta Emerald EX	Nintendo Game Boy Advance	Fanart - Box - Front	North America	Pok_mon_Theta_Emerald_EX__Fanart_-_Box_-_Front__North_America__5f22304d-9352-44fb-8298-624541b682fa.jpg
IMG	Pokémon Theta Emerald EX	Nintendo Game Boy Advance	Fanart - Box - Front	North America	Pok_mon_Theta_Emerald_EX__Fanart_-_Box_-_Front__North_America__r2_1f86a0a4-28d8-40cc-a5b0-6867410fc2b2.png
IMG	Pokémon Theta Emerald EX	Nintendo Game Boy Advance	Screenshot - Gameplay		Pok_mon_Theta_Emerald_EX__Screenshot_-_Gameplay____435b95e9-0d3c-4af5-a4f7-5957cbf5f94b.png
IMG	Pokémon Theta Emerald EX	Nintendo Game Boy Advance	Screenshot - Gameplay		Pok_mon_Theta_Emerald_EX__Screenshot_-_Gameplay____168a9de8-515f-4619-9362-65eca63c93c4.png
IMG	Pokémon Theta Emerald EX	Nintendo Game Boy Advance	Screenshot - Gameplay		Pok_mon_Theta_Emerald_EX__Screenshot_-_Gameplay____aaea93d8-e3c7-4e62-99df-7cc00b971922.png
IMG	Pokémon Theta Emerald EX	Nintendo Game Boy Advance	Screenshot - Gameplay		Pok_mon_Theta_Emerald_EX__Screenshot_-_Gameplay____cf1718b8-8fc6-4cbd-a064-7aa28c4193c5.png
IMG	Pokémon Theta Emerald EX	Nintendo Game Boy Advance	Screenshot - Gameplay		Pok_mon_Theta_Emerald_EX__Screenshot_-_Gameplay____6754515a-1b7a-4b35-8fc5-86bd43c34123.png
IMG	Pokémon Red DX	Nintendo Game Boy	Fanart - Box - Front	North America	Pok_mon_Red_DX__Fanart_-_Box_-_Front__North_America__6cc3485e-6ba3-4bcd-8fb3-5ad25e936806.png
IMG	Pokémon Red DX	Nintendo Game Boy	Fanart - Box - Front		Pok_mon_Red_DX__Fanart_-_Box_-_Front____5adff99f-2ee7-40a6-9d70-a9cbba3203b8.jpg
IMG	Pokémon Red DX	Nintendo Game Boy	Poster	World	Pok_mon_Red_DX__Poster__World__r2_30a597a4-be87-4670-9f9d-0e16ad051132.png
IMG	Pokémon Red DX	Nintendo Game Boy	Screenshot - Gameplay	World	Pok_mon_Red_DX__Screenshot_-_Gameplay__World__r2_a5cc3fca-508d-4c2d-8c47-088cbe4e6481.png
IMG	Pokémon Red DX	Nintendo Game Boy	Screenshot - Gameplay	World	Pok_mon_Red_DX__Screenshot_-_Gameplay__World__r2_f88256d2-1a66-4168-9fb3-e44f4af5274a.png
IMG	Pokémon Red DX	Nintendo Game Boy	Screenshot - Gameplay	World	Pok_mon_Red_DX__Screenshot_-_Gameplay__World__r2_03fec7aa-25e0-4ce5-93ce-c8db466ef8a2.png
IMG	Pokémon Red DX	Nintendo Game Boy	Screenshot - Game Title	World	Pok_mon_Red_DX__Screenshot_-_Game_Title__World__r2_7f64b44f-5cdc-4a47-89a1-ff2b51a312aa.png
IMG	Pokémon White Version	Nintendo Game Boy	Clear Logo		Pok_mon_White_Version__Clear_Logo____c704cb8a-5e7e-48fe-9312-56208cb5d01d.png
IMG	Pokémon White Version	Nintendo Game Boy	Fanart - Box - Front		Pok_mon_White_Version__Fanart_-_Box_-_Front____099b5dfa-f3d8-4aec-9d34-bf55f71e6121.png
IMG	Pokémon White Version	Nintendo Game Boy	Screenshot - Game Title		Pok_mon_White_Version__Screenshot_-_Game_Title____fb785b66-54bd-4a3e-8b6e-4e070bdd610d.png
IMG	Pokémon Rocket: James Version	Nintendo Game Boy	Clear Logo		Pok_mon_Rocket_James_Version__Clear_Logo____7cfb0fbb-7954-4c62-99ac-180d14874780.png
IMG	Pokémon Rocket: James Version	Nintendo Game Boy	Screenshot - Game Title		Pok_mon_Rocket_James_Version__Screenshot_-_Game_Title____52a37b28-cc61-4be5-979a-6b2225e58d13.png
IMG	Pokémon Red Upgrade	Nintendo Game Boy	Clear Logo		Pok_mon_Red_Upgrade__Clear_Logo____6dad99b4-445f-4a72-bfb9-026ee09337c6.png
IMG	Pokémon Red Upgrade	Nintendo Game Boy	Fanart - Box - Front		Pok_mon_Red_Upgrade__Fanart_-_Box_-_Front____59892c43-d325-4280-b3d7-050fd23e2919.png
IMG	Pokémon Red Upgrade	Nintendo Game Boy	Screenshot - Game Title		Pok_mon_Red_Upgrade__Screenshot_-_Game_Title____a8efce0c-50fd-45c4-bf36-faf63d844e25.png
IMG	Pokémon Neo: Rocket Edition	Nintendo Game Boy	Clear Logo		Pok_mon_Neo_Rocket_Edition__Clear_Logo____01185e79-4b5a-4686-a06c-39f4ed715e9f.png
IMG	Pokémon Neo: Rocket Edition	Nintendo Game Boy	Fanart - Box - Front		Pok_mon_Neo_Rocket_Edition__Fanart_-_Box_-_Front____9b5ee8a4-3ddd-461b-9121-029352cdf3b4.png
IMG	Pokémon Neo: Rocket Edition	Nintendo Game Boy	Screenshot - Game Title		Pok_mon_Neo_Rocket_Edition__Screenshot_-_Game_Title____f7489f7e-8aec-4ace-b8db-2e64e076799e.png
IMG	Pokémon Meowth	Nintendo Game Boy	Clear Logo		Pok_mon_Meowth__Clear_Logo____ce61e2ec-f392-4611-94c4-a92e020e2e5e.png
IMG	Pokémon Meowth	Nintendo Game Boy	Fanart - Box - Front		Pok_mon_Meowth__Fanart_-_Box_-_Front____8e48fa1a-4bb6-4dcf-94fd-34b6882b6d90.png
IMG	Pokémon Meowth	Nintendo Game Boy	Screenshot - Game Title		Pok_mon_Meowth__Screenshot_-_Game_Title____c8e92703-7f16-4393-899e-1e71bccb7feb.png
IMG	Pokémon Grey	Nintendo Game Boy	Clear Logo		Pok_mon_Grey__Clear_Logo____0fdb260f-518b-4c4f-b909-4aad463cfd52.png
IMG	Pokémon Grey	Nintendo Game Boy	Fanart - Box - Front		Pok_mon_Grey__Fanart_-_Box_-_Front____96b5f7b1-5668-4f37-ab2b-8a788d0cbb5f.png
IMG	Pokémon Grey	Nintendo Game Boy	Screenshot - Game Title		Pok_mon_Grey__Screenshot_-_Game_Title____8d757c16-95cd-49bf-a9cb-6c7a4fbaaee5.png
IMG	Pokémon Breeders Edition	Nintendo Game Boy	Clear Logo		Pok_mon_Breeders_Edition__Clear_Logo____54293f2b-388d-466a-a545-5eb335e67909.png
IMG	Pokémon Breeders Edition	Nintendo Game Boy	Fanart - Box - Front		Pok_mon_Breeders_Edition__Fanart_-_Box_-_Front____b0ee9c7e-5ee0-41be-93fe-0076ced8bdc6.png
IMG	Pokémon Breeders Edition	Nintendo Game Boy	Screenshot - Game Title		Pok_mon_Breeders_Edition__Screenshot_-_Game_Title____6a954a1d-d1b0-42f2-9b0c-998cb1f68494.png
IMG	Pokémon Blue Upgrade	Nintendo Game Boy	Clear Logo		Pok_mon_Blue_Upgrade__Clear_Logo____d5a23a99-c29d-40ce-8a5d-cb188eb37131.png
IMG	Pokémon Blue Upgrade	Nintendo Game Boy	Fanart - Box - Front		Pok_mon_Blue_Upgrade__Fanart_-_Box_-_Front____c16cd70b-7817-4e84-a0e0-24141fca2602.jpg
IMG	Pokémon Blue Upgrade	Nintendo Game Boy	Screenshot - Game Title		Pok_mon_Blue_Upgrade__Screenshot_-_Game_Title____312f29a6-d1fc-42a0-b680-1711b00d7e41.png
IMG	Pokémon Blue Edition: Enhanced	Nintendo Game Boy	Clear Logo		Pok_mon_Blue_Edition_Enhanced__Clear_Logo____25390889-566e-4164-bf70-59e4f59b5120.png
IMG	Pokémon Blue Edition: Enhanced	Nintendo Game Boy	Fanart - Box - Front		Pok_mon_Blue_Edition_Enhanced__Fanart_-_Box_-_Front____9db8e948-eee3-4a6d-beae-47a995aee6e6.png
IMG	Pokémon Blue Edition: Enhanced	Nintendo Game Boy	Screenshot - Game Title		Pok_mon_Blue_Edition_Enhanced__Screenshot_-_Game_Title____562a0071-ae98-48a0-988f-d796c0b1a4a9.png
IMG	Pokémon Blue Before Elite	Nintendo Game Boy	Clear Logo		Pok_mon_Blue_Before_Elite__Clear_Logo____319730e5-5bf4-4cc7-8228-4b60b2ee791d.png
IMG	Pokémon Blue Before Elite	Nintendo Game Boy	Fanart - Box - Front		Pok_mon_Blue_Before_Elite__Fanart_-_Box_-_Front____30fc25c5-e381-4860-a079-80aa9878424a.png
IMG	Pokémon Blue Before Elite	Nintendo Game Boy	Screenshot - Game Title		Pok_mon_Blue_Before_Elite__Screenshot_-_Game_Title____d19fee69-cf44-4bc4-9205-32e90af1bc71.png
IMG	Pokémon: Oak's Dream	Nintendo Game Boy	Clear Logo		Pok_mon_Oak_s_Dream__Clear_Logo____17063959-ab51-48b0-b7cb-2e6599eebb2e.png
IMG	Pokémon: Oak's Dream	Nintendo Game Boy	Fanart - Box - Front		Pok_mon_Oak_s_Dream__Fanart_-_Box_-_Front____8b15a088-b4d3-47d7-9c3a-2ffc92177a8a.png
IMG	Pokémon: Oak's Dream	Nintendo Game Boy	Screenshot - Game Title		Pok_mon_Oak_s_Dream__Screenshot_-_Game_Title____e811d940-60c6-481f-9f6a-18f8e9889d46.png
IMG	Pokémon: Meowth's Adventure	Nintendo Game Boy	Clear Logo		Pok_mon_Meowth_s_Adventure__Clear_Logo____a6e97322-d898-46bb-b97a-7eeb30d82a0c.png
IMG	Pokémon: Meowth's Adventure	Nintendo Game Boy	Fanart - Box - Front		Pok_mon_Meowth_s_Adventure__Fanart_-_Box_-_Front____eeec9e4d-a96b-4e08-a506-43ac3a219034.png
IMG	Pokémon: Meowth's Adventure	Nintendo Game Boy	Screenshot - Game Title		Pok_mon_Meowth_s_Adventure__Screenshot_-_Game_Title____47b15aa5-6c07-4edc-bd6e-1ebdb9921881.png
IMG	Pokémon Ash Journey	Nintendo Game Boy Advance	Box - Front	World	Pok_mon_Ash_Journey__Box_-_Front__World__1c93f763-ce18-45d3-a377-02279ee7fb8d.png
IMG	Pokémon Ash Journey	Nintendo Game Boy Advance	Clear Logo		Pok_mon_Ash_Journey__Clear_Logo____9fb2bb1e-9cf1-4d86-a4ca-782466f2d087.png
IMG	Pokémon Ash Journey	Nintendo Game Boy Advance	Clear Logo		Pok_mon_Ash_Journey__Clear_Logo____f54176e4-046d-41ae-8cd6-18a68950bad3.png
IMG	Pokémon Ash Journey	Nintendo Game Boy Advance	Fanart - Box - Front		Pok_mon_Ash_Journey__Fanart_-_Box_-_Front____558b460e-20ae-4a13-8849-30015aa2ea66.png
IMG	Pokémon Ash Journey	Nintendo Game Boy Advance	Fanart - Box - Front		Pok_mon_Ash_Journey__Fanart_-_Box_-_Front____b10f0507-fea4-4ba2-9483-578090a67bae.png
IMG	Pokémon Ash Journey	Nintendo Game Boy Advance	Screenshot - Game Title		Pok_mon_Ash_Journey__Screenshot_-_Game_Title____f9a5da11-23ab-4496-8562-001d980f0415.png
IMG	Pokémon Ash Journey	Nintendo Game Boy Advance	Screenshot - Game Title		Pok_mon_Ash_Journey__Screenshot_-_Game_Title____b9ebee56-7573-4ada-87eb-da5c7626e815.png
IMG	Pocket Monsters Go! Go!	Nintendo Game Boy Color	Box - Front	World	Pocket_Monsters_Go_Go___Box_-_Front__World__989d7466-24e9-479a-8170-1abdf210c88a.jpg
IMG	Pocket Monsters Go! Go!	Nintendo Game Boy Color	Cart - Front		Pocket_Monsters_Go_Go___Cart_-_Front____de6bfaf0-4d37-4782-af15-c6e3c274f5ca.jpg
IMG	Pocket Monsters Go! Go!	Nintendo Game Boy Color	Cart - Front		Pocket_Monsters_Go_Go___Cart_-_Front____fd02bf3c-2329-4a3a-9dcc-8ec76ed66fea.jpg
IMG	Pocket Monsters Go! Go!	Nintendo Game Boy Color	Fanart - Cart - Front	North America	Pocket_Monsters_Go_Go___Fanart_-_Cart_-_Front__North_America__e9c93000-8c82-4a04-b1c7-42e8604a214b.png
IMG	Pocket Monsters Go! Go!	Nintendo Game Boy Color	Screenshot - Gameplay		Pocket_Monsters_Go_Go___Screenshot_-_Gameplay____9a15c81e-0a24-407b-acc6-8dc8b22bc4f9.png
IMG	Pocket Monsters Go! Go!	Nintendo Game Boy Color	Screenshot - Game Title		Pocket_Monsters_Go_Go___Screenshot_-_Game_Title____c281e658-cf5b-4ea1-9601-fea3a6eaa93b.png
IMG	Pokémon Adventure	Nintendo Game Boy Color	Box - Front	North America	Pok_mon_Adventure__Box_-_Front__North_America__d934737a-8e1a-40ac-a691-9ec6b8ae8a04.jpg
IMG	Pokémon Adventure	Nintendo Game Boy Color	Box - Front	North America	Pok_mon_Adventure__Box_-_Front__North_America__f038c0b0-ed41-4303-ab96-290a19371c43.jpg
IMG	Pokémon Adventure	Nintendo Game Boy Color	Fanart - Cart - Front		Pok_mon_Adventure__Fanart_-_Cart_-_Front____cf4cf92b-0133-47c0-8c52-e4acada29e7a.png
IMG	Pokémon Adventure	Nintendo Game Boy Color	Screenshot - Game Over		Pok_mon_Adventure__Screenshot_-_Game_Over____e6ca1c83-b497-4f92-8694-9ced0d4eb3a7.jpg
IMG	Pokémon Adventure	Nintendo Game Boy Color	Screenshot - Gameplay		Pok_mon_Adventure__Screenshot_-_Gameplay____2cad3100-0ed7-4d0a-9ca0-45ca278e9e17.jpg
IMG	Pokémon Adventure	Nintendo Game Boy Color	Screenshot - Game Title		Pok_mon_Adventure__Screenshot_-_Game_Title____d1ee9b30-d287-4461-9f6a-9bff71b214e4.jpg
IMG	Pokémon FireRed Rocket Edition	Nintendo Game Boy Advance	Box - Front	World	Pok_mon_FireRed_Rocket_Edition__Box_-_Front__World__6f4b8380-72e6-47b6-a282-b2869fc36c23.png
IMG	Pokémon FireRed Rocket Edition	Nintendo Game Boy Advance	Box - Front	World	Pok_mon_FireRed_Rocket_Edition__Box_-_Front__World__ea331420-992a-4c83-b3a9-69790847df52.jpg
IMG	Pokémon FireRed Rocket Edition	Nintendo Game Boy Advance	Box - Front	World	Pok_mon_FireRed_Rocket_Edition__Box_-_Front__World__909d3983-517c-4451-a239-8fc37d6d966c.jpg
IMG	Pokémon FireRed Rocket Edition	Nintendo Game Boy Advance	Box - Front - Reconstructed	North America	Pok_mon_FireRed_Rocket_Edition__Box_-_Front_-_Reconstructed__North_America__daace6d1-9d99-4172-a3f1-0daacae56a9e.png
IMG	Pokémon FireRed Rocket Edition	Nintendo Game Boy Advance	Cart - Front	World	Pok_mon_FireRed_Rocket_Edition__Cart_-_Front__World__r2_5f54d8b8-d8bb-45ab-ba09-1abf878f20aa.png
IMG	Pokémon FireRed Rocket Edition	Nintendo Game Boy Advance	Clear Logo	World	Pok_mon_FireRed_Rocket_Edition__Clear_Logo__World__e23e5500-c98e-4caa-b7ce-410b4246b68d.png
IMG	Pokémon FireRed Rocket Edition	Nintendo Game Boy Advance	Fanart - Background	World	Pok_mon_FireRed_Rocket_Edition__Fanart_-_Background__World__r2_c7577359-89ad-4892-82b8-d86b4f399ccc.jpg
IMG	Pokémon FireRed Rocket Edition	Nintendo Game Boy Advance	Screenshot - Gameplay	World	Pok_mon_FireRed_Rocket_Edition__Screenshot_-_Gameplay__World__05b2d680-6efc-48b7-bc3a-791d15070bc9.png
IMG	Pokémon FireRed Rocket Edition	Nintendo Game Boy Advance	Screenshot - Game Title	World	Pok_mon_FireRed_Rocket_Edition__Screenshot_-_Game_Title__World__2be0696f-c101-4f6a-a6f5-6c32a8286554.png
IMG	Pokémon Yellow Chaos	Nintendo Game Boy Color	Box - Front	North America	Pok_mon_Yellow_Chaos__Box_-_Front__North_America__5890c32b-9165-4eba-97b7-0afd488c73d1.png
IMG	Pokémon Yellow Chaos	Nintendo Game Boy Color	Screenshot - Gameplay	World	Pok_mon_Yellow_Chaos__Screenshot_-_Gameplay__World__a092dd27-17cb-4266-b7d4-817c327819e0.png
IMG	Pokémon Chaos 2	Nintendo Game Boy Advance	Box - Front	World	Pok_mon_Chaos_2__Box_-_Front__World__3930e66a-fa07-4b4c-9be4-c37c35f6e470.png
IMG	Pokémon GS Chronicles	Nintendo Game Boy Advance	Box - 3D		Pok_mon_GS_Chronicles__Box_-_3D____ccb3ebfc-e7d8-4b05-844b-56cfb016de29.png
IMG	Pokémon GS Chronicles	Nintendo Game Boy Advance	Box - Front	World	Pok_mon_GS_Chronicles__Box_-_Front__World__047f2acf-caa6-41e6-9f91-7194f9a9bdf3.jpg
IMG	Pokémon GS Chronicles	Nintendo Game Boy Advance	Clear Logo	North America	Pok_mon_GS_Chronicles__Clear_Logo__North_America__f30cf031-2a07-463b-a1c7-819ba516b485.png
IMG	Pokémon GS Chronicles	Nintendo Game Boy Advance	Fanart - Background	North America	Pok_mon_GS_Chronicles__Fanart_-_Background__North_America__78b2ffe4-42e3-4787-bae2-7381496c1e18.jpg
IMG	Pokémon GS Chronicles	Nintendo Game Boy Advance	Fanart - Background	World	Pok_mon_GS_Chronicles__Fanart_-_Background__World__5bef04a4-c1ba-48ca-ba3e-6b07afd9931a.jpg
IMG	Pokémon GS Chronicles	Nintendo Game Boy Advance	Fanart - Background	North America	Pok_mon_GS_Chronicles__Fanart_-_Background__North_America__f05939bc-599b-4b94-abee-a7c2cdbfc70c.jpg
IMG	Pokémon GS Chronicles	Nintendo Game Boy Advance	Fanart - Background	World	Pok_mon_GS_Chronicles__Fanart_-_Background__World__980f0d63-ce6d-4f84-bf7e-5c99280f2679.jpg
IMG	Pokémon GS Chronicles	Nintendo Game Boy Advance	Fanart - Background	World	Pok_mon_GS_Chronicles__Fanart_-_Background__World__827d329b-2915-4fb0-949c-6263c80ac033.png
IMG	Pokémon GS Chronicles	Nintendo Game Boy Advance	Fanart - Background	World	Pok_mon_GS_Chronicles__Fanart_-_Background__World__fe283eb3-d723-4b55-a0aa-267d1f2d4590.png
IMG	Pokémon GS Chronicles	Nintendo Game Boy Advance	Screenshot - Gameplay	North America	Pok_mon_GS_Chronicles__Screenshot_-_Gameplay__North_America__e848b977-89d0-42fb-9abf-05a6c11c6c74.png
IMG	Pokémon GS Chronicles	Nintendo Game Boy Advance	Screenshot - Gameplay	North America	Pok_mon_GS_Chronicles__Screenshot_-_Gameplay__North_America__b07a31a0-d46e-48a9-996b-97795b752fc8.png
IMG	Pokémon GS Chronicles	Nintendo Game Boy Advance	Screenshot - Gameplay	North America	Pok_mon_GS_Chronicles__Screenshot_-_Gameplay__North_America__6fcd83ec-1a9c-48b3-8d10-d7013ab0ab53.png
IMG	Pokémon GS Chronicles	Nintendo Game Boy Advance	Screenshot - Gameplay	North America	Pok_mon_GS_Chronicles__Screenshot_-_Gameplay__North_America__c45b5fc9-ad07-4a06-ac44-89f2c8966d4e.png
IMG	Pokémon GS Chronicles	Nintendo Game Boy Advance	Screenshot - Gameplay	North America	Pok_mon_GS_Chronicles__Screenshot_-_Gameplay__North_America__8b04e479-1914-4394-80f4-bae8fcb74f5b.png
IMG	Pokémon GS Chronicles	Nintendo Game Boy Advance	Screenshot - Gameplay	North America	Pok_mon_GS_Chronicles__Screenshot_-_Gameplay__North_America__a505c5ae-5d60-49e1-8faa-bb596fa529a6.png
IMG	Pokémon GS Chronicles	Nintendo Game Boy Advance	Screenshot - Gameplay	North America	Pok_mon_GS_Chronicles__Screenshot_-_Gameplay__North_America__78ea3146-ab74-49a8-9094-b2dcde5a594e.png
IMG	Pokémon GS Chronicles	Nintendo Game Boy Advance	Screenshot - Gameplay	North America	Pok_mon_GS_Chronicles__Screenshot_-_Gameplay__North_America__0ccd14b3-ea2b-4f2f-a43b-044d891fb5b5.png
IMG	Pokémon GS Chronicles	Nintendo Game Boy Advance	Screenshot - Gameplay	North America	Pok_mon_GS_Chronicles__Screenshot_-_Gameplay__North_America__29ef48b0-893e-48f8-95e9-12c6c9fc9ccd.png
IMG	Pokémon GS Chronicles	Nintendo Game Boy Advance	Screenshot - Gameplay	North America	Pok_mon_GS_Chronicles__Screenshot_-_Gameplay__North_America__36278921-ba03-4cab-8c28-fbdd4462e127.png
IMG	Pokémon GS Chronicles	Nintendo Game Boy Advance	Screenshot - Gameplay	North America	Pok_mon_GS_Chronicles__Screenshot_-_Gameplay__North_America__23b6f9c2-3d1e-4fc1-8246-27f841e1aba3.png
IMG	Pokémon GS Chronicles	Nintendo Game Boy Advance	Screenshot - Game Title	North America	Pok_mon_GS_Chronicles__Screenshot_-_Game_Title__North_America__aac84fdf-7518-43a2-ba94-fb86b68eb885.png
IMG	Pokémon Radical Red	Nintendo Game Boy Advance	Banner		Pok_mon_Radical_Red__Banner____522b7988-51a4-48b0-8d8b-9534b9876591.png
IMG	Pokémon Radical Red	Nintendo Game Boy Advance	Box - 3D	World	Pok_mon_Radical_Red__Box_-_3D__World__5609495a-9a50-4355-8a84-fe9171103d60.png
IMG	Pokémon Radical Red	Nintendo Game Boy Advance	Box - Front	World	Pok_mon_Radical_Red__Box_-_Front__World__60e6ad43-8df1-4dc7-bd25-9fc544461ca5.jpg
IMG	Pokémon Radical Red	Nintendo Game Boy Advance	Box - Front	World	Pok_mon_Radical_Red__Box_-_Front__World__cce81440-53f2-439b-a826-73692ebab48d.png
IMG	Pokémon Radical Red	Nintendo Game Boy Advance	Cart - 3D	World	Pok_mon_Radical_Red__Cart_-_3D__World__7792ad58-5880-46b1-a63e-e269165fb38d.png
IMG	Pokémon Radical Red	Nintendo Game Boy Advance	Cart - Front	World	Pok_mon_Radical_Red__Cart_-_Front__World__r2_7a73e204-3bd5-46a6-8763-c7e322ea9716.png
IMG	Pokémon Radical Red	Nintendo Game Boy Advance	Clear Logo	World	Pok_mon_Radical_Red__Clear_Logo__World__7bb53b92-cd4f-4e5e-aa66-fcd6a0f86653.png
IMG	Pokémon Radical Red	Nintendo Game Boy Advance	Fanart - Box - Front	North America	Pok_mon_Radical_Red__Fanart_-_Box_-_Front__North_America__d00924e3-bad7-4d24-a390-497e7080dade.jpg
IMG	Pokémon Radical Red	Nintendo Game Boy Advance	Screenshot - Gameplay	World	Pok_mon_Radical_Red__Screenshot_-_Gameplay__World__37b4da40-d999-4d3f-bdf4-49421ad3c372.png
IMG	Pokémon Radical Red	Nintendo Game Boy Advance	Screenshot - Gameplay	World	Pok_mon_Radical_Red__Screenshot_-_Gameplay__World__78b5593d-1997-491a-8817-efc376fbb549.png
IMG	Pokémon Radical Red	Nintendo Game Boy Advance	Screenshot - Gameplay	World	Pok_mon_Radical_Red__Screenshot_-_Gameplay__World__23349325-389b-422f-9d27-541f075b4a9c.png
IMG	Pokémon Radical Red	Nintendo Game Boy Advance	Screenshot - Gameplay	World	Pok_mon_Radical_Red__Screenshot_-_Gameplay__World__f599c886-411b-4d9f-b7f3-7bd62a22e979.png
IMG	Pokémon Radical Red	Nintendo Game Boy Advance	Screenshot - Gameplay	World	Pok_mon_Radical_Red__Screenshot_-_Gameplay__World__f2e75732-f2c9-4dbb-8317-418f87f0016b.png
IMG	Pokémon Radical Red	Nintendo Game Boy Advance	Screenshot - Gameplay	World	Pok_mon_Radical_Red__Screenshot_-_Gameplay__World__e8988e8d-a198-44c7-a509-bd5ec6803046.png
IMG	Pokémon Radical Red	Nintendo Game Boy Advance	Screenshot - Gameplay	World	Pok_mon_Radical_Red__Screenshot_-_Gameplay__World__9dd46415-d640-4278-9e35-674905ea19e9.png
IMG	Pokémon Radical Red	Nintendo Game Boy Advance	Screenshot - Gameplay	World	Pok_mon_Radical_Red__Screenshot_-_Gameplay__World__8481a925-2fd9-454b-b162-7762f9ca953a.png
IMG	Pokémon Radical Red	Nintendo Game Boy Advance	Screenshot - Gameplay	World	Pok_mon_Radical_Red__Screenshot_-_Gameplay__World__5c4add1c-1694-4214-a222-80fad7def219.png
IMG	Pokémon Radical Red	Nintendo Game Boy Advance	Screenshot - Game Title	World	Pok_mon_Radical_Red__Screenshot_-_Game_Title__World__3a3686b2-9b4c-4440-9442-0bc5b46acb0c.png
IMG	Pokémon Theta Emerald Renev	Nintendo Game Boy Advance	Box - Front	North America	Pok_mon_Theta_Emerald_Renev__Box_-_Front__North_America__e34e80fc-6b97-41ed-a101-17bcf3bf35d8.png
IMG	Pokémon Theta Emerald Renev	Nintendo Game Boy Advance	Clear Logo	World	Pok_mon_Theta_Emerald_Renev__Clear_Logo__World__e0320d60-6f67-4c38-9843-24786d3f81fc.png
IMG	Pokémon Theta Emerald Renev	Nintendo Game Boy Advance	Fanart - Background		Pok_mon_Theta_Emerald_Renev__Fanart_-_Background____8470638e-e385-4fd2-b1fb-6f906c2c9c2e.jpg
IMG	Pokémon Theta Emerald Renev	Nintendo Game Boy Advance	Fanart - Background		Pok_mon_Theta_Emerald_Renev__Fanart_-_Background____0adf342a-8b21-482c-b6d9-94d79ec28ced.jpg
IMG	Pokémon Theta Emerald Renev	Nintendo Game Boy Advance	Fanart - Background		Pok_mon_Theta_Emerald_Renev__Fanart_-_Background____bb38ea02-4377-49c4-abb9-f75a9b155c9c.jpg
IMG	Pokémon Theta Emerald Renev	Nintendo Game Boy Advance	Fanart - Background		Pok_mon_Theta_Emerald_Renev__Fanart_-_Background____351ac20b-4e11-45f1-9389-765f027e0f83.jpg
IMG	Pokémon Theta Emerald Renev	Nintendo Game Boy Advance	Fanart - Background		Pok_mon_Theta_Emerald_Renev__Fanart_-_Background____5956fa09-70ca-4a9e-affa-1cd69deda76e.jpg
IMG	Pokémon Theta Emerald Renev	Nintendo Game Boy Advance	Fanart - Background		Pok_mon_Theta_Emerald_Renev__Fanart_-_Background____ea04a498-3b27-4009-96d5-1f92891bae43.jpg
IMG	Pokémon Theta Emerald Renev	Nintendo Game Boy Advance	Screenshot - Gameplay	North America	Pok_mon_Theta_Emerald_Renev__Screenshot_-_Gameplay__North_America__6110e62b-bbaa-4060-b006-f5971a2b4c01.png
IMG	Pokémon Theta Emerald Renev	Nintendo Game Boy Advance	Screenshot - Gameplay	North America	Pok_mon_Theta_Emerald_Renev__Screenshot_-_Gameplay__North_America__d1e4d5d5-febf-4d29-8f6c-14640a6d92da.png
IMG	Pokémon Theta Emerald Renev	Nintendo Game Boy Advance	Screenshot - Gameplay	North America	Pok_mon_Theta_Emerald_Renev__Screenshot_-_Gameplay__North_America__a4b40b51-d343-4d4d-8f82-a9f2c1b9b5d4.png
IMG	Pokémon Theta Emerald Renev	Nintendo Game Boy Advance	Screenshot - Gameplay	North America	Pok_mon_Theta_Emerald_Renev__Screenshot_-_Gameplay__North_America__9c862b41-8534-44fa-81f9-bd9673eeee00.png
IMG	Pokémon Theta Emerald Renev	Nintendo Game Boy Advance	Screenshot - Gameplay	North America	Pok_mon_Theta_Emerald_Renev__Screenshot_-_Gameplay__North_America__79fe47a7-d3e3-4a02-aa30-06f6fa850446.png
IMG	Pokémon Theta Emerald Renev	Nintendo Game Boy Advance	Screenshot - Gameplay	North America	Pok_mon_Theta_Emerald_Renev__Screenshot_-_Gameplay__North_America__6345cb0e-488f-493f-aa69-df3927fec7e9.png
IMG	Pokémon Theta Emerald Renev	Nintendo Game Boy Advance	Screenshot - Gameplay	North America	Pok_mon_Theta_Emerald_Renev__Screenshot_-_Gameplay__North_America__7e47d4fa-7850-477d-a9ff-e4bdf5f31b75.png
IMG	Pokémon Theta Emerald Renev	Nintendo Game Boy Advance	Screenshot - Game Title	North America	Pok_mon_Theta_Emerald_Renev__Screenshot_-_Game_Title__North_America__9f4730e4-5687-47d0-856a-f17ef7f10b4d.png
IMG	Pokémon Theta Emerald Renev	Nintendo Game Boy Advance	Screenshot - Game Title	North America	Pok_mon_Theta_Emerald_Renev__Screenshot_-_Game_Title__North_America__c2a68888-b0a1-4953-85a9-63f88b7575ce.png
IMG	Game Boy Advance Video: Pokémon: Volume 4	Nintendo Game Boy Advance	Box - 3D	North America	Game_Boy_Advance_Video_Pok_mon_Volume_4__Box_-_3D__North_America__3911ca02-cc66-426f-89f7-c21fee453d3b.png
IMG	Game Boy Advance Video: Pokémon: Volume 4	Nintendo Game Boy Advance	Box - Back	North America	Game_Boy_Advance_Video_Pok_mon_Volume_4__Box_-_Back__North_America__a275b27a-9d4e-4846-805c-f48b38d9ef92.jpg
IMG	Game Boy Advance Video: Pokémon: Volume 4	Nintendo Game Boy Advance	Box - Front	North America	Game_Boy_Advance_Video_Pok_mon_Volume_4__Box_-_Front__North_America__f8ac6335-aeda-4a6b-8eff-2735be2354df.png
IMG	Game Boy Advance Video: Pokémon: Volume 4	Nintendo Game Boy Advance	Box - Front - Reconstructed	North America	Game_Boy_Advance_Video_Pok_mon_Volume_4__Box_-_Front_-_Reconstructed__North_America__r2_e4396828-fa1b-497b-8b55-2964118d3181.png
IMG	Game Boy Advance Video: Pokémon: Volume 4	Nintendo Game Boy Advance	Box - Spine	North America	Game_Boy_Advance_Video_Pok_mon_Volume_4__Box_-_Spine__North_America__61b55900-9c41-4591-8f05-c22a911f7876.png
IMG	Game Boy Advance Video: Pokémon: Volume 4	Nintendo Game Boy Advance	Cart - Front	North America	Game_Boy_Advance_Video_Pok_mon_Volume_4__Cart_-_Front__North_America__0a7f2a8b-69b5-490b-bcd9-632f8b637bb8.png
IMG	Game Boy Advance Video: Pokémon: Volume 4	Nintendo Game Boy Advance	Clear Logo		Game_Boy_Advance_Video_Pok_mon_Volume_4__Clear_Logo____9769bf94-a2a4-4428-b947-346fdc5df1a1.png
IMG	Game Boy Advance Video: Pokémon: Volume 4	Nintendo Game Boy Advance	Fanart - Background	World	Game_Boy_Advance_Video_Pok_mon_Volume_4__Fanart_-_Background__World__r2_5dc4693d-d92a-4365-8a98-fac50543c6da.png
IMG	Game Boy Advance Video: Pokémon: Volume 4	Nintendo Game Boy Advance	Screenshot - Gameplay		Game_Boy_Advance_Video_Pok_mon_Volume_4__Screenshot_-_Gameplay____c07c4b6c-139e-4ad5-ab10-570c6e01a994.png
IMG	Game Boy Advance Video: Pokémon: Volume 4	Nintendo Game Boy Advance	Screenshot - Game Select		Game_Boy_Advance_Video_Pok_mon_Volume_4__Screenshot_-_Game_Select____d9205550-f88b-402e-aea8-7630c86b0586.png
IMG	Game Boy Advance Video: Pokémon: Volume 4	Nintendo Game Boy Advance	Screenshot - Game Title		Game_Boy_Advance_Video_Pok_mon_Volume_4__Screenshot_-_Game_Title____8dae6081-74af-4691-ae5e-7ca609e0d6d4.png
IMG	Pokémon: Altered Emerald	Nintendo Game Boy Advance	Box - Front	North America	Pok_mon_Altered_Emerald__Box_-_Front__North_America__1b097907-378a-45c1-ab6b-931ef5dc5457.jpg
IMG	Pokémon Fire Red Omega	Nintendo Game Boy Advance	Box - Front	North America	Pok_mon_Fire_Red_Omega__Box_-_Front__North_America__f3942aed-93a6-4051-b777-081cb0f6ec68.jpg
IMG	Pokémon Picross	Nintendo Game Boy Color	Box - 3D	North America	Pok_mon_Picross__Box_-_3D__North_America__r2_365c989b-3a97-4196-9508-371757f85ea2.png
IMG	Pokémon Picross	Nintendo Game Boy Color	Clear Logo		Pok_mon_Picross__Clear_Logo____0ae31998-fa20-4a2f-8e4c-1bb326cf87ef.png
IMG	Pokémon Picross	Nintendo Game Boy Color	Fanart - Box - Front	North America	Pok_mon_Picross__Fanart_-_Box_-_Front__North_America__4eda9b44-8d8e-4137-98e7-c96d395215bd.jpg
IMG	Pokémon Picross	Nintendo Game Boy Color	Fanart - Box - Front	World	Pok_mon_Picross__Fanart_-_Box_-_Front__World__c7ccd2a3-71cb-4a34-aab3-41e5212da3ce.png
IMG	Pokémon Picross	Nintendo Game Boy Color	Fanart - Box - Front	North America	Pok_mon_Picross__Fanart_-_Box_-_Front__North_America__2a519935-6d53-46a2-ab2e-90c962c8514a.png
IMG	Pokémon Picross	Nintendo Game Boy Color	Fanart - Cart - Front		Pok_mon_Picross__Fanart_-_Cart_-_Front____205b9ee5-d44d-48f2-a737-a5b55ef9e4e5.png
IMG	Pokémon Picross	Nintendo Game Boy Color	Screenshot - Gameplay		Pok_mon_Picross__Screenshot_-_Gameplay____628e1b2d-5a29-44cb-9bc9-55bb93b5bd29.png
IMG	Pokémon Picross	Nintendo Game Boy Color	Screenshot - Gameplay		Pok_mon_Picross__Screenshot_-_Gameplay____7a78a849-01b2-4127-94df-07658629cc74.png
IMG	Pokémon Picross	Nintendo Game Boy Color	Screenshot - Gameplay		Pok_mon_Picross__Screenshot_-_Gameplay____a5511baa-2130-4860-b18e-9ead7a31f399.png
IMG	Pokémon Picross	Nintendo Game Boy Color	Screenshot - Game Title	Japan	Pok_mon_Picross__Screenshot_-_Game_Title__Japan__0bf77b58-3350-466c-b919-46f033ca0f84.png
IMG	Pokémon Blue Version Full Color Hack	Nintendo Game Boy Color	Banner	Spain	Pok_mon_Blue_Version_Full_Color_Hack__Banner__Spain__a115ec38-e8c2-4bcd-b354-ee0eef6150bf.png
IMG	Pokémon Blue Version Full Color Hack	Nintendo Game Boy Color	Box - Back	Spain	Pok_mon_Blue_Version_Full_Color_Hack__Box_-_Back__Spain__375808b3-ec36-4f02-bdd4-968370b16fc5.png
IMG	Pokémon Blue Version Full Color Hack	Nintendo Game Boy Color	Box - Front	North America	Pok_mon_Blue_Version_Full_Color_Hack__Box_-_Front__North_America__d200779c-d4f8-4085-9e2a-c216c76bdf8e.png
IMG	Pokémon Blue Version Full Color Hack	Nintendo Game Boy Color	Cart - Front	North America	Pok_mon_Blue_Version_Full_Color_Hack__Cart_-_Front__North_America__e40a432d-d36e-43e9-9688-ae7cbb8c682f.png
IMG	Pokémon Blue Version Full Color Hack	Nintendo Game Boy Color	Cart - Front	Europe	Pok_mon_Blue_Version_Full_Color_Hack__Cart_-_Front__Europe__b87d2cf7-d154-4322-b592-515574b43f6d.png
IMG	Pokémon Blue Version Full Color Hack	Nintendo Game Boy Color	Clear Logo	World	Pok_mon_Blue_Version_Full_Color_Hack__Clear_Logo__World__15e2546a-7440-42f9-a6bf-73ad553632ed.png
IMG	Pokémon Blue Version Full Color Hack	Nintendo Game Boy Color	Clear Logo	World	Pok_mon_Blue_Version_Full_Color_Hack__Clear_Logo__World__095e0b50-cd46-4280-a57a-2ddf7ef88fd3.png
IMG	Pokémon Blue Version Full Color Hack	Nintendo Game Boy Color	Fanart - Background		Pok_mon_Blue_Version_Full_Color_Hack__Fanart_-_Background____96139a2e-30f9-4bcd-a6e6-311fee65a342.jpg
IMG	Pokémon Blue Version Full Color Hack	Nintendo Game Boy Color	Fanart - Background		Pok_mon_Blue_Version_Full_Color_Hack__Fanart_-_Background____e2371a9c-ad1b-4a08-9ef5-1a6526772f31.jpg
IMG	Pokémon Blue Version Full Color Hack	Nintendo Game Boy Color	Fanart - Box - Front	North America	Pok_mon_Blue_Version_Full_Color_Hack__Fanart_-_Box_-_Front__North_America__9145b34b-f05c-4184-bee7-cbf599c77310.png
IMG	Pokémon Blue Version Full Color Hack	Nintendo Game Boy Color	Fanart - Box - Front		Pok_mon_Blue_Version_Full_Color_Hack__Fanart_-_Box_-_Front____73de6efb-53d9-4bf4-b7cf-f6d358205341.png
IMG	Pokémon Blue Version Full Color Hack	Nintendo Game Boy Color	Screenshot - Gameplay		Pok_mon_Blue_Version_Full_Color_Hack__Screenshot_-_Gameplay____76c4c892-dab6-4f5f-b82b-e6eabe500722.png
IMG	Pokémon: Version Éclat Pourpre	Nintendo Game Boy Advance	Box - Front	France	Pok_mon_Version_E_clat_Pourpre__Box_-_Front__France__36db5d84-6b50-4748-ba5f-44deacaff62b.png
IMG	Pokémon: Version Éclat Pourpre	Nintendo Game Boy Advance	Clear Logo		Pok_mon_Version_E_clat_Pourpre__Clear_Logo____53046cc7-ed9b-4a62-938b-9d43ef10d2dd.png
IMG	Pokémon: Version Éclat Pourpre	Nintendo Game Boy Advance	Screenshot - Gameplay		Pok_mon_Version_E_clat_Pourpre__Screenshot_-_Gameplay____f260326a-6e6a-4f15-9f55-7b9276d5bf5e.png
IMG	Pokémon: Version Éclat Pourpre	Nintendo Game Boy Advance	Screenshot - Gameplay		Pok_mon_Version_E_clat_Pourpre__Screenshot_-_Gameplay____f417351a-65f4-4580-85fe-0818c815d35f.png
IMG	Pokémon: Version Éclat Pourpre	Nintendo Game Boy Advance	Screenshot - Gameplay		Pok_mon_Version_E_clat_Pourpre__Screenshot_-_Gameplay____a5c022ce-c76a-4c3c-9b9b-cb1430491b11.png
IMG	Pokémon: Version Éclat Pourpre	Nintendo Game Boy Advance	Screenshot - Gameplay		Pok_mon_Version_E_clat_Pourpre__Screenshot_-_Gameplay____2eecdd56-1c4f-4307-846a-8d944548b79c.png
IMG	Pokémon: Version Éclat Pourpre	Nintendo Game Boy Advance	Screenshot - Gameplay		Pok_mon_Version_E_clat_Pourpre__Screenshot_-_Gameplay____69456458-854d-4a72-ae0e-7afb790d4e1c.png
IMG	Pokémon: Version Éclat Pourpre	Nintendo Game Boy Advance	Screenshot - Gameplay		Pok_mon_Version_E_clat_Pourpre__Screenshot_-_Gameplay____6da0e699-510e-4e34-91ba-8ec8baa23c33.png
IMG	Pokémon: Version Éclat Pourpre	Nintendo Game Boy Advance	Screenshot - Gameplay		Pok_mon_Version_E_clat_Pourpre__Screenshot_-_Gameplay____f645f0cb-9522-47e0-968f-723a922f2567.png
IMG	Pokémon: Version Éclat Pourpre	Nintendo Game Boy Advance	Screenshot - Gameplay		Pok_mon_Version_E_clat_Pourpre__Screenshot_-_Gameplay____a8b0a5e4-9c59-411f-95d4-3bb464b7568d.png
IMG	Pokémon: Version Éclat Pourpre	Nintendo Game Boy Advance	Screenshot - Game Title		Pok_mon_Version_E_clat_Pourpre__Screenshot_-_Game_Title____0378f0b0-0208-40a5-b98e-e72239a1a5aa.jpg
IMG	Pokémon Version Émeraude Plus	Nintendo Game Boy Advance	Box - Front	World	Pok_mon_Version_meraude_Plus__Box_-_Front__World__0636d492-ec33-429b-b971-f0a236ef1d64.jpg
IMG	Pokémon Version Émeraude Plus	Nintendo Game Boy Advance	Clear Logo	World	Pok_mon_Version_meraude_Plus__Clear_Logo__World__e30a05eb-f314-4124-9a80-e2c9eb1e3478.png
IMG	Pokémon Version Émeraude Plus	Nintendo Game Boy Advance	Screenshot - Gameplay	World	Pok_mon_Version_meraude_Plus__Screenshot_-_Gameplay__World__541efc43-a3e4-467a-8eda-b67d1f4d45a7.png
IMG	Pokémon Version Émeraude Plus	Nintendo Game Boy Advance	Screenshot - Gameplay	World	Pok_mon_Version_meraude_Plus__Screenshot_-_Gameplay__World__b5661c50-ba59-4985-b858-48f252b9ae1f.png
IMG	Pokémon Version Émeraude Plus	Nintendo Game Boy Advance	Screenshot - Gameplay	World	Pok_mon_Version_meraude_Plus__Screenshot_-_Gameplay__World__8491fab5-6197-46e9-b999-fa7b083f624b.png
IMG	Pokémon Version Émeraude Plus	Nintendo Game Boy Advance	Screenshot - Gameplay	World	Pok_mon_Version_meraude_Plus__Screenshot_-_Gameplay__World__6145b0d8-7cdc-4eee-83e8-b87f66408dd2.png
IMG	Pokémon Version Émeraude Plus	Nintendo Game Boy Advance	Screenshot - Gameplay	World	Pok_mon_Version_meraude_Plus__Screenshot_-_Gameplay__World__1ca40d92-6906-423a-a919-766e97331141.png
IMG	Pokémon Version Émeraude Plus	Nintendo Game Boy Advance	Screenshot - Game Title	World	Pok_mon_Version_meraude_Plus__Screenshot_-_Game_Title__World__d999376a-9a47-44f8-9ce9-548c2a80287e.jpg
IMG	Pokémon Chileno Version	Nintendo Game Boy Advance	Banner	South America	Pok_mon_Chileno_Version__Banner__South_America__0ac98dd5-8bbd-4990-998e-840ca942b606.jpg
IMG	Pokémon Chileno Version	Nintendo Game Boy Advance	Box - Front	World	Pok_mon_Chileno_Version__Box_-_Front__World__1a3e118c-ff02-4d83-b0f4-a3567f8115a0.jpg
IMG	Pokémon Chileno Version	Nintendo Game Boy Advance	Box - Spine	World	Pok_mon_Chileno_Version__Box_-_Spine__World__fe9a725b-616d-4277-96a9-f327d0009813.jpg
IMG	Pokémon Chileno Version	Nintendo Game Boy Advance	Fanart - Box - Front	South America	Pok_mon_Chileno_Version__Fanart_-_Box_-_Front__South_America__b3e5448c-394f-4267-b0ec-980861ae12ff.jpg
IMG	Pokémon Chileno Version	Nintendo Game Boy Advance	Screenshot - Gameplay	South America	Pok_mon_Chileno_Version__Screenshot_-_Gameplay__South_America__96d4011c-653c-4ba9-b37e-2415467ca54b.jpg
IMG	Pokémon Chileno Version	Nintendo Game Boy Advance	Screenshot - Gameplay	South America	Pok_mon_Chileno_Version__Screenshot_-_Gameplay__South_America__f073be0c-022e-49e5-8392-5af2282db91f.jpg
IMG	Pokémon Chileno Version	Nintendo Game Boy Advance	Screenshot - Game Title	South America	Pok_mon_Chileno_Version__Screenshot_-_Game_Title__South_America__f3e69705-da91-4267-8158-f90a6abe2c09.png
IMG	Pokémon Unbound	Nintendo Game Boy Advance	Box - 3D	World	Pok_mon_Unbound__Box_-_3D__World__59b1e8e5-49e8-4c72-ba25-596bc173ab62.png
IMG	Pokémon Unbound	Nintendo Game Boy Advance	Box - 3D	World	Pok_mon_Unbound__Box_-_3D__World__r2_356ad414-481d-4e67-8d23-9105329b88d2.png
IMG	Pokémon Unbound	Nintendo Game Boy Advance	Box - Front	World	Pok_mon_Unbound__Box_-_Front__World__f2e4e2cc-3784-4ced-8ec8-1eb1da0c7ec9.png
IMG	Pokémon Unbound	Nintendo Game Boy Advance	Cart - Front	World	Pok_mon_Unbound__Cart_-_Front__World__r2_266ca051-3ad9-4ad8-8a11-d14eaf18a825.png
IMG	Pokémon Unbound	Nintendo Game Boy Advance	Clear Logo		Pok_mon_Unbound__Clear_Logo____1d232504-663b-4b5e-9249-8f60aa128db5.png
IMG	Pokémon Unbound	Nintendo Game Boy Advance	Clear Logo		Pok_mon_Unbound__Clear_Logo____6060bea4-db89-464c-856d-bd1dd99d94b5.png
IMG	Pokémon Unbound	Nintendo Game Boy Advance	Clear Logo	World	Pok_mon_Unbound__Clear_Logo__World__520a2876-a6a4-420a-b147-3a5e8ed051d6.png
IMG	Pokémon Unbound	Nintendo Game Boy Advance	Clear Logo	World	Pok_mon_Unbound__Clear_Logo__World__r2_5bc6fa65-f64d-475e-aa6c-bfd505aad246.png
IMG	Pokémon Unbound	Nintendo Game Boy Advance	Fanart - Background	World	Pok_mon_Unbound__Fanart_-_Background__World__r2_cba8a994-d6cc-41f3-bac6-c65a00291309.jpg
IMG	Pokémon Unbound	Nintendo Game Boy Advance	Fanart - Box - Front	World	Pok_mon_Unbound__Fanart_-_Box_-_Front__World__179de128-c203-4bc2-befa-449ef5602d93.png
IMG	Pokémon Unbound	Nintendo Game Boy Advance	Fanart - Box - Front	World	Pok_mon_Unbound__Fanart_-_Box_-_Front__World__9b162cca-f021-4d05-98bd-de0fd49eb8f4.png
IMG	Pokémon Unbound	Nintendo Game Boy Advance	Fanart - Box - Front	North America	Pok_mon_Unbound__Fanart_-_Box_-_Front__North_America__18ca0d68-a0f2-44ef-86c8-aebbaa0de8be.png
IMG	Pokémon Unbound	Nintendo Game Boy Advance	Fanart - Cart - Front	North America	Pok_mon_Unbound__Fanart_-_Cart_-_Front__North_America__3ed9f6d0-cfc8-40df-bf2d-4d3f5087fc3f.png
IMG	Pokémon Unbound	Nintendo Game Boy Advance	Screenshot - Gameplay	World	Pok_mon_Unbound__Screenshot_-_Gameplay__World__7555a1ca-b696-47ab-9451-65e9c4c9029a.png
IMG	Pokémon Unbound	Nintendo Game Boy Advance	Screenshot - Gameplay	World	Pok_mon_Unbound__Screenshot_-_Gameplay__World__r2_8dd587c0-27b4-4a79-9d95-aabac033e7db.png
IMG	Pokémon Unbound	Nintendo Game Boy Advance	Screenshot - Gameplay	World	Pok_mon_Unbound__Screenshot_-_Gameplay__World__r2_83080d6c-de40-4fa8-8bcc-6b7c65ad715a.png
IMG	Pokémon Unbound	Nintendo Game Boy Advance	Screenshot - Game Title	World	Pok_mon_Unbound__Screenshot_-_Game_Title__World__20caa11f-2576-4bf6-bb53-2d835a1fdf3e.png
IMG	Pokémon Unbound	Nintendo Game Boy Advance	Screenshot - Game Title	World	Pok_mon_Unbound__Screenshot_-_Game_Title__World__fc363be7-b4ed-47ed-b65c-e9e3126a56d6.png
IMG	Pokémon Classic 151	Nintendo Game Boy Advance	Box - Front	World	Pok_mon_Classic_151__Box_-_Front__World__5c42b5bc-bdf1-4733-b72c-fe06c94b1903.png
IMG	Pokémon Classic 151	Nintendo Game Boy Advance	Box - Front	World	Pok_mon_Classic_151__Box_-_Front__World__2fced12f-8169-48c7-bb2d-e4f30ddfaa35.png
IMG	Pokémon Classic 151	Nintendo Game Boy Advance	Fanart - Background		Pok_mon_Classic_151__Fanart_-_Background____d55cc55e-7260-42a8-b503-34abea160e0d.jpg
IMG	Pokémon Classic 151	Nintendo Game Boy Advance	Fanart - Background		Pok_mon_Classic_151__Fanart_-_Background____f365a448-c9ba-4b20-8ec5-865d09b3a1ee.jpg
IMG	Pokémon Classic 151	Nintendo Game Boy Advance	Fanart - Background		Pok_mon_Classic_151__Fanart_-_Background____bc24cfd4-1bc2-4215-a6c4-24f332d819d5.jpg
IMG	Pokémon Classic 151	Nintendo Game Boy Advance	Fanart - Background		Pok_mon_Classic_151__Fanart_-_Background____27b7d179-410b-402e-83a5-bf79a23ead88.jpg
IMG	Pokémon Classic 151	Nintendo Game Boy Advance	Screenshot - Game Title		Pok_mon_Classic_151__Screenshot_-_Game_Title____47d0f363-0c02-46eb-a8cf-1ea183b405ec.png
IMG	Pokémon Islas Doradas	Nintendo Game Boy Advance	Box - Front	North America	Pok_mon_Islas_Doradas__Box_-_Front__North_America__22100ae4-9926-41fd-b15c-36f010f618d4.png
IMG	Pokémon Islas Doradas	Nintendo Game Boy Advance	Clear Logo	World	Pok_mon_Islas_Doradas__Clear_Logo__World__b87ba9b3-f095-4b72-b8fb-46139dc60078.png
IMG	Game Boy Advance Video: Pokémon: Volume 2	Nintendo Game Boy Advance	Box - 3D	North America	Game_Boy_Advance_Video_Pok_mon_Volume_2__Box_-_3D__North_America__258bf7b3-8283-4000-ad69-efd25ea0c3b7.png
IMG	Game Boy Advance Video: Pokémon: Volume 2	Nintendo Game Boy Advance	Box - Back	North America	Game_Boy_Advance_Video_Pok_mon_Volume_2__Box_-_Back__North_America__2f00fc91-b28d-4b2b-89bd-83ee883e3e80.jpg
IMG	Game Boy Advance Video: Pokémon: Volume 2	Nintendo Game Boy Advance	Box - Front	North America	Game_Boy_Advance_Video_Pok_mon_Volume_2__Box_-_Front__North_America__a9e05c90-180d-4432-b11b-bf9cd2f9fd31.png
IMG	Game Boy Advance Video: Pokémon: Volume 2	Nintendo Game Boy Advance	Box - Front - Reconstructed	North America	Game_Boy_Advance_Video_Pok_mon_Volume_2__Box_-_Front_-_Reconstructed__North_America__r2_47e6e582-fa71-4dbf-9f89-52562fc1fbff.png
IMG	Game Boy Advance Video: Pokémon: Volume 2	Nintendo Game Boy Advance	Box - Spine	North America	Game_Boy_Advance_Video_Pok_mon_Volume_2__Box_-_Spine__North_America__96b24740-ec1e-4ec7-9c34-644925633920.png
IMG	Game Boy Advance Video: Pokémon: Volume 2	Nintendo Game Boy Advance	Cart - Front	North America	Game_Boy_Advance_Video_Pok_mon_Volume_2__Cart_-_Front__North_America__86a8a331-3082-4132-9a6b-355c74dffade.png
IMG	Game Boy Advance Video: Pokémon: Volume 2	Nintendo Game Boy Advance	Clear Logo	North America	Game_Boy_Advance_Video_Pok_mon_Volume_2__Clear_Logo__North_America__34dac668-a715-4af8-af80-13920067acaf.png
IMG	Game Boy Advance Video: Pokémon: Volume 2	Nintendo Game Boy Advance	Screenshot - Gameplay	North America	Game_Boy_Advance_Video_Pok_mon_Volume_2__Screenshot_-_Gameplay__North_America__46b305a4-d3b7-4317-865c-9fc0cb376e3d.png
IMG	Game Boy Advance Video: Pokémon: Volume 2	Nintendo Game Boy Advance	Screenshot - Game Select		Game_Boy_Advance_Video_Pok_mon_Volume_2__Screenshot_-_Game_Select____480a6382-232d-4609-8aeb-d4e2912b0dce.png
IMG	Game Boy Advance Video: Pokémon: Volume 2	Nintendo Game Boy Advance	Screenshot - Game Title	North America	Game_Boy_Advance_Video_Pok_mon_Volume_2__Screenshot_-_Game_Title__North_America__92e14769-8d3b-4f24-a933-c02643715a74.png
IMG	Pokémon Kanto Adventures	Nintendo Game Boy Advance	Fanart - Box - Front	Europe	Pok_mon_Kanto_Adventures__Fanart_-_Box_-_Front__Europe__fcb10839-6428-4afe-9a4b-c26ac21670bf.png
IMG	Pokémon Edición Team Rocket	Nintendo Game Boy Advance	Box - Front	World	Pok_mon_Edici_n_Team_Rocket__Box_-_Front__World__5b4755a6-8731-40a1-af35-0ab0b1e5f88a.png
IMG	Pokémon Let's Go Eevee!	Nintendo Game Boy Advance	Box - Front	World	Pok_mon_Let_s_Go_Eevee___Box_-_Front__World__64d9cf54-44c2-49a3-aada-d0471034dc12.png
IMG	Pokémon Let's Go Eevee!	Nintendo Game Boy Advance	Cart - Front	World	Pok_mon_Let_s_Go_Eevee___Cart_-_Front__World__r2_9f79d26b-1c90-49c9-86e9-2450cf60b6bb.png
IMG	Pokémon Let's Go Eevee!	Nintendo Game Boy Advance	Clear Logo	World	Pok_mon_Let_s_Go_Eevee___Clear_Logo__World__b5591b10-157d-412f-9e63-78337a187efb.png
IMG	Pokémon Let's Go Pikachu!	Nintendo Game Boy Advance	Box - Front	North America	Pok_mon_Let_s_Go_Pikachu___Box_-_Front__North_America__74101b74-24cc-4b7a-b7cf-d50faeba9a56.png
IMG	Pokémon Let's Go Pikachu!	Nintendo Game Boy Advance	Clear Logo	World	Pok_mon_Let_s_Go_Pikachu___Clear_Logo__World__611a1de5-20d8-4757-bf19-1730de80c8c9.png
IMG	Pokémon Let's Go Pikachu!	Nintendo Game Boy Advance	Clear Logo	World	Pok_mon_Let_s_Go_Pikachu___Clear_Logo__World__a0460aee-39b8-45be-b995-48c30614dd11.png
IMG	Pokémon Let's Go Pikachu!	Nintendo Game Boy Advance	Fanart - Box - Front	World	Pok_mon_Let_s_Go_Pikachu___Fanart_-_Box_-_Front__World__aea912ed-47c4-4353-9757-70a507f7a46a.png
IMG	Pokémon Mansion Mystery	Nintendo Game Boy Advance	Box - Front	World	Pok_mon_Mansion_Mystery__Box_-_Front__World__c84e5c5f-e8d6-4be4-8011-cab610bd001c.png
IMG	Pokémon Triángulo Origen	Nintendo Game Boy Advance	Box - Front	World	Pok_mon_Tri_ngulo_Origen__Box_-_Front__World__e0da7f85-016f-4474-9122-e18166264828.png
IMG	Pokémon Triángulo Origen	Nintendo Game Boy Advance	Box - Front	World	Pok_mon_Tri_ngulo_Origen__Box_-_Front__World__ba3bd21f-8a7e-42a0-a1a8-9c2e9adb0958.png
IMG	Pokémon Pesadilla	Nintendo Game Boy Advance	Box - Front	World	Pok_mon_Pesadilla__Box_-_Front__World__78bffde0-5ca6-473d-a43c-5789f183a85a.png
IMG	Pokémon Mystical	Nintendo Game Boy Advance	Box - Front	World	Pok_mon_Mystical__Box_-_Front__World__c1f3f8dc-aa2a-4938-985d-96536e63cf3e.jpg
IMG	Pokémon Mystical	Nintendo Game Boy Advance	Clear Logo	World	Pok_mon_Mystical__Clear_Logo__World__43f5e395-5dd4-4f41-9853-f3c593f4fd42.png
IMG	Pokémon Omega Red	Nintendo Game Boy Advance	Box - Front	World	Pok_mon_Omega_Red__Box_-_Front__World__85bf481b-fc5d-4e1f-8b06-ec53414cf2d5.png
IMG	Pokémon Let's Go Lugia!	Nintendo Game Boy Advance	Box - Front	North America	Pok_mon_Let_s_Go_Lugia___Box_-_Front__North_America__e5bbaf35-4f79-42b3-ad8b-9247e2385f07.jpg
IMG	Pokémon Let's Go Lugia!	Nintendo Game Boy Advance	Clear Logo	World	Pok_mon_Let_s_Go_Lugia___Clear_Logo__World__4ee405eb-c4b6-4457-ac36-9f8ca1f960a0.png
IMG	Pokémon Let's Go Lugia!	Nintendo Game Boy Advance	Fanart - Box - Front	World	Pok_mon_Let_s_Go_Lugia___Fanart_-_Box_-_Front__World__ea567f6a-f1d7-417d-b614-eb7560235b4f.png
IMG	Pokémon Legends Red	Nintendo Game Boy Advance	Box - Front	World	Pok_mon_Legends_Red__Box_-_Front__World__62d76b99-a9aa-433d-bce3-833b1164319f.png
IMG	Pokémon Crystal Kaizo	Nintendo Game Boy Color	Box - Front	World	Pok_mon_Crystal_Kaizo__Box_-_Front__World__fdad66ed-fa4f-4d26-b136-be3e2e7eda1c.jpg
IMG	Pokémon Blue Kaizo	Nintendo Game Boy	Box - Front	World	Pok_mon_Blue_Kaizo__Box_-_Front__World__1b0156df-fcc9-4231-b0e5-3e88e7c31772.jpg
IMG	Pokémon Blue Kaizo	Nintendo Game Boy	Clear Logo		Pok_mon_Blue_Kaizo__Clear_Logo____397bc328-01cf-4a62-b66a-3eacf7d22064.png
IMG	Pokémon Blue Kaizo	Nintendo Game Boy	Screenshot - Gameplay		Pok_mon_Blue_Kaizo__Screenshot_-_Gameplay____0641b8fb-c7fd-4d51-88cc-002651d76ad5.png
IMG	Pokémon Blue Kaizo	Nintendo Game Boy	Screenshot - Gameplay		Pok_mon_Blue_Kaizo__Screenshot_-_Gameplay____0b9539d6-4c4d-496f-8a3c-f444f6b76abb.png
IMG	Pokémon Blue Kaizo	Nintendo Game Boy	Screenshot - Game Title		Pok_mon_Blue_Kaizo__Screenshot_-_Game_Title____cc478888-c9a0-4df0-8ae6-a7fbd916f672.png
IMG	Pokémon Emerald Kaizo	Nintendo Game Boy Advance	Box - Front	North America	Pok_mon_Emerald_Kaizo__Box_-_Front__North_America__3679aa3d-c05c-4e3d-9bb2-ea9de6c83004.jpg
IMG	Pokémon God of Arena	Nintendo Game Boy Color	Box - Front	World	Pok_mon_God_of_Arena__Box_-_Front__World__02fc07bd-84f4-45f8-920a-473bdd07bd58.jpg
IMG	Pokémon Catastrophe	Nintendo Game Boy Advance	Box - Front	World	Pok_mon_Catastrophe__Box_-_Front__World__11743b7d-4844-479c-9fc4-c8244059af3c.jpg
IMG	Pokémon Factory Adventure	Nintendo Game Boy Color	Box - Front	World	Pok_mon_Factory_Adventure__Box_-_Front__World__a6875920-7cf6-416e-a459-1fab82e2d624.jpg
IMG	Pokémon Gold 97: Reforged	Nintendo Game Boy Color	Box - Back	North America	Pok_mon_Gold_97_Reforged__Box_-_Back__North_America__ac6cc8d8-b326-4fa3-9aef-c52e9c27986b.jpg
IMG	Pokémon Gold 97: Reforged	Nintendo Game Boy Color	Box - Front	North America	Pok_mon_Gold_97_Reforged__Box_-_Front__North_America__aa09cb05-60bc-4d5e-a09c-3570ffddfd0b.jpg
IMG	Pokémon Gold 97: Reforged	Nintendo Game Boy Color	Box - Front	World	Pok_mon_Gold_97_Reforged__Box_-_Front__World__b4b04eb3-1fbd-4aba-bcee-3f8d7d2fc0ae.png
IMG	Pokémon Gold 97: Reforged	Nintendo Game Boy Color	Cart - Front	North America	Pok_mon_Gold_97_Reforged__Cart_-_Front__North_America__780a800f-fe0f-4036-9253-6b08e7f2d0ef.png
IMG	Pokémon Gold 97: Reforged	Nintendo Game Boy Color	Clear Logo	World	Pok_mon_Gold_97_Reforged__Clear_Logo__World__r2_baefbb60-6ad0-4550-9364-c542d79a19bc.png
IMG	Pokémon Gold 97: Reforged	Nintendo Game Boy Color	Fanart - Background	World	Pok_mon_Gold_97_Reforged__Fanart_-_Background__World__r2_b8116990-7275-49e1-9d6f-efe7665df5b2.jpg
IMG	Pokémon Gold 97: Reforged	Nintendo Game Boy Color	Screenshot - Gameplay		Pok_mon_Gold_97_Reforged__Screenshot_-_Gameplay____8a1a294b-8c9e-4367-be09-e1af8e44d452.png
IMG	Pokémon Gold 97: Reforged	Nintendo Game Boy Color	Screenshot - Gameplay		Pok_mon_Gold_97_Reforged__Screenshot_-_Gameplay____ddc27e15-656a-42e7-af8b-acb4d28eaec1.png
IMG	Pokémon Gold 97: Reforged	Nintendo Game Boy Color	Screenshot - Gameplay		Pok_mon_Gold_97_Reforged__Screenshot_-_Gameplay____c8a70267-9d69-40bd-82eb-8397c8500788.png
IMG	Pokémon Gold 97: Reforged	Nintendo Game Boy Color	Screenshot - Gameplay		Pok_mon_Gold_97_Reforged__Screenshot_-_Gameplay____c95298e1-f862-411b-881a-e081131dcbcf.png
IMG	Pokémon Gold 97: Reforged	Nintendo Game Boy Color	Screenshot - Game Title		Pok_mon_Gold_97_Reforged__Screenshot_-_Game_Title____dbb2001c-2dc5-4dea-8c1b-6071877cde69.png
IMG	Pokémon Grape	Nintendo Game Boy	Banner	North America	Pok_mon_Grape__Banner__North_America__90dc6864-3936-473c-9621-66690bfb602c.png
IMG	Pokémon Grape	Nintendo Game Boy	Box - Front	North America	Pok_mon_Grape__Box_-_Front__North_America__f4e1ee04-beb6-4ae7-8cf0-b33336cf9df3.png
IMG	Pokémon Grape	Nintendo Game Boy	Clear Logo		Pok_mon_Grape__Clear_Logo____8cee2bde-d681-4a08-9def-82dffca33bdf.png
IMG	Pokémon Grape	Nintendo Game Boy	Clear Logo		Pok_mon_Grape__Clear_Logo____54a527c6-feb1-46ba-b20a-5a2d44820a09.png
IMG	Pokémon Grape	Nintendo Game Boy	Fanart - Box - Front	World	Pok_mon_Grape__Fanart_-_Box_-_Front__World__debfd92c-be5e-4a53-afb3-99d0c0c56e85.jpg
IMG	Pokémon Grape	Nintendo Game Boy	Screenshot - Gameplay	North America	Pok_mon_Grape__Screenshot_-_Gameplay__North_America__84ab7b52-26ec-427a-9c1e-a45b1df648ed.png
IMG	Pokémon Grape	Nintendo Game Boy	Screenshot - Gameplay	North America	Pok_mon_Grape__Screenshot_-_Gameplay__North_America__8c7bcf56-ffb0-425c-976f-e91fcc2e6df5.png
IMG	Pokémon Grape	Nintendo Game Boy	Screenshot - Gameplay	North America	Pok_mon_Grape__Screenshot_-_Gameplay__North_America__69ee5319-7270-43b1-a1d3-5770a81202db.png
IMG	Pokémon Grape	Nintendo Game Boy	Screenshot - Gameplay	North America	Pok_mon_Grape__Screenshot_-_Gameplay__North_America__a8680c31-31be-4f4a-a200-bf6bac2ccb63.png
IMG	Pokémon Grape	Nintendo Game Boy	Screenshot - Gameplay	North America	Pok_mon_Grape__Screenshot_-_Gameplay__North_America__4c898efb-9f79-4e76-be8f-71aaf9dc786d.png
IMG	Pokémon Grape	Nintendo Game Boy	Screenshot - Gameplay	North America	Pok_mon_Grape__Screenshot_-_Gameplay__North_America__a5d32cb7-0731-44b4-92ab-6777d27a058d.png
IMG	Pokémon Grape	Nintendo Game Boy	Screenshot - Game Title	North America	Pok_mon_Grape__Screenshot_-_Game_Title__North_America__51b89fc8-d848-463e-802e-2d5510c5c12f.png
IMG	Pokémon Silver 97: Reforged	Nintendo Game Boy Color	Box - Back	North America	Pok_mon_Silver_97_Reforged__Box_-_Back__North_America__e78d1bce-a0af-46ab-9e17-7ee8adaf2216.jpg
IMG	Pokémon Silver 97: Reforged	Nintendo Game Boy Color	Box - Front	North America	Pok_mon_Silver_97_Reforged__Box_-_Front__North_America__73f93010-3c19-4f52-9867-de93e4f9586c.jpg
IMG	Pokémon Silver 97: Reforged	Nintendo Game Boy Color	Cart - Front	North America	Pok_mon_Silver_97_Reforged__Cart_-_Front__North_America__cb8886ae-f0b2-45f0-8e71-9a0730f64f52.png
IMG	Pokémon Silver 97: Reforged	Nintendo Game Boy Color	Screenshot - Gameplay		Pok_mon_Silver_97_Reforged__Screenshot_-_Gameplay____690eb00f-dbd7-44e8-95e0-26818ed8c3fa.png
IMG	Pokémon Silver 97: Reforged	Nintendo Game Boy Color	Screenshot - Gameplay		Pok_mon_Silver_97_Reforged__Screenshot_-_Gameplay____d2819852-cfd1-4673-ad2a-6035ad065ad6.png
IMG	Pokémon Silver 97: Reforged	Nintendo Game Boy Color	Screenshot - Gameplay		Pok_mon_Silver_97_Reforged__Screenshot_-_Gameplay____6e89f9e9-83bb-44fe-b31c-d1bb983e36e4.png
IMG	Pokémon Silver 97: Reforged	Nintendo Game Boy Color	Screenshot - Game Title		Pok_mon_Silver_97_Reforged__Screenshot_-_Game_Title____9c75a60d-20ef-49bd-b5da-e7c946dc45da.png
IMG	Pokémon R.O.W.E.	Nintendo Game Boy Advance	Cart - Front	World	Pok_mon_R.O.W.E.__Cart_-_Front__World__r2_2c6e7575-d1a3-4a4c-8aab-16d058c5e748.png
IMG	Pokémon R.O.W.E.	Nintendo Game Boy Advance	Clear Logo	World	Pok_mon_R.O.W.E.__Clear_Logo__World__5f0841ec-69a2-4467-b150-28584f4d4a0c.png
IMG	Pokémon R.O.W.E.	Nintendo Game Boy Advance	Fanart - Background		Pok_mon_R.O.W.E.__Fanart_-_Background____61493793-da39-4103-acee-6c4c798035ba.png
IMG	Pokémon R.O.W.E.	Nintendo Game Boy Advance	Fanart - Box - Front	World	Pok_mon_R.O.W.E.__Fanart_-_Box_-_Front__World__7bf1945e-77d8-4914-90b2-0092efa1fd4e.png
IMG	Pokémon R.O.W.E.	Nintendo Game Boy Advance	Screenshot - Gameplay		Pok_mon_R.O.W.E.__Screenshot_-_Gameplay____9fb47539-2c14-43bd-8089-e769bf08745c.png
IMG	Pokémon R.O.W.E.	Nintendo Game Boy Advance	Screenshot - Gameplay		Pok_mon_R.O.W.E.__Screenshot_-_Gameplay____efd4cc5b-90ab-439a-9641-e85473f89ecb.jpg
IMG	Pokémon R.O.W.E.	Nintendo Game Boy Advance	Screenshot - Game Title		Pok_mon_R.O.W.E.__Screenshot_-_Game_Title____a0d5d333-2219-421f-a410-6d7185ee15fb.png
IMG	Pokémon Ruby Stars	Nintendo Game Boy Advance	Box - Front	World	Pok_mon_Ruby_Stars__Box_-_Front__World__0392b85f-4b59-4dd1-9960-06d87cfe5c5b.png
IMG	Pokémon Ancient	Nintendo Game Boy Advance	Box - Front	World	Pok_mon_Ancient__Box_-_Front__World__133c092d-a8c2-444d-b4c0-723ad5be6225.png
IMG	Pokémon Black Dark	Nintendo Game Boy Advance	Box - Front	World	Pok_mon_Black_Dark__Box_-_Front__World__a7ff72f4-0a92-4905-a709-4cdc2af21608.png
IMG	Pokémon Blue Stars 2	Nintendo Game Boy Advance	Box - Front	World	Pok_mon_Blue_Stars_2__Box_-_Front__World__31dbe399-0e7f-43f0-bd4c-9e9bbcda7d2e.png
IMG	Pokémon The Fall of Heroes	Nintendo Game Boy Advance	Banner	World	Pok_mon_The_Fall_of_Heroes__Banner__World__60ad7f03-3e11-4e60-97b5-b30a86bb3ea8.png
IMG	Pokémon The Fall of Heroes	Nintendo Game Boy Advance	Box - Front	World	Pok_mon_The_Fall_of_Heroes__Box_-_Front__World__f7c65871-a593-4dd4-a10a-e6bcc6585ddd.png
IMG	Pokémon The Fall of Heroes	Nintendo Game Boy Advance	Screenshot - Gameplay	World	Pok_mon_The_Fall_of_Heroes__Screenshot_-_Gameplay__World__394d16ae-ae57-4a48-abd4-8b391cacad09.png
IMG	Pokémon Sigma Red	Nintendo Game Boy Advance	Box - Front	World	Pok_mon_Sigma_Red__Box_-_Front__World__3ca0f235-ee73-4d74-be4f-97b52672fad3.png
IMG	Pokémon Stone Dragon	Nintendo Game Boy Advance	Box - Front	World	Pok_mon_Stone_Dragon__Box_-_Front__World__8474f69e-16ae-4202-9ec2-b17b2a26e7ab.png
IMG	Pokémon Stone Dragon	Nintendo Game Boy Advance	Screenshot - Gameplay	World	Pok_mon_Stone_Dragon__Screenshot_-_Gameplay__World__86cbc2eb-b48f-460c-afbe-7aefd9f48c96.png
IMG	Pokémon Stone Dragon	Nintendo Game Boy Advance	Screenshot - Game Title	World	Pok_mon_Stone_Dragon__Screenshot_-_Game_Title__World__12461b1a-cbaf-4df0-a43c-e541ba705fe6.png
IMG	Pokémon Stone Dragon 2	Nintendo Game Boy Advance	Box - Front	World	Pok_mon_Stone_Dragon_2__Box_-_Front__World__2354c786-8557-4202-8d73-be5145d5ea6c.png
IMG	Pokémon Stone Dragon 2	Nintendo Game Boy Advance	Screenshot - Gameplay	Spain	Pok_mon_Stone_Dragon_2__Screenshot_-_Gameplay__Spain__c08109e0-8d56-47c4-9965-0f3cad3f9df2.png
IMG	Pokémon Stone Dragon 2	Nintendo Game Boy Advance	Screenshot - Game Title	World	Pok_mon_Stone_Dragon_2__Screenshot_-_Game_Title__World__8aceee9c-b6a2-44df-9435-b3788187d1d9.png
IMG	Pokémon Verde Musgo	Nintendo Game Boy Advance	Box - Front	World	Pok_mon_Verde_Musgo__Box_-_Front__World__662d031b-c6db-4544-b4bf-2b07b771fb44.png
IMG	Pokémon Verde Musgo	Nintendo Game Boy Advance	Box - Front	World	Pok_mon_Verde_Musgo__Box_-_Front__World__9ff05924-9a34-4020-8496-3b8eb60af416.jpg
IMG	Pokémon Verde Musgo	Nintendo Game Boy Advance	Clear Logo	World	Pok_mon_Verde_Musgo__Clear_Logo__World__9587667f-1035-4940-8889-a4b81e1e34d9.png
IMG	Pokémon Fool's Gold	Nintendo Game Boy Color	Box - 3D	United States	Pok_mon_Fool_s_Gold__Box_-_3D__United_States__190637e2-118b-40fc-988d-e8606f4607f4.png
IMG	Pokémon Fool's Gold	Nintendo Game Boy Color	Box - Front	North America	Pok_mon_Fool_s_Gold__Box_-_Front__North_America__e0e2edc6-f02d-47c9-941e-dffff8e2c21d.png
IMG	Pokémon Fool's Gold	Nintendo Game Boy Color	Box - Front	North America	Pok_mon_Fool_s_Gold__Box_-_Front__North_America__574cce80-8bbf-48ad-8b79-fc40992744df.png
IMG	Pokémon Fool's Gold	Nintendo Game Boy Color	Clear Logo		Pok_mon_Fool_s_Gold__Clear_Logo____94e90aca-2d86-4e51-957b-d8cf073e4999.png
IMG	Pokémon Fool's Gold	Nintendo Game Boy Color	Screenshot - Gameplay	World	Pok_mon_Fool_s_Gold__Screenshot_-_Gameplay__World__59d4ec08-604e-40f9-a6d6-1c6af3586d3a.png
IMG	Pokémon Fool's Gold	Nintendo Game Boy Color	Screenshot - Game Title	World	Pok_mon_Fool_s_Gold__Screenshot_-_Game_Title__World__01507fdb-f262-4099-b8b3-85ca1919f70f.png
IMG	Pokémon Black	Nintendo Game Boy	Box - Front	North America	Pok_mon_Black__Box_-_Front__North_America__1caf5ba8-93f7-4c94-b218-69f3123e7e39.png
IMG	Pokémon Black	Nintendo Game Boy	Cart - Front		Pok_mon_Black__Cart_-_Front____388bdcc6-88d7-4345-9545-2e2f425051e4.png
IMG	Pokémon Black	Nintendo Game Boy	Screenshot - Gameplay		Pok_mon_Black__Screenshot_-_Gameplay____c2ced9cf-bd9c-44e8-b14b-66748242f84e.png
IMG	Pokémon Black	Nintendo Game Boy	Screenshot - Gameplay		Pok_mon_Black__Screenshot_-_Gameplay____1dccd33c-e282-4684-895b-789364db2db4.png
IMG	Pokémon Black	Nintendo Game Boy	Screenshot - Gameplay		Pok_mon_Black__Screenshot_-_Gameplay____4cfe30d1-da17-4252-a837-59215a12a32f.png
IMG	Pokémon Black	Nintendo Game Boy	Screenshot - Gameplay		Pok_mon_Black__Screenshot_-_Gameplay____b6c00039-298b-49c5-81b4-ae5f11a4f763.png
IMG	Pokémon Girls Hunter	Nintendo Game Boy Advance	Box - Front	World	Pok_mon_Girls_Hunter__Box_-_Front__World__c5b33a58-1710-4c2f-8bf1-dc3b8e88820f.png
IMG	Pokémon Girls Hunter	Nintendo Game Boy Advance	Clear Logo	World	Pok_mon_Girls_Hunter__Clear_Logo__World__r2_c60bcbb8-88e2-42fd-8d43-0a27ac92236c.png
IMG	Pokémon Girls Hunter	Nintendo Game Boy Advance	Screenshot - Gameplay	World	Pok_mon_Girls_Hunter__Screenshot_-_Gameplay__World__r2_bcb4ba66-6170-45ba-b0b8-43d068d4666f.png
IMG	Pokémon Girls Hunter	Nintendo Game Boy Advance	Screenshot - Game Title	World	Pok_mon_Girls_Hunter__Screenshot_-_Game_Title__World__r2_8519241a-20ff-49d3-bdc6-b208dce35945.png
IMG	Pokémon Girls Hunter 2	Nintendo Game Boy Advance	Box - Front	World	Pok_mon_Girls_Hunter_2__Box_-_Front__World__02754db3-7af5-4ea7-84c2-8f0d35fa7247.jpg
IMG	Pokémon Girls Hunter 2	Nintendo Game Boy Advance	Clear Logo	World	Pok_mon_Girls_Hunter_2__Clear_Logo__World__r2_1864703f-e4fe-474b-8224-9df2111159d3.png
IMG	Pokémon Girls Hunter 2	Nintendo Game Boy Advance	Screenshot - Gameplay	World	Pok_mon_Girls_Hunter_2__Screenshot_-_Gameplay__World__r2_198c7a92-8504-4b31-a371-13225ab2221a.png
IMG	Pokémon Girls Hunter 2	Nintendo Game Boy Advance	Screenshot - Game Title	World	Pok_mon_Girls_Hunter_2__Screenshot_-_Game_Title__World__r2_c55b2ccb-b870-45c9-9bb2-1501f57e8ed7.png
IMG	Pokémon Girls Hunter Halloween 	Nintendo Game Boy Advance	Box - Front	World	Pok_mon_Girls_Hunter_Halloween___Box_-_Front__World__301665e4-6911-4a40-a87b-ef9a639570ca.jpg
IMG	Pokémon Girls Hunter Halloween 	Nintendo Game Boy Advance	Screenshot - Gameplay	World	Pok_mon_Girls_Hunter_Halloween___Screenshot_-_Gameplay__World__r2_f2775473-46ae-4746-a34a-0004fdd6fe7c.png
IMG	Pokémon Girls Hunter Halloween 	Nintendo Game Boy Advance	Screenshot - Game Title	World	Pok_mon_Girls_Hunter_Halloween___Screenshot_-_Game_Title__World__r2_96cf7339-9861-490b-a645-db57c576d9fb.png
IMG	Pokémon Jade Version: Special Pikachu Edition	Nintendo Game Boy Color	Fanart - Box - Front	North America	Pok_mon_Jade_Version_Special_Pikachu_Edition__Fanart_-_Box_-_Front__North_America__1bd69709-9c44-463f-84a6-dfbd46254c53.png
IMG	Pokémon Bronze 2 Version	Nintendo Game Boy Color	Box - Front	North America	Pok_mon_Bronze_2_Version__Box_-_Front__North_America__3b88e909-3f29-43a3-b945-0db97e0bdf7e.png
IMG	Pokémon Super Gold 97	Nintendo Game Boy Color	Box - 3D	North America	Pok_mon_Super_Gold_97__Box_-_3D__North_America__1fd49e24-aaf5-430a-8a8b-8c817c05eb58.png
IMG	Pokémon Super Gold 97	Nintendo Game Boy Color	Box - Front	North America	Pok_mon_Super_Gold_97__Box_-_Front__North_America__baa59b7a-75f7-4e1e-90a1-b21b4948e6cd.png
IMG	Pokémon Super Gold 97	Nintendo Game Boy Color	Box - Front	World	Pok_mon_Super_Gold_97__Box_-_Front__World__49477531-fb30-4214-9e48-52617d920afe.png
IMG	Pokémon Super Gold 97	Nintendo Game Boy Color	Screenshot - Gameplay	World	Pok_mon_Super_Gold_97__Screenshot_-_Gameplay__World__e1866252-510a-4ae8-b136-f78c57f9f8af.png
IMG	Pokémon Super Gold 97	Nintendo Game Boy Color	Screenshot - Gameplay	World	Pok_mon_Super_Gold_97__Screenshot_-_Gameplay__World__808d2455-9fe2-4470-a62c-97870b781437.png
IMG	Pokémon Super Gold 97	Nintendo Game Boy Color	Screenshot - Gameplay	World	Pok_mon_Super_Gold_97__Screenshot_-_Gameplay__World__50b8a6f9-0244-405b-99f8-3592dd8d0ac3.png
IMG	Pokémon Super Gold 97	Nintendo Game Boy Color	Screenshot - Gameplay	World	Pok_mon_Super_Gold_97__Screenshot_-_Gameplay__World__b120416c-02b4-46b4-acf2-80c044ee3eb4.png
IMG	Pokémon Super Gold 97	Nintendo Game Boy Color	Screenshot - Gameplay	World	Pok_mon_Super_Gold_97__Screenshot_-_Gameplay__World__11fdbba7-1ceb-407a-8e32-09a0536a357d.png
IMG	Pokémon Super Gold 97	Nintendo Game Boy Color	Screenshot - Gameplay	World	Pok_mon_Super_Gold_97__Screenshot_-_Gameplay__World__826a7f88-3f61-4e30-bd7a-6cbb9bf33bf6.png
IMG	Pokémon Super Gold 97	Nintendo Game Boy Color	Screenshot - Game Title	World	Pok_mon_Super_Gold_97__Screenshot_-_Game_Title__World__52780068-2580-4c6f-a43e-c7c800624477.png
IMG	Pokémon Crystal Maeson	Nintendo Game Boy Color	Box - Front	World	Pok_mon_Crystal_Maeson__Box_-_Front__World__4e9c82d1-8313-4512-9507-75bd5c475413.png
IMG	Pokémon Crystal Maeson	Nintendo Game Boy Color	Screenshot - Gameplay	World	Pok_mon_Crystal_Maeson__Screenshot_-_Gameplay__World__r2_0d29bfcf-81cb-493f-b10a-2b551e2367cc.png
IMG	Pokémon Crystal Maeson	Nintendo Game Boy Color	Screenshot - Gameplay	World	Pok_mon_Crystal_Maeson__Screenshot_-_Gameplay__World__r2_2116173a-1910-4554-9038-e66b5e869e10.png
IMG	Pokémon Crystal Maeson	Nintendo Game Boy Color	Screenshot - Gameplay	World	Pok_mon_Crystal_Maeson__Screenshot_-_Gameplay__World__r2_ce57e35e-b915-44ff-bdea-32672a0352f5.png
IMG	Pokémon Crystal Maeson	Nintendo Game Boy Color	Screenshot - Game Title	World	Pok_mon_Crystal_Maeson__Screenshot_-_Game_Title__World__r2_99dd09dc-fc9d-494b-812c-9d067fb74d9d.png
IMG	Pokémon Crystal Version: Dunsparce Edition	Nintendo Game Boy Color	Screenshot - Gameplay	World	Pok_mon_Crystal_Version_Dunsparce_Edition__Screenshot_-_Gameplay__World__3bc7d313-f813-43ca-bd83-ca95a64e1591.png
IMG	Pokémon Crystal Version: Dunsparce Edition	Nintendo Game Boy Color	Screenshot - Gameplay	World	Pok_mon_Crystal_Version_Dunsparce_Edition__Screenshot_-_Gameplay__World__0d66ed3b-0340-4f1a-b25a-5fd02a6d2374.png
IMG	Pokémon Crystal Version: Emu Edition	Nintendo Game Boy Color	Box - Front	World	Pok_mon_Crystal_Version_Emu_Edition__Box_-_Front__World__r2_4b7c8b97-da18-4c93-80f8-e42e379ac723.png
IMG	Pokémon Crystal Version: Emu Edition	Nintendo Game Boy Color	Poster	World	Pok_mon_Crystal_Version_Emu_Edition__Poster__World__r2_4a16df61-56b2-4100-bc52-d5a818941d7e.png
IMG	Pokémon Crystal Version: Emu Edition	Nintendo Game Boy Color	Screenshot - Gameplay	World	Pok_mon_Crystal_Version_Emu_Edition__Screenshot_-_Gameplay__World__874cab6d-e3ee-4ec3-85ab-b3161f78bc0a.png
IMG	Pokémon Crystal Version: Emu Edition	Nintendo Game Boy Color	Screenshot - Gameplay	World	Pok_mon_Crystal_Version_Emu_Edition__Screenshot_-_Gameplay__World__87f493cc-6cf2-4217-b2ea-e8bbfdd3b47e.png
IMG	Pokémon Crystal Version: Emu Edition	Nintendo Game Boy Color	Screenshot - Gameplay	World	Pok_mon_Crystal_Version_Emu_Edition__Screenshot_-_Gameplay__World__f565ba52-9c33-41e6-bc51-1f3759e20557.png
IMG	Pokémon Pinball Generations	Nintendo Game Boy Color	Box - Front	World	Pok_mon_Pinball_Generations__Box_-_Front__World__r2_881b92d2-00f9-4fed-833d-382750335480.png
IMG	Pokémon Pinball Generations	Nintendo Game Boy Color	Clear Logo	World	Pok_mon_Pinball_Generations__Clear_Logo__World__r2_fb2fb71f-20a9-4d52-8a11-69f3f8027885.png
IMG	Pokémon Pinball Generations	Nintendo Game Boy Color	Fanart - Background	World	Pok_mon_Pinball_Generations__Fanart_-_Background__World__r2_97fed21f-5b33-46ae-bc90-d83c5d3fd662.png
IMG	Pokémon Pinball Generations	Nintendo Game Boy Color	Fanart - Background	World	Pok_mon_Pinball_Generations__Fanart_-_Background__World__r2_6b98572c-79de-4d0b-a871-25aa954f2a58.jpg
IMG	Pokémon Pinball Generations	Nintendo Game Boy Color	Screenshot - Game Title	World	Pok_mon_Pinball_Generations__Screenshot_-_Game_Title__World__f4f58dca-1903-41d0-a4d3-4261a299d1ba.png
IMG	Pokémon Red Advanced	Nintendo Game Boy	Screenshot - Game Select	World	Pok_mon_Red_Advanced__Screenshot_-_Game_Select__World__9e01579c-2d17-4323-a028-dfd995e0e7cc.png
IMG	Pokémon Dark Cry Version	Nintendo Game Boy Advance	Box - Front	North America	Pok_mon_Dark_Cry_Version__Box_-_Front__North_America__594b846f-d2ac-41be-8ee6-78f2956f1b47.jpg
IMG	Pokémon Dark Cry Version	Nintendo Game Boy Advance	Screenshot - Game Title		Pok_mon_Dark_Cry_Version__Screenshot_-_Game_Title____450fa37a-f565-4860-8e5d-65b23f86385d.png
IMG	Pokémon WaterBlue Version	Nintendo Game Boy Advance	Box - Front	World	Pok_mon_WaterBlue_Version__Box_-_Front__World__ecc9f0be-c73f-4e7b-9567-e71163dc11e0.png
IMG	Pokémon WaterBlue Version	Nintendo Game Boy Advance	Screenshot - Game Title		Pok_mon_WaterBlue_Version__Screenshot_-_Game_Title____908e89ed-abb8-4df3-a38d-14cb065e5147.png
IMG	Pokémon Fusion Origins	Nintendo Game Boy Advance	Clear Logo		Pok_mon_Fusion_Origins__Clear_Logo____23972c98-93c2-4161-a37e-dc4d88c8116f.png
IMG	Pokémon Fusion Origins	Nintendo Game Boy Advance	Fanart - Box - Front	World	Pok_mon_Fusion_Origins__Fanart_-_Box_-_Front__World__9e68201f-52e8-4cdf-a718-4ca7caef1496.png
IMG	Pokémon Fusion Origins	Nintendo Game Boy Advance	Screenshot - Gameplay		Pok_mon_Fusion_Origins__Screenshot_-_Gameplay____92d0a575-34aa-4a87-899a-87f142799566.png
IMG	Pokémon Emerald Chaos Ambulation	Nintendo Game Boy Advance	Screenshot - Gameplay	World	Pok_mon_Emerald_Chaos_Ambulation__Screenshot_-_Gameplay__World__727e46a5-769f-4e13-8585-00f92ecc7698.png
IMG	Pokémon Emerald Chaos Ambulation	Nintendo Game Boy Advance	Screenshot - Game Title	World	Pok_mon_Emerald_Chaos_Ambulation__Screenshot_-_Game_Title__World__0fd60e2a-e381-4cd5-b5e0-4de1be5ec567.png
IMG	Pokémon Emerald Ambulation	Nintendo Game Boy Advance	Screenshot - Gameplay	World	Pok_mon_Emerald_Ambulation__Screenshot_-_Gameplay__World__a9134268-ecb9-4002-a2a4-a14f8886599e.png
IMG	Pokémon Emerald Ambulation	Nintendo Game Boy Advance	Screenshot - Game Title	World	Pok_mon_Emerald_Ambulation__Screenshot_-_Game_Title__World__d9a65650-3395-442d-bbdb-7bc6943320de.png
IMG	Pokémon Moon Emerald	Nintendo Game Boy Advance	Box - Front	World	Pok_mon_Moon_Emerald__Box_-_Front__World__6af89182-d283-4b29-8477-03aad09b5dbf.jpg
IMG	Pokémon Moon Emerald	Nintendo Game Boy Advance	Clear Logo		Pok_mon_Moon_Emerald__Clear_Logo____c01996a7-a8bf-4b29-a26c-1e0e97f53150.png
IMG	Pokémon Moon Emerald	Nintendo Game Boy Advance	Fanart - Background		Pok_mon_Moon_Emerald__Fanart_-_Background____df0430a1-ed88-432e-aefb-a04136f60752.png
IMG	Pokémon Moon Emerald	Nintendo Game Boy Advance	Screenshot - Gameplay		Pok_mon_Moon_Emerald__Screenshot_-_Gameplay____73eb2798-9ba4-43b0-8ec8-7430d371514b.jpg
IMG	Pokémon Moon Emerald	Nintendo Game Boy Advance	Screenshot - Game Title		Pok_mon_Moon_Emerald__Screenshot_-_Game_Title____e6d8eb6d-b2d5-4a71-a151-0d2d8bf7e5a8.png
IMG	Pokémon Battle Factory	Nintendo Game Boy	Screenshot - Game Title	World	Pok_mon_Battle_Factory__Screenshot_-_Game_Title__World__f6905ef0-8895-4a76-a570-f1f06cf3d34a.png
IMG	Pokémon TRE: Team Rocket Edition	Nintendo Game Boy	Box - Front	North America	Pok_mon_TRE_Team_Rocket_Edition__Box_-_Front__North_America__bd1ff84d-540e-4f2e-905f-94f807b9e88b.jpg
IMG	Pokémon TRE: Team Rocket Edition	Nintendo Game Boy	Box - Front	World	Pok_mon_TRE_Team_Rocket_Edition__Box_-_Front__World__ca2607bb-67f6-4dfb-97ad-b41a7cf08447.jpg
IMG	Pokémon TRE: Team Rocket Edition	Nintendo Game Boy	Fanart - Cart - Front	World	Pok_mon_TRE_Team_Rocket_Edition__Fanart_-_Cart_-_Front__World__r2_cd23e02c-dd55-4373-baaa-109e518411a4.png
IMG	Pokémon Yellow: Cramorant Edition	Nintendo Game Boy	Box - 3D	United States	Pok_mon_Yellow_Cramorant_Edition__Box_-_3D__United_States__407d1d94-e6cd-43bb-a3d1-d1dbc157648b.png
IMG	Pokémon Yellow: Cramorant Edition	Nintendo Game Boy	Box - Front	World	Pok_mon_Yellow_Cramorant_Edition__Box_-_Front__World__3ee364d6-3988-4b1c-a176-b2c05fd86e26.png
IMG	Pokémon Yellow: Cramorant Edition	Nintendo Game Boy	Fanart - Box - Front	North America	Pok_mon_Yellow_Cramorant_Edition__Fanart_-_Box_-_Front__North_America__r2_817b1703-7c40-4f32-85d3-12d053955b95.png
IMG	Pokémon Yellow: Cramorant Edition	Nintendo Game Boy	Screenshot - Gameplay	World	Pok_mon_Yellow_Cramorant_Edition__Screenshot_-_Gameplay__World__34ec6222-a672-4159-94bc-c0fb19a48d66.png
IMG	Pokémon Yellow: Cramorant Edition	Nintendo Game Boy	Screenshot - Gameplay	World	Pok_mon_Yellow_Cramorant_Edition__Screenshot_-_Gameplay__World__77d958a1-f5ac-4961-b503-ad9e91c3e576.png
IMG	Pokémon Yellow: Cramorant Edition	Nintendo Game Boy	Screenshot - Gameplay	World	Pok_mon_Yellow_Cramorant_Edition__Screenshot_-_Gameplay__World__26aba1c2-05f9-4094-986a-a0357d11312c.png
IMG	Pokémon Yellow: Cramorant Edition	Nintendo Game Boy	Screenshot - Gameplay	World	Pok_mon_Yellow_Cramorant_Edition__Screenshot_-_Gameplay__World__bf57a713-4cef-4a48-97b3-8f8a447d6d98.png
IMG	Pokémon Naranja '99	Nintendo Game Boy	Screenshot - Gameplay	Spain	Pok_mon_Naranja_99__Screenshot_-_Gameplay__Spain__08fdd315-f4c8-43c7-9b32-df3455653f74.png
IMG	Pokémon Naranja '99	Nintendo Game Boy	Screenshot - Gameplay	Spain	Pok_mon_Naranja_99__Screenshot_-_Gameplay__Spain__d560cf78-0453-45cf-b86c-fae58ce2dcb2.png
IMG	Pokémon Naranja '99	Nintendo Game Boy	Screenshot - Gameplay	Spain	Pok_mon_Naranja_99__Screenshot_-_Gameplay__Spain__67be2b73-df97-4ed4-a918-e62115f664b0.png
IMG	Pokémon: New Hoenn	Nintendo Game Boy Advance	Box - Front	Brazil	Pok_mon_New_Hoenn__Box_-_Front__Brazil__0c1268cb-6d5c-4b6a-81d8-65eb46634775.jpg
IMG	Pokémon: Dreams	Nintendo Game Boy Advance	Box - Front	North America	Pok_mon_Dreams__Box_-_Front__North_America__7b0188fb-0791-471b-b63e-52f168cd3f02.png
IMG	Pokémon: Dreams	Nintendo Game Boy Advance	Clear Logo		Pok_mon_Dreams__Clear_Logo____f05db680-aa64-456c-9448-733639d3eecd.png
IMG	Pokémon Hypno's Lullaby	Nintendo Game Boy Advance	Box - Front	North America	Pok_mon_Hypno_s_Lullaby__Box_-_Front__North_America__4a719053-d5df-4a57-89a8-7751b1ac8f09.png
IMG	Pokémon Hypno's Lullaby	Nintendo Game Boy Advance	Screenshot - Gameplay	North America	Pok_mon_Hypno_s_Lullaby__Screenshot_-_Gameplay__North_America__r2_30ba6299-8d05-4bc3-aec1-dd3dfd91ad0c.png
IMG	Pokémon Hypno's Lullaby	Nintendo Game Boy Advance	Screenshot - Game Title	North America	Pok_mon_Hypno_s_Lullaby__Screenshot_-_Game_Title__North_America__r2_b7abd963-1dad-435f-8bec-5d4002e4c526.png
IMG	Pokémon Apocalypse	Nintendo Game Boy Advance	Screenshot - Game Title	China	Pok_mon_Apocalypse__Screenshot_-_Game_Title__China__6cbd75f5-f66b-44b9-a8ea-357276cb7cf8.png
IMG	Pokémon Crown	Nintendo Game Boy Advance	Box - Front	United States	Pok_mon_Crown__Box_-_Front__United_States__f9f2a233-a815-4100-b44f-9100144ec7f4.png
IMG	Pokémon Crown	Nintendo Game Boy Advance	Clear Logo		Pok_mon_Crown__Clear_Logo____c732a9bf-4a1c-49ea-8c9d-bf582b005b54.png
IMG	Pokémon Crown	Nintendo Game Boy Advance	Screenshot - Gameplay		Pok_mon_Crown__Screenshot_-_Gameplay____e6bc9cf0-1acb-41e0-b414-b72e1d15da26.jpg
IMG	Pokémon Crown	Nintendo Game Boy Advance	Screenshot - Gameplay		Pok_mon_Crown__Screenshot_-_Gameplay____a0db01f8-8b57-426f-b769-41b223afb643.png
IMG	Pokémon Crown	Nintendo Game Boy Advance	Screenshot - Game Title		Pok_mon_Crown__Screenshot_-_Game_Title____35441a98-fd5a-4a28-9556-3972d17a3172.png
IMG	Pokémon Scarlet Blaze	Nintendo Game Boy Advance	Box - Front	World	Pok_mon_Scarlet_Blaze__Box_-_Front__World__2f2fb2e0-f741-44a0-8dd7-340117690a57.jpg
IMG	Pokémon Emerald Rogue	Nintendo Game Boy Advance	Clear Logo	World	Pok_mon_Emerald_Rogue__Clear_Logo__World__88a13fe6-a357-4e92-9c57-2ac34d891cce.png
IMG	Pokémon Emerald Rogue	Nintendo Game Boy Advance	Fanart - Box - Front		Pok_mon_Emerald_Rogue__Fanart_-_Box_-_Front____5ea7e17d-6e1e-47b5-84ba-c827324d851e.png
IMG	Pokémon Emerald Rogue	Nintendo Game Boy Advance	Screenshot - Game Title	World	Pok_mon_Emerald_Rogue__Screenshot_-_Game_Title__World__12df3163-c4fa-44bc-aaa9-fe3d9637d45b.png
IMG	Pokémon Fire of Victory	Nintendo Game Boy Advance	Box - Front	North America	Pok_mon_Fire_of_Victory__Box_-_Front__North_America__985569cb-ad7f-4895-9995-f1630b07cc35.jpg
IMG	Pokémon Emerald Horizons	Nintendo Game Boy Advance	Box - Front	World	Pok_mon_Emerald_Horizons__Box_-_Front__World__r2_5730ee6b-2fbb-45c8-9bb3-4847ab5e2780.jpg
IMG	Pokémon Emerald Horizons	Nintendo Game Boy Advance	Clear Logo	World	Pok_mon_Emerald_Horizons__Clear_Logo__World__r2_99177c5b-3918-4398-81c0-31ee7f0319f9.png
IMG	Pokémon Emerald Horizons	Nintendo Game Boy Advance	Screenshot - Game Title	World	Pok_mon_Emerald_Horizons__Screenshot_-_Game_Title__World__9553daac-d44d-476b-bbe2-bc5f72423627.png
IMG	Pokémon Fire Gold 	Nintendo Game Boy Advance	Box - Front	North America	Pok_mon_Fire_Gold___Box_-_Front__North_America__a1334320-1833-4f1f-981e-67d15728f88c.jpg
IMG	Pokémon Genesis	Nintendo Game Boy Advance	Box - Front	North America	Pok_mon_Genesis__Box_-_Front__North_America__f54d5bfc-d24a-4c72-bf26-bc860044e6f9.png
IMG	Pokémon Emerald Crest	Nintendo Game Boy Advance	Box - Front	North America	Pok_mon_Emerald_Crest__Box_-_Front__North_America__2068baad-1aa8-4069-962e-0271e13b06fc.jpg
IMG	Pokémon Emerald Crest	Nintendo Game Boy Advance	Screenshot - Game Title	World	Pok_mon_Emerald_Crest__Screenshot_-_Game_Title__World__73bb2b4b-bbde-43c3-952b-c0304110c1e5.png
IMG	Pokémon Glimmering Emerald	Nintendo Game Boy Advance	Screenshot - Game Title	World	Pok_mon_Glimmering_Emerald__Screenshot_-_Game_Title__World__ff5d4953-22fe-4bd3-9443-985029c5a44b.png
IMG	Pokémon Fire Red Legacy	Nintendo Game Boy Advance	Box - Front	Europe	Pok_mon_Fire_Red_Legacy__Box_-_Front__Europe__1b45bd24-e24e-4400-bc6f-fe315ca720af.jpg
IMG	Pokémon Fire Red Legacy	Nintendo Game Boy Advance	Clear Logo	Brazil	Pok_mon_Fire_Red_Legacy__Clear_Logo__Brazil__r2_1f248a25-e0c5-4c56-9b0a-5a8b1a44825c.png
IMG	Pokémon Emerald Final	Nintendo Game Boy Advance	Box - Front	North America	Pok_mon_Emerald_Final__Box_-_Front__North_America__c08803d0-660c-48f7-b23e-5fa5c4fc4676.jpg
IMG	Pokémon Emerald Final	Nintendo Game Boy Advance	Clear Logo		Pok_mon_Emerald_Final__Clear_Logo____a77c9a61-6956-4a27-927c-eba86db640a4.png
IMG	Pokémon Emerald Final	Nintendo Game Boy Advance	Screenshot - Gameplay		Pok_mon_Emerald_Final__Screenshot_-_Gameplay____d25991b5-a612-4eff-9a8b-b23eee129c6e.png
IMG	Pokémon Emerald Final	Nintendo Game Boy Advance	Screenshot - Gameplay		Pok_mon_Emerald_Final__Screenshot_-_Gameplay____f8b47934-a38f-4fa3-9593-1f59be83ad40.png
IMG	Pokémon Emerald Final	Nintendo Game Boy Advance	Screenshot - Gameplay		Pok_mon_Emerald_Final__Screenshot_-_Gameplay____e4580063-8f31-49f0-90fd-c3b29188e1fd.png
IMG	Pokémon Emerald Final	Nintendo Game Boy Advance	Screenshot - Game Title		Pok_mon_Emerald_Final__Screenshot_-_Game_Title____7bd76aca-ee97-42bb-924b-5ab9a51d858d.png
IMG	Pokémon Azure Horizons	Nintendo Game Boy Advance	Box - Front	World	Pok_mon_Azure_Horizons__Box_-_Front__World__278bcf59-4d13-4c3b-bc5b-f744ad3f4122.jpg
IMG	Pokémon Wish	Nintendo Game Boy Advance	Box - Front	North America	Pok_mon_Wish__Box_-_Front__North_America__9fe8a539-9780-42e1-8965-8ef0f52a1f27.png
IMG	Pokémon Sevii	Nintendo Game Boy Advance	Box - Front	North America	Pok_mon_Sevii__Box_-_Front__North_America__a444c7c5-6946-479e-922f-146ac7670fc7.jpg
IMG	Pokémon Sevii	Nintendo Game Boy Advance	Screenshot - Game Title	World	Pok_mon_Sevii__Screenshot_-_Game_Title__World__9d6c724c-8a6a-48e3-995e-7b50e28c478a.png
IMG	Pokémon Normal Version	Nintendo Game Boy Advance	Box - Front	World	Pok_mon_Normal_Version__Box_-_Front__World__c1517430-efb1-4bc7-9163-874b8c7a71e4.png
IMG	Pokémon Coral Version	Nintendo Game Boy Color	Box - Front	World	Pok_mon_Coral_Version__Box_-_Front__World__687b52d3-7e1e-4862-b553-970fe325b2d3.jpg
IMG	Pokémon Crystal Ultimate	Nintendo Game Boy Color	Banner	World	Pok_mon_Crystal_Ultimate__Banner__World__30f80f9b-aba2-4d49-87dc-4cf36bc67bb2.png
IMG	Pokémon Crystal Ultimate	Nintendo Game Boy Color	Box - Front	World	Pok_mon_Crystal_Ultimate__Box_-_Front__World__r2_ac88b1c4-970d-4dee-aaaa-81dec6a13950.png
IMG	Pokémon Crystal Ultimate	Nintendo Game Boy Color	Screenshot - Gameplay	World	Pok_mon_Crystal_Ultimate__Screenshot_-_Gameplay__World__r2_95557d63-0674-473a-8850-d236bdf909fc.png
IMG	Pokémon Crystal Ultimate	Nintendo Game Boy Color	Screenshot - Gameplay	World	Pok_mon_Crystal_Ultimate__Screenshot_-_Gameplay__World__r2_0500942f-c835-4d2d-b130-cdd63a7ec9fb.png
IMG	Pokémon Crystal Ultimate	Nintendo Game Boy Color	Screenshot - Gameplay	World	Pok_mon_Crystal_Ultimate__Screenshot_-_Gameplay__World__r2_bfa540cf-6e0c-4e06-a118-5bbf6d69d414.png
IMG	Pokémon Crystal Ultimate	Nintendo Game Boy Color	Screenshot - Gameplay	World	Pok_mon_Crystal_Ultimate__Screenshot_-_Gameplay__World__r2_c6e25cb8-7571-4697-8fc8-2738bd18f829.png
IMG	Pokémon Crystal Ultimate	Nintendo Game Boy Color	Screenshot - Game Title	World	Pok_mon_Crystal_Ultimate__Screenshot_-_Game_Title__World__r2_17f30cea-1db8-4456-a76f-5574166607ce.png
IMG	Pokémon Mythic Legends	Nintendo Game Boy Advance	Box - Front	World	Pok_mon_Mythic_Legends__Box_-_Front__World__a90e2d08-a6a6-4222-993c-ba12140454bd.jpg
IMG	Pokémon Kalos Crystal	Nintendo Game Boy Color	Box - Front	North America	Pok_mon_Kalos_Crystal__Box_-_Front__North_America__baaaaa27-480b-4ff7-bc15-eb0b7e464901.png
IMG	Pokémon Inflamed Red	Nintendo Game Boy Advance	Box - Front	North America	Pok_mon_Inflamed_Red__Box_-_Front__North_America__4674564b-a405-42f7-94d4-00f5c6495818.jpg
IMG	Pokémon Neon Blue	Nintendo Game Boy Advance	Box - Front	North America	Pok_mon_Neon_Blue__Box_-_Front__North_America__b29ad3b2-f5df-4754-8d49-02dbce21fc23.jpg
IMG	Pokémon Neon Blue	Nintendo Game Boy Advance	Screenshot - Game Title	World	Pok_mon_Neon_Blue__Screenshot_-_Game_Title__World__2c2f1a55-b265-4603-b402-7b5b2fafb14d.png
IMG	Pokémon Peridot Version	Nintendo Game Boy Color	Box - Front	North America	Pok_mon_Peridot_Version__Box_-_Front__North_America__r2_98d9c496-ee67-46cd-9a64-dffbc211fbd5.jpg
IMG	Pokémon Peridot Version	Nintendo Game Boy Color	Poster	World	Pok_mon_Peridot_Version__Poster__World__r2_bd61d0ce-a3d0-4e8c-b76f-fdbd0992d3fe.png
IMG	Pokémon Peridot Version	Nintendo Game Boy Color	Screenshot - Gameplay	World	Pok_mon_Peridot_Version__Screenshot_-_Gameplay__World__r2_5ad4b9d5-8bf6-4e8d-b75c-46860cfd67c0.png
IMG	Pokémon Peridot Version	Nintendo Game Boy Color	Screenshot - Gameplay	World	Pok_mon_Peridot_Version__Screenshot_-_Gameplay__World__r2_00947fef-9d42-44a0-861b-f54607c96240.png
IMG	Pokémon Peridot Version	Nintendo Game Boy Color	Screenshot - Gameplay	World	Pok_mon_Peridot_Version__Screenshot_-_Gameplay__World__r2_bfa181dc-996c-416b-a49a-4a50af56d151.png
IMG	Pokémon Peridot Version	Nintendo Game Boy Color	Screenshot - Gameplay	World	Pok_mon_Peridot_Version__Screenshot_-_Gameplay__World__r2_88f188b6-212f-45f3-9f45-0d7cddb10ddf.png
IMG	Pokémon Peridot Version	Nintendo Game Boy Color	Screenshot - Game Title	World	Pok_mon_Peridot_Version__Screenshot_-_Game_Title__World__fa4dba1a-e1be-48f8-b354-08c95ba1a218.png
IMG	Pokémon Sword and Shield GBA	Nintendo Game Boy Advance	Box - Front	North America	Pok_mon_Sword_and_Shield_GBA__Box_-_Front__North_America__38e46d95-e43c-4bab-8a58-20b7eca851a9.png
IMG	Pokémon Sword and Shield GBA	Nintendo Game Boy Advance	Box - Front	North America	Pok_mon_Sword_and_Shield_GBA__Box_-_Front__North_America__1cd5f03e-5351-4db0-8b69-d871d5e24d7c.png
IMG	Pokémon Sword and Shield GBA	Nintendo Game Boy Advance	Clear Logo	World	Pok_mon_Sword_and_Shield_GBA__Clear_Logo__World__r2_a2b8a24e-82b8-4648-a022-cbd006d63f65.png
IMG	Pokémon Sword and Shield GBA	Nintendo Game Boy Advance	Fanart - Background	World	Pok_mon_Sword_and_Shield_GBA__Fanart_-_Background__World__r2_d2818ceb-d829-4bd3-82fc-83e447f637e6.png
IMG	Pokémon Sword and Shield GBA	Nintendo Game Boy Advance	Fanart - Cart - Front	Brazil	Pok_mon_Sword_and_Shield_GBA__Fanart_-_Cart_-_Front__Brazil__2aed4026-7ee9-4b05-89cc-de12f3327329.png
IMG	Pokémon Sovereign of the Skies	Nintendo Game Boy Advance	Box - Front	World	Pok_mon_Sovereign_of_the_Skies__Box_-_Front__World__0768e478-0a58-43ac-9850-b2868f1f9638.jpg
IMG	Pokémon Odyssey	Nintendo Game Boy Advance	Box - Front	World	Pok_mon_Odyssey__Box_-_Front__World__57a2f1b2-1031-4d47-9991-8d456438ebf2.png
IMG	Pokémon Odyssey	Nintendo Game Boy Advance	Box - Front - Reconstructed	World	Pok_mon_Odyssey__Box_-_Front_-_Reconstructed__World__r2_1eda0d59-1754-4964-8319-4c383bdb42fe.png
IMG	Pokémon Odyssey	Nintendo Game Boy Advance	Cart - Front	World	Pok_mon_Odyssey__Cart_-_Front__World__r2_2f7d2de3-d3f2-422a-851b-fb36c2ee0bf8.png
IMG	Pokémon Odyssey	Nintendo Game Boy Advance	Clear Logo	World	Pok_mon_Odyssey__Clear_Logo__World__r2_2d1d56a2-2942-489c-9901-c1d3d7501c7a.png
IMG	Pokémon Odyssey	Nintendo Game Boy Advance	Screenshot - Gameplay	World	Pok_mon_Odyssey__Screenshot_-_Gameplay__World__r2_be62624c-ff94-4f60-8df3-0547e1cca293.jpg
IMG	Pokémon New Gold Era	Nintendo Game Boy Color	Box - Front	World	Pok_mon_New_Gold_Era__Box_-_Front__World__861d01fd-eb71-4aa1-8743-8c3ba790ae9e.png
IMG	Pokémon Atlas Emerald	Nintendo Game Boy Advance	Screenshot - Game Title	World	Pok_mon_Atlas_Emerald__Screenshot_-_Game_Title__World__b3ebafb2-3498-4de7-adb5-bb8bdba7a5fc.png
IMG	Pokémon Sors	Nintendo Game Boy Advance	Box - Front	World	Pok_mon_Sors__Box_-_Front__World__41717fe3-68e3-4256-8855-5229ab95b46b.jpg
IMG	Pokémon Modern Emerald	Nintendo Game Boy Advance	Box - Front	World	Pok_mon_Modern_Emerald__Box_-_Front__World__00acf34b-b684-4008-b4f5-e6dcd8495059.png
IMG	Pokémon Black and White 3 Genesis	Nintendo Game Boy Color	Box - Front	World	Pok_mon_Black_and_White_3_Genesis__Box_-_Front__World__047db454-5314-424e-a98a-3903769ea32c.jpg
IMG	Pokémon Black and White 3 Genesis	Nintendo Game Boy Color	Clear Logo	North America	Pok_mon_Black_and_White_3_Genesis__Clear_Logo__North_America__r2_c9374275-24c0-4962-b4c6-624ab8f08cce.png
IMG	Pokémon Black and White 3 Genesis	Nintendo Game Boy Color	Screenshot - Game Title	World	Pok_mon_Black_and_White_3_Genesis__Screenshot_-_Game_Title__World__e7d409d3-43a1-48c8-9fb5-5be7405b9a35.png
IMG	Pokémon Wasteland	Nintendo Game Boy Color	Box - Front	North America	Pok_mon_Wasteland__Box_-_Front__North_America__168f96e9-3cfb-4909-a134-6c7a75af8eaa.png
IMG	Pokémon Wasteland	Nintendo Game Boy Color	Screenshot - Gameplay	World	Pok_mon_Wasteland__Screenshot_-_Gameplay__World__r2_4c293993-3eea-4890-acda-86e2ea3fb803.png
IMG	Pokémon Wasteland	Nintendo Game Boy Color	Screenshot - Gameplay	World	Pok_mon_Wasteland__Screenshot_-_Gameplay__World__r2_3dd1edc8-7632-4016-a7f2-f40d313b0e26.png
IMG	Pokémon Wasteland	Nintendo Game Boy Color	Screenshot - Gameplay	World	Pok_mon_Wasteland__Screenshot_-_Gameplay__World__r2_848056b4-959f-481d-b089-e21a4a462717.png
IMG	Pokémon Wasteland	Nintendo Game Boy Color	Screenshot - Gameplay	World	Pok_mon_Wasteland__Screenshot_-_Gameplay__World__r2_17628bc5-5d08-4dfe-b1b0-c1f0807ae512.png
IMG	Pokémon Wasteland	Nintendo Game Boy Color	Screenshot - Gameplay	World	Pok_mon_Wasteland__Screenshot_-_Gameplay__World__r2_0090e1d8-61e8-4334-84f0-9898192803aa.png
IMG	Pokémon Wasteland	Nintendo Game Boy Color	Screenshot - Game Title	World	Pok_mon_Wasteland__Screenshot_-_Game_Title__World__r2_5a359740-8094-40e7-9d20-17239a16cbcf.png
IMG	Pokémon TCG Neo	Nintendo Game Boy Color	Box - Front	World	Pok_mon_TCG_Neo__Box_-_Front__World__31db598e-0faa-4e8c-924f-008014536845.jpg
IMG	Pokémon TCG Neo	Nintendo Game Boy Color	Box - Front	North America	Pok_mon_TCG_Neo__Box_-_Front__North_America__r2_89e27914-d8fa-4f8b-914a-01dfb73f584a.png
IMG	Pokémon TCG Neo	Nintendo Game Boy Color	Clear Logo	World	Pok_mon_TCG_Neo__Clear_Logo__World__b708ccaa-5199-4d55-90f3-7018271b9245.png
IMG	Pokémon TCG Neo	Nintendo Game Boy Color	Fanart - Box - Front		Pok_mon_TCG_Neo__Fanart_-_Box_-_Front____23cca8a7-5e4d-47b8-94c6-da4f7d5c794b.png
IMG	Pokémon TCG Neo	Nintendo Game Boy Color	Fanart - Box - Front	Japan	Pok_mon_TCG_Neo__Fanart_-_Box_-_Front__Japan__r2_53af2620-b531-4884-850f-d6301ed2cdbd.png
IMG	Pokémon TCG Neo	Nintendo Game Boy Color	Screenshot - Gameplay		Pok_mon_TCG_Neo__Screenshot_-_Gameplay____67b4628c-9ea1-46a1-8ea8-253471541683.png
IMG	Pokémon TCG Neo	Nintendo Game Boy Color	Screenshot - Game Title		Pok_mon_TCG_Neo__Screenshot_-_Game_Title____3583169d-fd21-4ac9-aa54-d000f5bab443.png
IMG	Pokémon Soul Crystal	Nintendo Game Boy Color	Screenshot - Game Title	World	Pok_mon_Soul_Crystal__Screenshot_-_Game_Title__World__6eb861b7-50fe-4ffe-a2c5-d0712618ca81.png
IMG	Pokémon Rising Crystal	Nintendo Game Boy Color	Box - Front	World	Pok_mon_Rising_Crystal__Box_-_Front__World__r2_34a088b9-9879-4eae-9104-2790dfe8b3f5.png
IMG	Pokémon Rising Crystal	Nintendo Game Boy Color	Screenshot - Gameplay	World	Pok_mon_Rising_Crystal__Screenshot_-_Gameplay__World__r2_65e55cf0-611e-480f-aa4b-5bc517450067.png
IMG	Pokémon Rising Crystal	Nintendo Game Boy Color	Screenshot - Gameplay	World	Pok_mon_Rising_Crystal__Screenshot_-_Gameplay__World__r2_83fbea96-34e3-4b1b-afdd-db99085667e2.png
IMG	Pokémon Rising Crystal	Nintendo Game Boy Color	Screenshot - Gameplay	World	Pok_mon_Rising_Crystal__Screenshot_-_Gameplay__World__r2_d785df92-a0c4-4d76-8bdb-4d3d331e62c9.png
IMG	Pokémon Rising Crystal	Nintendo Game Boy Color	Screenshot - Gameplay	World	Pok_mon_Rising_Crystal__Screenshot_-_Gameplay__World__r2_b22c92cd-aecd-46cb-bc6c-e4b48deb02be.png
IMG	Pokémon Rising Crystal	Nintendo Game Boy Color	Screenshot - Game Title	World	Pok_mon_Rising_Crystal__Screenshot_-_Game_Title__World__66afd3d5-3748-4ff8-bc42-7ff3e5a6bc31.png
IMG	Pokémon Elite Redux	Nintendo Game Boy Advance	Box - Front	North America	Pok_mon_Elite_Redux__Box_-_Front__North_America__7ea3f92d-5095-450f-80a8-3a50c9fb0e45.jpg
IMG	Pokémon Elite Redux	Nintendo Game Boy Advance	Clear Logo	North America	Pok_mon_Elite_Redux__Clear_Logo__North_America__r2_3a167e8d-5f1d-4649-b522-db3ad0a0e2f3.png
IMG	Pokémon Elite Redux	Nintendo Game Boy Advance	Screenshot - Gameplay	North America	Pok_mon_Elite_Redux__Screenshot_-_Gameplay__North_America__r2_827ada97-a477-4ae4-bc2f-caca60ff1561.png
IMG	Pokémon Elite Redux	Nintendo Game Boy Advance	Screenshot - Game Title	North America	Pok_mon_Elite_Redux__Screenshot_-_Game_Title__North_America__r2_02f8de91-21b9-4332-83a1-abf01a671d50.png
IMG	Pokémon Johto Legends	Nintendo Game Boy Color	Box - Front	World	Pok_mon_Johto_Legends__Box_-_Front__World__a76e6cb5-c710-4919-b0c4-7ed7b4591fe8.jpg
IMG	Pokémon Johto Legends	Nintendo Game Boy Color	Fanart - Box - Front		Pok_mon_Johto_Legends__Fanart_-_Box_-_Front____72da9cef-58b7-4770-ada9-23d3faa08818.jpg
IMG	Pokémon Johto Legends	Nintendo Game Boy Color	Fanart - Box - Front		Pok_mon_Johto_Legends__Fanart_-_Box_-_Front____d3d06e29-1200-47d3-89e2-d9667254ae06.jpg
IMG	Pokémon World Stadium	Nintendo Game Boy Advance	Box - Front	World	Pok_mon_World_Stadium__Box_-_Front__World__r2_a2154e67-8f7c-49ef-87cf-616b8b5f6be0.png
IMG	Pokémon World Stadium	Nintendo Game Boy Advance	Box - Front	North America	Pok_mon_World_Stadium__Box_-_Front__North_America__96d77c1a-5e02-4d04-8d1f-8b154b36cde6.jpg
IMG	Pokémon World Stadium	Nintendo Game Boy Advance	Screenshot - Gameplay	World	Pok_mon_World_Stadium__Screenshot_-_Gameplay__World__r2_212572a3-eaa6-447a-a87f-4796b08c98f7.png
IMG	Pokémon World Stadium	Nintendo Game Boy Advance	Screenshot - Game Title	World	Pok_mon_World_Stadium__Screenshot_-_Game_Title__World__r2_1471502b-2cfe-4407-ba98-7f03f8e84c32.png
IMG	Pokémon Quetzal	Nintendo Game Boy Advance	Box - Front	World	Pok_mon_Quetzal__Box_-_Front__World__2be26e7a-278a-41de-8723-d465215e6c24.jpg
IMG	Pokémon Quetzal	Nintendo Game Boy Advance	Clear Logo		Pok_mon_Quetzal__Clear_Logo____48a6349f-7db3-4fe3-84fd-3b5dff4b4b27.png
IMG	Pokémon Quetzal	Nintendo Game Boy Advance	Fanart - Box - Front	North America	Pok_mon_Quetzal__Fanart_-_Box_-_Front__North_America__r2_82d01161-2859-4e59-add3-5e09b4f25ff6.png
IMG	Kanto Expansion Pak	Nintendo Game Boy	Advertisement Flyer - Front	World	Kanto_Expansion_Pak__Advertisement_Flyer_-_Front__World__b85cf971-afcb-44ff-92f6-92fe6b9ba76d.png
IMG	Kanto Expansion Pak	Nintendo Game Boy	Box - Spine	World	Kanto_Expansion_Pak__Box_-_Spine__World__1321343f-896f-4b98-b095-b1dbfb4bbbcc.jpg
IMG	Kanto Expansion Pak	Nintendo Game Boy	Clear Logo	World	Kanto_Expansion_Pak__Clear_Logo__World__516fd27e-16b0-4ba7-8971-fcd4dfa2b1c9.png
IMG	Kanto Expansion Pak	Nintendo Game Boy	Fanart - Box - Back	North America	Kanto_Expansion_Pak__Fanart_-_Box_-_Back__North_America__6040f9a5-403a-4dd5-8c28-63210c48ba94.jpg
IMG	Kanto Expansion Pak	Nintendo Game Boy	Fanart - Box - Front	Japan	Kanto_Expansion_Pak__Fanart_-_Box_-_Front__Japan__e449b26c-4dbe-444d-a334-2fa3cbd82ffc.png
IMG	Kanto Expansion Pak	Nintendo Game Boy	Fanart - Box - Front	North America	Kanto_Expansion_Pak__Fanart_-_Box_-_Front__North_America__77c60000-6df6-4648-bef5-8acf7b9b1347.png
IMG	Kanto Expansion Pak	Nintendo Game Boy	Fanart - Cart - Front	North America	Kanto_Expansion_Pak__Fanart_-_Cart_-_Front__North_America__ed3b38f2-9749-4d7d-a3c0-c3f76ad29f34.png
IMG	Kanto Expansion Pak	Nintendo Game Boy	Screenshot - Gameplay	World	Kanto_Expansion_Pak__Screenshot_-_Gameplay__World__85f6aa56-0491-4988-800b-82f40f776a5c.png
IMG	Kanto Expansion Pak	Nintendo Game Boy	Screenshot - Game Title	World	Kanto_Expansion_Pak__Screenshot_-_Game_Title__World__fc2770fc-5ae4-41ce-8e4a-f361db119daa.png
IMG	Pokémon Fire Red Extended	Nintendo Game Boy Advance	Box - Front	World	Pok_mon_Fire_Red_Extended__Box_-_Front__World__64039320-d577-4461-b1f6-03dbbd89c256.png
IMG	Pokémon Fire Red Extended	Nintendo Game Boy Advance	Screenshot - Gameplay	World	Pok_mon_Fire_Red_Extended__Screenshot_-_Gameplay__World__0227581c-49aa-46c7-89df-1ded1e17fab0.png
IMG	Shin Pokémon Red	Nintendo Game Boy	Box - Front	World	Shin_Pok_mon_Red__Box_-_Front__World__59d994e1-53ed-4918-abba-4d54323a1e5d.png
IMG	Shin Pokémon Green	Nintendo Game Boy	Box - Front	World	Shin_Pok_mon_Green__Box_-_Front__World__395f9882-fb84-4d5d-af08-9bc5be221247.png
IMG	Shin Pokémon Blue	Nintendo Game Boy	Box - Front	World	Shin_Pok_mon_Blue__Box_-_Front__World__5a33d0ac-15f9-4ade-bb58-4f254710062f.png
IMG	Pokémon Crystal Legacy	Nintendo Game Boy Color	Clear Logo	World	Pok_mon_Crystal_Legacy__Clear_Logo__World__r2_e6e92540-aa3d-4d33-aeeb-8079654afed6.png
IMG	Pokémon Crystal Legacy	Nintendo Game Boy Color	Fanart - Box - Front	North America	Pok_mon_Crystal_Legacy__Fanart_-_Box_-_Front__North_America__r2_bef114c1-02eb-460c-a555-624bdd83fbc9.jpg
IMG	Pokémon Crystal Legacy	Nintendo Game Boy Color	Screenshot - Gameplay	World	Pok_mon_Crystal_Legacy__Screenshot_-_Gameplay__World__030d9c17-2838-4e0c-b8d7-b2ec30ea6d42.jpg
IMG	Pokémon Crystal Legacy	Nintendo Game Boy Color	Screenshot - Gameplay	World	Pok_mon_Crystal_Legacy__Screenshot_-_Gameplay__World__87e82dff-7358-42b1-bf52-7af7e860db1f.jpg
IMG	Pokémon Crystal Legacy	Nintendo Game Boy Color	Screenshot - Gameplay	World	Pok_mon_Crystal_Legacy__Screenshot_-_Gameplay__World__b29a4689-361d-4952-959d-834f19124351.jpg
IMG	Pokémon Crystal Legacy	Nintendo Game Boy Color	Screenshot - Gameplay	World	Pok_mon_Crystal_Legacy__Screenshot_-_Gameplay__World__33b1b712-36dd-4802-9aac-ed5ed9ab067e.jpg
IMG	Pokémon Crystal Legacy	Nintendo Game Boy Color	Screenshot - Game Title	World	Pok_mon_Crystal_Legacy__Screenshot_-_Game_Title__World__898b7c3f-4f87-45d5-ae79-c6f75b06f277.jpg
IMG	Pokémon Emerald Seaglass	Nintendo Game Boy Advance	Box - Front	North America	Pok_mon_Emerald_Seaglass__Box_-_Front__North_America__631a9008-618c-4cff-8f04-bdc01a0c1762.png
IMG	Pokémon Emerald Seaglass	Nintendo Game Boy Advance	Box - Front	United States	Pok_mon_Emerald_Seaglass__Box_-_Front__United_States__d99c95ee-4965-456a-a946-21e5cc2fbc3c.png
IMG	Pokémon Emerald Seaglass	Nintendo Game Boy Advance	Box - Front	North America	Pok_mon_Emerald_Seaglass__Box_-_Front__North_America__86705c32-56a8-46ff-a398-d7ff18cfefb1.png
IMG	Pokémon Emerald Seaglass	Nintendo Game Boy Advance	Clear Logo	United States	Pok_mon_Emerald_Seaglass__Clear_Logo__United_States__r2_1f73ac96-b67b-44b5-aea2-a88c6614c204.png
IMG	Pokémon Emerald Seaglass	Nintendo Game Boy Advance	Clear Logo		Pok_mon_Emerald_Seaglass__Clear_Logo____7bf49fba-70e8-4bef-9a60-bd7ce9b827f9.png
IMG	Pokémon Emerald Seaglass	Nintendo Game Boy Advance	Fanart - Background	World	Pok_mon_Emerald_Seaglass__Fanart_-_Background__World__r2_df8a71ab-03ec-46ac-9958-8b9673888a39.jpg
IMG	Pokémon Emerald Seaglass	Nintendo Game Boy Advance	Fanart - Box - Front	World	Pok_mon_Emerald_Seaglass__Fanart_-_Box_-_Front__World__r2_decaad32-e85e-4ee9-bf26-fd40e51313b6.jpg
IMG	Pokémon Emerald Seaglass	Nintendo Game Boy Advance	Screenshot - Gameplay	World	Pok_mon_Emerald_Seaglass__Screenshot_-_Gameplay__World__r2_75e27a5e-7471-45f7-a29c-1ccd1d9181ef.png
IMG	Pokémon Emerald Seaglass	Nintendo Game Boy Advance	Screenshot - Gameplay	China	Pok_mon_Emerald_Seaglass__Screenshot_-_Gameplay__China__r2_418ac8dd-c8f0-452c-a0c3-9834547adb96.png
IMG	Pokémon Emerald Seaglass	Nintendo Game Boy Advance	Screenshot - Gameplay	China	Pok_mon_Emerald_Seaglass__Screenshot_-_Gameplay__China__r2_aeefcbd4-f813-48aa-9a28-43efa34bfcb9.png
IMG	Pokémon Emerald Seaglass	Nintendo Game Boy Advance	Screenshot - Gameplay	World	Pok_mon_Emerald_Seaglass__Screenshot_-_Gameplay__World__e2e807c5-9848-4614-9b7e-be5317e7b0f6.png
IMG	Pokémon Emerald Seaglass	Nintendo Game Boy Advance	Screenshot - Gameplay	China	Pok_mon_Emerald_Seaglass__Screenshot_-_Gameplay__China__r2_ac1dfa2b-dcbb-47d2-9733-ca981aa285b9.png
IMG	Pokémon Emerald Seaglass	Nintendo Game Boy Advance	Screenshot - Gameplay	World	Pok_mon_Emerald_Seaglass__Screenshot_-_Gameplay__World__ff04cbf8-f033-4ed0-bc31-dcb924fc2d36.png
IMG	Pokémon Emerald Seaglass	Nintendo Game Boy Advance	Screenshot - Gameplay	World	Pok_mon_Emerald_Seaglass__Screenshot_-_Gameplay__World__a8788229-1e72-4864-bb9b-c3dfa648eb08.png
IMG	Pokémon Emerald Seaglass	Nintendo Game Boy Advance	Screenshot - Gameplay	World	Pok_mon_Emerald_Seaglass__Screenshot_-_Gameplay__World__84e19018-bafd-4265-9d1d-5e19ab643dc2.png
IMG	Pokémon Emerald Seaglass	Nintendo Game Boy Advance	Screenshot - Game Title		Pok_mon_Emerald_Seaglass__Screenshot_-_Game_Title____de693a9a-f840-4287-b4dd-384814d78700.png
IMG	Pokémon Revelation	Nintendo Game Boy Advance	Box - Front	World	Pok_mon_Revelation__Box_-_Front__World__05406dd7-1910-4059-a62e-68c177ae912e.png
IMG	Pokémon Revelation	Nintendo Game Boy Advance	Clear Logo	World	Pok_mon_Revelation__Clear_Logo__World__f89ccb4f-eadb-452b-af49-63254d44e038.png
IMG	Pokémon Recharged Yellow	Nintendo Game Boy Advance	Box - Front	World	Pok_mon_Recharged_Yellow__Box_-_Front__World__900c7b3e-818e-4644-9bfa-ad101b0b5265.png
IMG	Pokémon Recharged Yellow	Nintendo Game Boy Advance	Clear Logo	World	Pok_mon_Recharged_Yellow__Clear_Logo__World__8abfac0b-b214-468a-b276-f8578cf38ff5.png
IMG	Pokémon Recharged Yellow	Nintendo Game Boy Advance	Screenshot - Gameplay	World	Pok_mon_Recharged_Yellow__Screenshot_-_Gameplay__World__da95d726-6fce-4fda-b3d9-de3249738d85.png
IMG	Pokémon Recharged Yellow	Nintendo Game Boy Advance	Screenshot - Game Title	World	Pok_mon_Recharged_Yellow__Screenshot_-_Game_Title__World__98a3bc79-6c06-4c2c-8902-5e0f336246b7.png
IMG	Pokémon Recharged Emerald	Nintendo Game Boy Advance	Box - Front	World	Pok_mon_Recharged_Emerald__Box_-_Front__World__0fa6c115-abe8-47d9-9e4e-5049d8ec6214.png
IMG	Pokémon Recharged Emerald	Nintendo Game Boy Advance	Clear Logo	World	Pok_mon_Recharged_Emerald__Clear_Logo__World__9f57beaf-3c0d-438b-88cb-99f2e4a8cdf6.png
IMG	Pokémon Recharged Emerald	Nintendo Game Boy Advance	Screenshot - Gameplay	World	Pok_mon_Recharged_Emerald__Screenshot_-_Gameplay__World__93c2aa02-86e4-46b9-b4d1-8aafb4741722.png
IMG	Pokémon Recharged Emerald	Nintendo Game Boy Advance	Screenshot - Game Title	World	Pok_mon_Recharged_Emerald__Screenshot_-_Game_Title__World__36aa3046-6a4e-4298-8120-aaabbb54775b.png
IMG	Pokémon Coastal Version	Nintendo Game Boy Advance	Box - Front	World	Pok_mon_Coastal_Version__Box_-_Front__World__7632551a-3377-4676-9220-18922545e392.jpg
IMG	Pokémon Coastal Version	Nintendo Game Boy Advance	Screenshot - Gameplay	World	Pok_mon_Coastal_Version__Screenshot_-_Gameplay__World__44b1d465-2b3d-4a03-83d6-2d8ece69f488.png
IMG	Pokémon Coastal Version	Nintendo Game Boy Advance	Screenshot - Gameplay	World	Pok_mon_Coastal_Version__Screenshot_-_Gameplay__World__207c7fdf-fa98-4926-b7ab-a1ae79ab5307.png
IMG	Pokémon Coastal Version	Nintendo Game Boy Advance	Screenshot - Gameplay	World	Pok_mon_Coastal_Version__Screenshot_-_Gameplay__World__bfe0a9b1-94f1-4b07-aebe-799e62412b3f.png
IMG	Pokémon Coastal Version	Nintendo Game Boy Advance	Screenshot - Game Title	World	Pok_mon_Coastal_Version__Screenshot_-_Game_Title__World__d5672c22-98d7-47e3-b09c-e0ce6c0d9630.png
IMG	Pokémon AlteRed	Nintendo Game Boy Advance	Box - Front	World	Pok_mon_AlteRed__Box_-_Front__World__9848f3e2-f56a-4872-80da-3c66511105e9.jpg
IMG	Pokémon AlteRed	Nintendo Game Boy Advance	Screenshot - Game Title	World	Pok_mon_AlteRed__Screenshot_-_Game_Title__World__668d6289-ea3f-4827-b461-598467fe31a6.jpg
IMG	Pokémon Sun Sky	Nintendo Game Boy Advance	Box - Front	World	Pok_mon_Sun_Sky__Box_-_Front__World__835f9db9-66eb-4ea5-aa8a-3ec353aa2d61.jpg
IMG	Pokémon Sun Sky	Nintendo Game Boy Advance	Screenshot - Gameplay	World	Pok_mon_Sun_Sky__Screenshot_-_Gameplay__World__24572288-fc82-4a5f-9cfa-f2389e09bd60.jpg
IMG	Pokémon Sun Sky	Nintendo Game Boy Advance	Screenshot - Game Title	World	Pok_mon_Sun_Sky__Screenshot_-_Game_Title__World__502cb08f-fe55-4479-adc0-b9fa3978bcbb.png
IMG	Star Beasts Asteroid Version	Nintendo Game Boy	Box - Front	World	Star_Beasts_Asteroid_Version__Box_-_Front__World__d40b6659-6b00-419d-8427-ca57b4016f98.jpg
IMG	Star Beasts Asteroid Version	Nintendo Game Boy	Screenshot - Gameplay	World	Star_Beasts_Asteroid_Version__Screenshot_-_Gameplay__World__02471916-6677-4a31-be4a-d80a39fd5b2e.jpg
IMG	Star Beasts Asteroid Version	Nintendo Game Boy	Screenshot - Gameplay	World	Star_Beasts_Asteroid_Version__Screenshot_-_Gameplay__World__cb1ae1e6-2949-42d3-9240-535bddb4cf0c.jpg
IMG	Star Beasts Asteroid Version	Nintendo Game Boy	Screenshot - Gameplay	World	Star_Beasts_Asteroid_Version__Screenshot_-_Gameplay__World__2da4baa5-4e1b-434c-8ca3-b927592f642d.jpg
IMG	Star Beasts Asteroid Version	Nintendo Game Boy	Screenshot - Gameplay	World	Star_Beasts_Asteroid_Version__Screenshot_-_Gameplay__World__ca2cf606-1f69-4ea3-b72b-c294860b253c.jpg
IMG	Star Beasts Asteroid Version	Nintendo Game Boy	Screenshot - Game Title	World	Star_Beasts_Asteroid_Version__Screenshot_-_Game_Title__World__53ad05dc-909b-4e9b-92cd-46e64ef89ad5.jpg
IMG	Pokémon Fire Red Multiverse	Nintendo Game Boy Advance	Box - Front	World	Pok_mon_Fire_Red_Multiverse__Box_-_Front__World__f0bda563-c86a-4225-b70e-219b2de74aed.jpg
IMG	Pokémon Fire Red Multiverse	Nintendo Game Boy Advance	Screenshot - Game Title	World	Pok_mon_Fire_Red_Multiverse__Screenshot_-_Game_Title__World__fa6028fb-a8f0-48fa-b83f-a84a6e6129dd.jpg
IMG	Pokémon Moon Galaxy	Nintendo Game Boy Advance	Box - Front	World	Pok_mon_Moon_Galaxy__Box_-_Front__World__876e9031-581f-4672-8492-4c0bccef9b9e.jpg
IMG	Pokémon Moon Galaxy	Nintendo Game Boy Advance	Screenshot - Gameplay	World	Pok_mon_Moon_Galaxy__Screenshot_-_Gameplay__World__c4aa66cf-3934-4bf9-8cf5-30854965c063.jpg
IMG	Pokémon Anniversary Crystal	Nintendo Game Boy Color	Fanart - Box - Front	World	Pok_mon_Anniversary_Crystal__Fanart_-_Box_-_Front__World__5beb9fc0-33c1-4427-b807-f6b11166a318.png
IMG	Pokémon Anniversary Crystal	Nintendo Game Boy Color	Screenshot - Game Title	World	Pok_mon_Anniversary_Crystal__Screenshot_-_Game_Title__World__aa75b8a9-a058-4d70-be9b-fe64f4c98237.png
IMG	PokeMetroid	Nintendo Game Boy Advance	Box - Front	World	PokeMetroid__Box_-_Front__World__38673e7f-bddf-4530-9e8b-209ee7bcec34.jpg
IMG	PokeMetroid	Nintendo Game Boy Advance	Box - Front	World	PokeMetroid__Box_-_Front__World__baa7bd99-c384-437b-93a4-a062392a63f0.jpg
IMG	PokeMetroid	Nintendo Game Boy Advance	Clear Logo		PokeMetroid__Clear_Logo____06b6c5a3-665d-4a9f-abe2-73e34b68f6d4.png
IMG	PokeMetroid	Nintendo Game Boy Advance	Fanart - Background		PokeMetroid__Fanart_-_Background____d061294a-15a4-4293-86c9-80773362d3e1.png
IMG	PokeMetroid	Nintendo Game Boy Advance	Screenshot - Gameplay		PokeMetroid__Screenshot_-_Gameplay____22f879a5-a9e9-4d72-9be9-72b213302d28.png
IMG	PokeMetroid	Nintendo Game Boy Advance	Screenshot - Gameplay		PokeMetroid__Screenshot_-_Gameplay____e6198cf0-3c11-4498-b88e-405b3542c626.png
IMG	PokeMetroid	Nintendo Game Boy Advance	Screenshot - Gameplay		PokeMetroid__Screenshot_-_Gameplay____a0bad1d4-b577-4b54-aa22-67099e054b2c.png
IMG	PokeMetroid	Nintendo Game Boy Advance	Screenshot - Gameplay		PokeMetroid__Screenshot_-_Gameplay____0d58a227-1808-4048-822b-ab8e90018657.png
IMG	PokeMetroid	Nintendo Game Boy Advance	Screenshot - Gameplay		PokeMetroid__Screenshot_-_Gameplay____6060f91b-4a9c-433b-9a64-7ae0724ce916.png
IMG	PokeMetroid	Nintendo Game Boy Advance	Screenshot - Game Title		PokeMetroid__Screenshot_-_Game_Title____21a3c84c-af2c-45c3-9817-f79e0f0344ac.png
IMG	Pokémon PureRed	Nintendo Game Boy	Box - Front	World	Pok_mon_PureRed__Box_-_Front__World__r2_0f5b81fa-392c-4321-b088-3afb4898297a.png
IMG	Pokémon PureRed	Nintendo Game Boy	Box - Front	World	Pok_mon_PureRed__Box_-_Front__World__r2_22860c54-4ad0-4e8e-958c-742c94960358.jpg
IMG	Pokémon PureRed	Nintendo Game Boy	Clear Logo	World	Pok_mon_PureRed__Clear_Logo__World__r2_05aaf300-6a82-41e3-815c-4d80c8e31b9d.png
IMG	Pokémon PureRed	Nintendo Game Boy	Clear Logo	World	Pok_mon_PureRed__Clear_Logo__World__r2_e06509b0-2fb1-4e97-81ea-d0c948145696.png
IMG	Pokémon PureRed	Nintendo Game Boy	Fanart - Background	World	Pok_mon_PureRed__Fanart_-_Background__World__r2_6a799b91-04ed-4adc-b4b7-8396dc18ab49.jpg
IMG	Pokémon PureRed	Nintendo Game Boy	Screenshot - Gameplay	World	Pok_mon_PureRed__Screenshot_-_Gameplay__World__r2_40dd5c66-d187-4fcc-ac6a-9531c2fc550a.png
IMG	Pokémon PureRed	Nintendo Game Boy	Screenshot - Game Title	World	Pok_mon_PureRed__Screenshot_-_Game_Title__World__r2_7aae3aa1-da76-417e-953c-631a36781fe3.png
IMG	Game Boy Advance Video: Pokémon: Volume 3	Nintendo Game Boy Advance	Box - 3D	North America	Game_Boy_Advance_Video_Pok_mon_Volume_3__Box_-_3D__North_America__0b222104-5703-41b4-a099-116524eb5a5e.png
IMG	Game Boy Advance Video: Pokémon: Volume 3	Nintendo Game Boy Advance	Box - Back	North America	Game_Boy_Advance_Video_Pok_mon_Volume_3__Box_-_Back__North_America__840f5484-f23d-47cc-bdbe-a74eabbc1e44.jpg
IMG	Game Boy Advance Video: Pokémon: Volume 3	Nintendo Game Boy Advance	Box - Front	North America	Game_Boy_Advance_Video_Pok_mon_Volume_3__Box_-_Front__North_America__1bbe26e7-78d5-4603-9ab2-37519d3520af.png
IMG	Game Boy Advance Video: Pokémon: Volume 3	Nintendo Game Boy Advance	Box - Front - Reconstructed	North America	Game_Boy_Advance_Video_Pok_mon_Volume_3__Box_-_Front_-_Reconstructed__North_America__r2_14f85c79-54d6-4256-a628-01b85f2aa939.png
IMG	Game Boy Advance Video: Pokémon: Volume 3	Nintendo Game Boy Advance	Box - Spine	North America	Game_Boy_Advance_Video_Pok_mon_Volume_3__Box_-_Spine__North_America__1327ccd2-bd04-4ccd-a998-e7cc015ae601.png
IMG	Game Boy Advance Video: Pokémon: Volume 3	Nintendo Game Boy Advance	Cart - Front	North America	Game_Boy_Advance_Video_Pok_mon_Volume_3__Cart_-_Front__North_America__64d0b87b-9526-4acf-8025-9f34ad554408.png
IMG	Game Boy Advance Video: Pokémon: Volume 3	Nintendo Game Boy Advance	Clear Logo		Game_Boy_Advance_Video_Pok_mon_Volume_3__Clear_Logo____31bae67b-bda2-4f1b-8b8a-a5f5d9a62cc2.png
IMG	Game Boy Advance Video: Pokémon: Volume 3	Nintendo Game Boy Advance	Screenshot - Gameplay		Game_Boy_Advance_Video_Pok_mon_Volume_3__Screenshot_-_Gameplay____8cfd39a5-a857-44b6-abe5-bc899e3098a0.png
IMG	Game Boy Advance Video: Pokémon: Volume 3	Nintendo Game Boy Advance	Screenshot - Game Select		Game_Boy_Advance_Video_Pok_mon_Volume_3__Screenshot_-_Game_Select____ef9aea5b-3bad-4092-8410-01705fa3e9fe.png
IMG	Game Boy Advance Video: Pokémon: Volume 3	Nintendo Game Boy Advance	Screenshot - Game Title		Game_Boy_Advance_Video_Pok_mon_Volume_3__Screenshot_-_Game_Title____9f4cf0cb-13e2-42d4-8c76-35e36f7e6318.png
IMG	Pokémon Throwback	Nintendo Game Boy Advance	Clear Logo		Pok_mon_Throwback__Clear_Logo____b0a3ad48-7b62-4cf7-8a62-02135f246e30.png
IMG	Pokémon Throwback	Nintendo Game Boy Advance	Fanart - Box - Front		Pok_mon_Throwback__Fanart_-_Box_-_Front____a77653d0-0ef2-4b3a-8893-9537d00e3219.png
IMG	Pokémon Throwback	Nintendo Game Boy Advance	Fanart - Box - Front	World	Pok_mon_Throwback__Fanart_-_Box_-_Front__World__r2_55cdf426-69e9-4b45-8768-ba8e3f7ea515.png
IMG	Pokémon Throwback	Nintendo Game Boy Advance	Screenshot - Gameplay		Pok_mon_Throwback__Screenshot_-_Gameplay____cee52550-9a0d-4247-8921-8659f45a4a3f.png
IMG	Pokémon Throwback	Nintendo Game Boy Advance	Screenshot - Gameplay		Pok_mon_Throwback__Screenshot_-_Gameplay____75688236-02d7-4011-ac24-e01642bae69d.png
IMG	Pokémon Throwback	Nintendo Game Boy Advance	Screenshot - Gameplay		Pok_mon_Throwback__Screenshot_-_Gameplay____00f7069c-5738-4dde-bb7e-1e37db94bfd0.png
IMG	Pokémon Throwback	Nintendo Game Boy Advance	Screenshot - Gameplay		Pok_mon_Throwback__Screenshot_-_Gameplay____16c13f73-fc4b-41a2-8491-927b990a13f6.png
IMG	Pokémon Throwback	Nintendo Game Boy Advance	Screenshot - Game Title		Pok_mon_Throwback__Screenshot_-_Game_Title____01d2a3ef-e7fd-4406-8cd1-549be9c199e6.png
IMG	Pocket Monsters Ao	Nintendo Game Boy	Advertisement Flyer - Front	Japan	Pocket_Monsters_Ao__Advertisement_Flyer_-_Front__Japan__86167768-aacc-4359-8484-7b4b9ceca51a.jpg
IMG	Pocket Monsters Ao	Nintendo Game Boy	Box - Front	Japan	Pocket_Monsters_Ao__Box_-_Front__Japan__440dfa29-d4a9-4182-a038-647b7dc58f95.png
IMG	Pocket Monsters Ao	Nintendo Game Boy	Clear Logo	Japan	Pocket_Monsters_Ao__Clear_Logo__Japan__107bbaa9-47ad-4f4b-b287-b619d431c6af.png
IMG	Pocket Monsters Ao	Nintendo Game Boy	Screenshot - Game Title	Japan	Pocket_Monsters_Ao__Screenshot_-_Game_Title__Japan__r2_b76a6947-6205-4a60-aade-d5ad6be55bca.png
IMG	Pokémon: Jade Version	Nintendo Game Boy Color	Box - Back	North America	Pok_mon_Jade_Version__Box_-_Back__North_America__f68507fb-7867-4b2f-8959-8f85c856f2b5.png
IMG	Pokémon: Jade Version	Nintendo Game Boy Color	Box - Front	North America	Pok_mon_Jade_Version__Box_-_Front__North_America__14bfa3d9-3195-4cd2-90de-fcb775693c48.png
IMG	Pokémon: Jade Version	Nintendo Game Boy Color	Box - Spine	North America	Pok_mon_Jade_Version__Box_-_Spine__North_America__bb43de72-7e01-4730-828d-916cb9e67877.png
IMG	Pokémon: Jade Version	Nintendo Game Boy Color	Cart - Front	North America	Pok_mon_Jade_Version__Cart_-_Front__North_America__6f47f489-9b67-41b3-a8cc-21320c664c6b.png
IMG	Pokémon: Jade Version	Nintendo Game Boy Color	Clear Logo	World	Pok_mon_Jade_Version__Clear_Logo__World__c2388e9e-c0e2-4ddf-90e7-fb8d843ff42b.png
IMG	Pokémon: Jade Version	Nintendo Game Boy Color	Fanart - Background	World	Pok_mon_Jade_Version__Fanart_-_Background__World__79ea6f90-7da9-4dc4-bdfd-50c641861a11.png
IMG	Pokémon: Jade Version	Nintendo Game Boy Color	Screenshot - Game Title	World	Pok_mon_Jade_Version__Screenshot_-_Game_Title__World__e04728ff-0360-48e2-b5fe-1466a1a11c44.png
IMG	Pokémon Blue DX	Nintendo Game Boy	Box - Front	World	Pok_mon_Blue_DX__Box_-_Front__World__e248cd84-54ab-4e5e-8aa5-18ac5f3c9fb2.jpg
IMG	Pokémon Blue DX	Nintendo Game Boy	Fanart - Background	World	Pok_mon_Blue_DX__Fanart_-_Background__World__r2_28b81cda-0093-4dd2-ba18-4aef565a05c7.jpg
IMG	Pokémon Blue DX	Nintendo Game Boy	Poster	World	Pok_mon_Blue_DX__Poster__World__r2_f9325611-366c-46e9-8c5e-e2d32a3c6388.png
IMG	Pokémon Blue DX	Nintendo Game Boy	Screenshot - Gameplay	World	Pok_mon_Blue_DX__Screenshot_-_Gameplay__World__r2_c7baf614-66fa-4697-9efd-f837c576aa87.png
IMG	Pokémon Blue DX	Nintendo Game Boy	Screenshot - Gameplay	World	Pok_mon_Blue_DX__Screenshot_-_Gameplay__World__r2_5e412bd1-3892-4ed6-b409-1714a2792f8e.png
IMG	Pokémon Blue DX	Nintendo Game Boy	Screenshot - Gameplay	World	Pok_mon_Blue_DX__Screenshot_-_Gameplay__World__r2_a4a3c896-bb2f-46fa-a62d-be25f4e0c6b0.png
IMG	Pokémon Blue DX	Nintendo Game Boy	Screenshot - Gameplay	World	Pok_mon_Blue_DX__Screenshot_-_Gameplay__World__r2_05e9bb5c-4484-4059-a781-c70619179b4b.png
IMG	Pokémon Blue DX	Nintendo Game Boy	Screenshot - Game Title	World	Pok_mon_Blue_DX__Screenshot_-_Game_Title__World__1bdbd924-dbda-486d-bc5d-6fb30e8fc936.png
IMG	Pokémon Emerald DX	Nintendo Game Boy Advance	Box - Front	United States	Pok_mon_Emerald_DX__Box_-_Front__United_States__76b4225c-516e-4ec9-9607-b1dfdfba9756.png
IMG	Pokémon Ruby	Nintendo Game Boy Color	Cart - Front	World	Pok_mon_Ruby__Cart_-_Front__World__cf6506ce-1f50-422d-a429-fad2a60a56aa.png
IMG	Pokémon Ruby	Nintendo Game Boy Color	Cart - Front	Asia	Pok_mon_Ruby__Cart_-_Front__Asia__fb0132f4-de7b-4333-9a90-d244fd3b970f.png
IMG	Pokémon Ruby	Nintendo Game Boy Color	Cart - Front	China	Pok_mon_Ruby__Cart_-_Front__China__79e9cd16-ca29-46a2-ae42-a83718475d68.png
IMG	Pokémon Ruby	Nintendo Game Boy Color	Screenshot - Game Title	China	Pok_mon_Ruby__Screenshot_-_Game_Title__China__2d4df56d-0e06-4aa9-98b2-e3128124ea0a.png
IMG	Pokémon Ruby	Nintendo Game Boy Color	Screenshot - Game Title	World	Pok_mon_Ruby__Screenshot_-_Game_Title__World__baf17fec-c758-43d9-963c-be6490174b1a.png
IMG	Pokettohiro!	Nintendo Game Boy Color	Box - 3D	Europe	Pokettohiro___Box_-_3D__Europe__r2_ef9324b7-9178-4e73-81e7-9dad96f9fb8b.png
IMG	Pokettohiro!	Nintendo Game Boy Color	Box - Front	Europe	Pokettohiro___Box_-_Front__Europe__86451cf8-da77-4094-832b-cd931ea22dff.jpg
IMG	Pokettohiro!	Nintendo Game Boy Color	Clear Logo	Europe	Pokettohiro___Clear_Logo__Europe__a576ee3f-74eb-4e29-887e-33f6324ff61d.png
IMG	Pokettohiro!	Nintendo Game Boy Color	Fanart - Box - Front	World	Pokettohiro___Fanart_-_Box_-_Front__World__r2_8398b358-a2d5-42c5-9c6b-597b34741781.png
IMG	Pokettohiro!	Nintendo Game Boy Color	Screenshot - Gameplay	Europe	Pokettohiro___Screenshot_-_Gameplay__Europe__22c1c71b-0011-4b12-9646-4ba4d81b8041.png
IMG	Pokettohiro!	Nintendo Game Boy Color	Screenshot - Game Title	Europe	Pokettohiro___Screenshot_-_Game_Title__Europe__b2011d66-8fc1-446b-a4c5-f518b5b24367.png
IMG	Karpe Diem: Pokémon Fishing Contest	Nintendo Game Boy Color	Box - Front	World	Karpe_Diem_Pok_mon_Fishing_Contest__Box_-_Front__World__e8d406bc-6069-4889-9759-a28a716fcea5.png
IMG	Karpe Diem: Pokémon Fishing Contest	Nintendo Game Boy Color	Clear Logo	World	Karpe_Diem_Pok_mon_Fishing_Contest__Clear_Logo__World__7b603c82-2f2d-4e70-a4ae-05395700c7cb.png
IMG	Karpe Diem: Pokémon Fishing Contest	Nintendo Game Boy Color	Screenshot - Gameplay	World	Karpe_Diem_Pok_mon_Fishing_Contest__Screenshot_-_Gameplay__World__4471c61c-3fdf-4066-91df-c2916795d6fc.png
IMG	Karpe Diem: Pokémon Fishing Contest	Nintendo Game Boy Color	Screenshot - Game Title	World	Karpe_Diem_Pok_mon_Fishing_Contest__Screenshot_-_Game_Title__World__a24b40c3-72c3-4d5d-9c5a-41c95a4905eb.png
IMG	Pokémon Scorched Silver	Nintendo Game Boy Advance	Box - Front	World	Pok_mon_Scorched_Silver__Box_-_Front__World__f29419aa-c797-40f0-a4d1-1cf94f4ceb13.jpg
IMG	Pokémon Scorched Silver	Nintendo Game Boy Advance	Clear Logo		Pok_mon_Scorched_Silver__Clear_Logo____4d60a51a-b86d-4aaa-b95c-89d801a0b9d6.png
IMG	Pokémon Scorched Silver	Nintendo Game Boy Advance	Screenshot - Game Title		Pok_mon_Scorched_Silver__Screenshot_-_Game_Title____395a25e8-f06e-46e6-a927-b8696e8a8a4b.png
IMG	Pokémon Solus Blue	Nintendo Game Boy	Box - Front	World	Pok_mon_Solus_Blue__Box_-_Front__World__r2_6b663bd0-6944-48cb-83ac-8ad7fec91f1c.png
IMG	Pokémon Green Version	Nintendo Game Boy	Advertisement Flyer - Front	North America	Pok_mon_Green_Version__Advertisement_Flyer_-_Front__North_America__519a6614-7a65-4f89-8fca-4a59e7def128.jpg
IMG	Pokémon Green Version	Nintendo Game Boy	Advertisement Flyer - Front	North America	Pok_mon_Green_Version__Advertisement_Flyer_-_Front__North_America__a1762fbb-576d-46da-819b-79ec47c44b79.jpg
IMG	Pokémon Green Version	Nintendo Game Boy	Advertisement Flyer - Front	North America	Pok_mon_Green_Version__Advertisement_Flyer_-_Front__North_America__b38e607b-ca1c-4433-a3dc-d9f40596c521.jpg
IMG	Pokémon Green Version	Nintendo Game Boy	Banner	World	Pok_mon_Green_Version__Banner__World__13dc5bfe-219c-4f0d-9007-ded32ac65eba.png
IMG	Pokémon Green Version	Nintendo Game Boy	Box - 3D	Korea	Pok_mon_Green_Version__Box_-_3D__Korea__r2_47a3fc65-60b1-40c6-9428-4db0371d6bc7.png
IMG	Pokémon Green Version	Nintendo Game Boy	Box - 3D	Japan	Pok_mon_Green_Version__Box_-_3D__Japan__fc2a1ac9-9f2a-4062-96e2-fd1a299e4750.png
IMG	Pokémon Green Version	Nintendo Game Boy	Box - 3D	North America	Pok_mon_Green_Version__Box_-_3D__North_America__r2_e5ce3f32-7dba-422a-bc31-a179122c9ca8.png
IMG	Pokémon Green Version	Nintendo Game Boy	Box - Back	Japan	Pok_mon_Green_Version__Box_-_Back__Japan__a5a377a0-3dc1-43f0-b3e0-d054d0f36555.png
IMG	Pokémon Green Version	Nintendo Game Boy	Box - Back	North America	Pok_mon_Green_Version__Box_-_Back__North_America__da2e6510-8b05-4c6e-8bbf-63f6ad081da4.jpg
IMG	Pokémon Green Version	Nintendo Game Boy	Box - Front	North America	Pok_mon_Green_Version__Box_-_Front__North_America__d88488cf-6dcb-4379-8587-e6f53287c00f.png
IMG	Pokémon Green Version	Nintendo Game Boy	Box - Front	Japan	Pok_mon_Green_Version__Box_-_Front__Japan__bfac4775-9e0d-4f0a-b897-cc1aa261ca78.png
IMG	Pokémon Green Version	Nintendo Game Boy	Box - Front	France	Pok_mon_Green_Version__Box_-_Front__France__21daa370-e157-43ac-950c-f79bfabe90fa.jpg
IMG	Pokémon Green Version	Nintendo Game Boy	Box - Front	Korea	Pok_mon_Green_Version__Box_-_Front__Korea__r2_3d10d3c4-a454-4fd9-b012-9ae4ab2eecb0.png
IMG	Pokémon Green Version	Nintendo Game Boy	Box - Front - Reconstructed	North America	Pok_mon_Green_Version__Box_-_Front_-_Reconstructed__North_America__r2_4ca5a2c9-19a7-4785-8eec-0aa1d208ca27.png
IMG	Pokémon Green Version	Nintendo Game Boy	Box - Spine	North America	Pok_mon_Green_Version__Box_-_Spine__North_America__r2_e2c4c750-d978-4ba4-9706-714f4676c135.png
IMG	Pokémon Green Version	Nintendo Game Boy	Box - Spine	Japan	Pok_mon_Green_Version__Box_-_Spine__Japan__e280328a-8faa-48fc-8022-47e0d6b18004.png
IMG	Pokémon Green Version	Nintendo Game Boy	Box - Spine	World	Pok_mon_Green_Version__Box_-_Spine__World__r2_f27df691-75c6-44ab-9550-1845c692353b.png
IMG	Pokémon Green Version	Nintendo Game Boy	Cart - Front	Japan	Pok_mon_Green_Version__Cart_-_Front__Japan__5cae12a9-7af3-456c-bdbe-6a532d27f797.png
IMG	Pokémon Green Version	Nintendo Game Boy	Cart - Front	North America	Pok_mon_Green_Version__Cart_-_Front__North_America__r2_543a9f3a-bf36-43dd-81fb-ae5e7a01851c.png
IMG	Pokémon Green Version	Nintendo Game Boy	Clear Logo	France	Pok_mon_Green_Version__Clear_Logo__France__ffd45b98-2b48-4275-a1a7-fe272716243d.png
IMG	Pokémon Green Version	Nintendo Game Boy	Clear Logo	Japan	Pok_mon_Green_Version__Clear_Logo__Japan__74e4b8f7-f923-4674-929e-bb5a5191ce4a.png
IMG	Pokémon Green Version	Nintendo Game Boy	Clear Logo	World	Pok_mon_Green_Version__Clear_Logo__World__448bb7c3-f423-4358-b917-9e9c45b5d85e.png
IMG	Pokémon Green Version	Nintendo Game Boy	Clear Logo	North America	Pok_mon_Green_Version__Clear_Logo__North_America__r2_4f270cc5-28b2-4d03-bfdf-7a514349d478.png
IMG	Pokémon Green Version	Nintendo Game Boy	Clear Logo	Korea	Pok_mon_Green_Version__Clear_Logo__Korea__r2_fb76e83a-dcac-4a01-a677-70e279cade48.png
IMG	Pokémon Green Version	Nintendo Game Boy	Fanart - Background	World	Pok_mon_Green_Version__Fanart_-_Background__World__r2_c93633ed-c66f-432f-ab04-f2de92574911.jpg
IMG	Pokémon Green Version	Nintendo Game Boy	Fanart - Background	World	Pok_mon_Green_Version__Fanart_-_Background__World__e7ede8e7-8ec0-4858-acd4-52b3f0c2fead.jpg
IMG	Pokémon Green Version	Nintendo Game Boy	Fanart - Background	World	Pok_mon_Green_Version__Fanart_-_Background__World__f40f0805-86a2-47c5-bfb6-8a6b46e79283.png
IMG	Pokémon Green Version	Nintendo Game Boy	Fanart - Cart - Front	North America	Pok_mon_Green_Version__Fanart_-_Cart_-_Front__North_America__r2_a39082f5-74a3-4a4d-ad8e-49cbb2316068.png
IMG	Pokémon Green Version	Nintendo Game Boy	Icon	World	Pok_mon_Green_Version__Icon__World__r2_74859f87-e924-4209-bb3d-46f6b09842fc.png
IMG	Pokémon Green Version	Nintendo Game Boy	Screenshot - Gameplay	Japan	Pok_mon_Green_Version__Screenshot_-_Gameplay__Japan__6e39e33f-7c4d-479a-a536-15508ff8ab3e.png
IMG	Pokémon Green Version	Nintendo Game Boy	Screenshot - Gameplay	World	Pok_mon_Green_Version__Screenshot_-_Gameplay__World__0d5c48a8-f124-4027-bd25-f11ce31c2f2d.png
IMG	Pokémon Green Version	Nintendo Game Boy	Screenshot - Gameplay	North America	Pok_mon_Green_Version__Screenshot_-_Gameplay__North_America__ffc0125d-1778-42bc-b678-6b7454d923c0.png
IMG	Pokémon Green Version	Nintendo Game Boy	Screenshot - Gameplay	North America	Pok_mon_Green_Version__Screenshot_-_Gameplay__North_America__52c91458-c60d-43ef-99c9-c9e83d4a2e9d.png
IMG	Pokémon Green Version	Nintendo Game Boy	Screenshot - Game Title	North America	Pok_mon_Green_Version__Screenshot_-_Game_Title__North_America__369c72d0-2156-477a-a93e-d7e2b7f752b6.png
IMG	Pokémon Pink Version: Special Clefairy Edition	Nintendo Game Boy	Box - Back	World	Pok_mon_Pink_Version_Special_Clefairy_Edition__Box_-_Back__World__ff057165-63ab-4e87-828b-0344d2de5730.png
IMG	Pokémon Pink Version: Special Clefairy Edition	Nintendo Game Boy	Box - Front	World	Pok_mon_Pink_Version_Special_Clefairy_Edition__Box_-_Front__World__1de40745-9147-45c4-87a1-da186240a7d7.png
IMG	Pokémon Pink Version: Special Clefairy Edition	Nintendo Game Boy	Box - Spine	World	Pok_mon_Pink_Version_Special_Clefairy_Edition__Box_-_Spine__World__0e2276f8-8764-409d-841b-02a94911b7ba.png
IMG	Pokémon Pink Version: Special Clefairy Edition	Nintendo Game Boy	Cart - Front	World	Pok_mon_Pink_Version_Special_Clefairy_Edition__Cart_-_Front__World__26d243ca-e9d5-4a85-aacf-15eb6ce275e4.png
IMG	Pokémon Pink Version: Special Clefairy Edition	Nintendo Game Boy	Clear Logo		Pok_mon_Pink_Version_Special_Clefairy_Edition__Clear_Logo____8779cfd3-d5b2-4cf1-9c6e-31b7d712cabf.png
IMG	Pokémon Pink Version: Special Clefairy Edition	Nintendo Game Boy	Screenshot - Gameplay		Pok_mon_Pink_Version_Special_Clefairy_Edition__Screenshot_-_Gameplay____c6419b5f-7ec8-4d3f-8319-93a04b8237b3.png
IMG	Pokémon Pink Version: Special Clefairy Edition	Nintendo Game Boy	Screenshot - Gameplay		Pok_mon_Pink_Version_Special_Clefairy_Edition__Screenshot_-_Gameplay____dab7b410-38f4-4a88-b0e9-df8d04da72ae.png
IMG	Pokémon Pink Version: Special Clefairy Edition	Nintendo Game Boy	Screenshot - Gameplay		Pok_mon_Pink_Version_Special_Clefairy_Edition__Screenshot_-_Gameplay____84b80fed-3780-44ad-9876-24d8cbef36cf.png
IMG	Pokémon Pink Version: Special Clefairy Edition	Nintendo Game Boy	Screenshot - Game Title		Pok_mon_Pink_Version_Special_Clefairy_Edition__Screenshot_-_Game_Title____c69c053e-da38-4fb1-82ae-9016ae1c5195.png
IMG	Pokémon: Yellow Legacy	Nintendo Game Boy Color	Banner	World	Pok_mon_Yellow_Legacy__Banner__World__11b09fd7-6496-4d2b-9114-30214d8753b2.png
IMG	Pokémon: Yellow Legacy	Nintendo Game Boy Color	Box - Front	North America	Pok_mon_Yellow_Legacy__Box_-_Front__North_America__f2b80c81-2adb-4c3b-a53e-fc07c83420e7.png
IMG	Pokémon: Yellow Legacy	Nintendo Game Boy Color	Clear Logo	World	Pok_mon_Yellow_Legacy__Clear_Logo__World__r2_6ddaa552-ddbc-4577-9612-1c6da009c1c1.png
IMG	Pokémon: Yellow Legacy	Nintendo Game Boy Color	Fanart - Background	World	Pok_mon_Yellow_Legacy__Fanart_-_Background__World__r2_a9d80a0b-70fc-4aad-b220-2799850314f5.jpg
IMG	Pokémon: Yellow Legacy	Nintendo Game Boy Color	Fanart - Background	World	Pok_mon_Yellow_Legacy__Fanart_-_Background__World__r2_bb345591-cfb1-4def-b0cd-ec836342c44b.png
IMG	Pokémon: Yellow Legacy	Nintendo Game Boy Color	Screenshot - Game Title	World	Pok_mon_Yellow_Legacy__Screenshot_-_Game_Title__World__9179604f-13b5-42ac-a20f-358d0d469201.png
IMG	Pokémon: Static Yellow	Nintendo Game Boy Color	Box - Front	World	Pok_mon_Static_Yellow__Box_-_Front__World__64441246-b2b6-473f-9121-b63268d6c4e4.png
IMG	Pokémon: Static Yellow	Nintendo Game Boy Color	Screenshot - Gameplay		Pok_mon_Static_Yellow__Screenshot_-_Gameplay____401d824b-a08a-456d-9ad1-d450bc2d2568.png
IMG	Pokémon: Static Yellow	Nintendo Game Boy Color	Screenshot - Gameplay		Pok_mon_Static_Yellow__Screenshot_-_Gameplay____d7371ff7-fb2c-4dcf-8bb0-c80f3b009559.png
IMG	Pokémon: Static Yellow	Nintendo Game Boy Color	Screenshot - Gameplay		Pok_mon_Static_Yellow__Screenshot_-_Gameplay____f6afc273-e861-44ee-ac89-895610ece4b0.png
IMG	Pokémon: Static Yellow	Nintendo Game Boy Color	Screenshot - Gameplay		Pok_mon_Static_Yellow__Screenshot_-_Gameplay____f3179d22-111b-4d76-800c-c6b0a766718e.png
IMG	Pokémon: Static Yellow	Nintendo Game Boy Color	Screenshot - Game Select		Pok_mon_Static_Yellow__Screenshot_-_Game_Select____c6d9a079-e652-4f26-a684-a808fa1b14b1.png
IMG	Pokémon: Static Yellow	Nintendo Game Boy Color	Screenshot - Game Title		Pok_mon_Static_Yellow__Screenshot_-_Game_Title____a209bd05-646e-4bfe-a01e-a3d8ee163381.png
IMG	Super MarioMon	Nintendo Game Boy Advance	Box - 3D	World	Super_MarioMon__Box_-_3D__World__r2_3d08dc20-3b67-4463-9837-b65afcf36bb5.png
IMG	Super MarioMon	Nintendo Game Boy Advance	Box - Spine	World	Super_MarioMon__Box_-_Spine__World__r2_c32ec9be-52f5-4716-b174-deaf3c7d285b.png
IMG	Super MarioMon	Nintendo Game Boy Advance	Cart - 3D	World	Super_MarioMon__Cart_-_3D__World__r2_31476dd2-630f-44f1-9f7f-b17fe74b8375.png
IMG	Super MarioMon	Nintendo Game Boy Advance	Cart - Front	World	Super_MarioMon__Cart_-_Front__World__r2_b8b0a4a9-b64b-4d9f-9b5d-298e73eb323a.png
IMG	Super MarioMon	Nintendo Game Boy Advance	Clear Logo		Super_MarioMon__Clear_Logo____4d44ad5d-3b27-4eb2-9f14-9735da7153fd.png
IMG	Super MarioMon	Nintendo Game Boy Advance	Clear Logo	World	Super_MarioMon__Clear_Logo__World__r2_fe1593a3-6bcb-4187-8e6e-f4bb70b13e90.png
IMG	Super MarioMon	Nintendo Game Boy Advance	Fanart - Background	World	Super_MarioMon__Fanart_-_Background__World__r2_99a14aaa-ebee-43a2-b9bf-9be6543518f2.png
IMG	Super MarioMon	Nintendo Game Boy Advance	Fanart - Background		Super_MarioMon__Fanart_-_Background____89b2b67b-93a0-4cfe-9c79-49131ba6b2e1.jpg
IMG	Super MarioMon	Nintendo Game Boy Advance	Fanart - Box - Front		Super_MarioMon__Fanart_-_Box_-_Front____2ff4e3eb-0f2a-4be2-8d99-32f472fc2300.png
IMG	Super MarioMon	Nintendo Game Boy Advance	Fanart - Box - Front		Super_MarioMon__Fanart_-_Box_-_Front____e3db5b70-f15e-43b3-9f4d-0a16c8e3a4ac.jpg
IMG	Super MarioMon	Nintendo Game Boy Advance	Fanart - Box - Front		Super_MarioMon__Fanart_-_Box_-_Front____b6674496-a78c-4667-9986-9d3bb2096a25.jpg
IMG	Super MarioMon	Nintendo Game Boy Advance	Fanart - Box - Front	World	Super_MarioMon__Fanart_-_Box_-_Front__World__r2_b5c1ee3c-d896-4a84-97f3-d4ff1524cd9e.png
IMG	Super MarioMon	Nintendo Game Boy Advance	Fanart - Box - Front	World	Super_MarioMon__Fanart_-_Box_-_Front__World__r2_523c6394-0b88-483f-8ee6-e48b2c5dc91b.png
IMG	Super MarioMon	Nintendo Game Boy Advance	Screenshot - Gameplay	North America	Super_MarioMon__Screenshot_-_Gameplay__North_America__r2_8460c221-165a-4405-bae5-cf0ff303a295.png
IMG	Super MarioMon	Nintendo Game Boy Advance	Screenshot - Game Title	North America	Super_MarioMon__Screenshot_-_Game_Title__North_America__r2_54b96ff8-dae7-458a-9c61-9c00d0b236cf.png
IMG	Pokémon : Evolved	Nintendo Game Boy Advance	Clear Logo		Pok_mon_Evolved__Clear_Logo____53beef8a-f514-41b5-ba8d-8c5bdab54889.png
IMG	Pokémon : Evolved	Nintendo Game Boy Advance	Fanart - Background		Pok_mon_Evolved__Fanart_-_Background____3440add0-969d-46a9-b069-ab6f24931c61.jpg
IMG	Pokémon : Evolved	Nintendo Game Boy Advance	Fanart - Box - Front	North America	Pok_mon_Evolved__Fanart_-_Box_-_Front__North_America__5534b2e7-f28b-49df-95ea-97bdd5a9ab94.png
IMG	Pokémon : Evolved	Nintendo Game Boy Advance	Fanart - Box - Front	World	Pok_mon_Evolved__Fanart_-_Box_-_Front__World__r2_07c0e346-51d4-4125-b761-48105ec9203f.png
IMG	Pokémon : Evolved	Nintendo Game Boy Advance	Screenshot - Gameplay		Pok_mon_Evolved__Screenshot_-_Gameplay____9b5a7276-2e0d-4e27-a946-62134feb2d7f.png
IMG	Pokémon : Evolved	Nintendo Game Boy Advance	Screenshot - Gameplay		Pok_mon_Evolved__Screenshot_-_Gameplay____0f8d56ac-ec01-43fe-b247-2f5778be78cf.png
IMG	Pokémon Little Cup Red	Nintendo Game Boy	Box - Front	World	Pok_mon_Little_Cup_Red__Box_-_Front__World__r2_f5912b14-6604-4982-978d-97cfdc3fb7cf.png
IMG	Pokémon Little Cup Red	Nintendo Game Boy	Screenshot - Gameplay	World	Pok_mon_Little_Cup_Red__Screenshot_-_Gameplay__World__r2_20142a93-d540-4a74-9e2e-9f98d0e72dee.png
IMG	Pokémon Little Cup Red	Nintendo Game Boy	Screenshot - Game Title	World	Pok_mon_Little_Cup_Red__Screenshot_-_Game_Title__World__r2_a207afc8-b058-4604-9c00-cbaf5019cc08.png
IMG	Pokémon Run & Bun	Nintendo Game Boy Advance	Box - Front	World	Pok_mon_Run_Bun__Box_-_Front__World__17a5aecd-0c2c-42b2-b5eb-08d006cd03da.jpg
IMG	Pokémon Run & Bun	Nintendo Game Boy Advance	Clear Logo	World	Pok_mon_Run_Bun__Clear_Logo__World__0681313e-a461-4293-9574-b2811e5a6bd2.png
IMG	Pokémon Run & Bun	Nintendo Game Boy Advance	Screenshot - Game Title	World	Pok_mon_Run_Bun__Screenshot_-_Game_Title__World__c0c391b1-189d-4eb5-9927-eb299f9ae8c2.jpg
IMG	Pokémon Professor Oak Challenge 	Nintendo Game Boy	Box - Front	World	Pok_mon_Professor_Oak_Challenge___Box_-_Front__World__r2_11cbabcc-8803-4db0-a84f-dcd2adea8126.png
IMG	Pokémon Professor Oak Challenge 	Nintendo Game Boy	Screenshot - Gameplay	World	Pok_mon_Professor_Oak_Challenge___Screenshot_-_Gameplay__World__r2_ada9d1a5-ca65-4b8c-87cd-a824b021fba2.png
IMG	Pokémon Professor Oak Challenge 	Nintendo Game Boy	Screenshot - Game Title	World	Pok_mon_Professor_Oak_Challenge___Screenshot_-_Game_Title__World__r2_f3e51616-8503-4a59-93bb-6b0201b5e222.png
IMG	Pokémon Tourmaline	Nintendo Game Boy Advance	Box - Front	World	Pok_mon_Tourmaline__Box_-_Front__World__c44f8027-0336-4454-8d9b-5aa13159ede1.png
IMG	Pokémon Tourmaline	Nintendo Game Boy Advance	Clear Logo	World	Pok_mon_Tourmaline__Clear_Logo__World__386bec87-db43-4f4a-89a2-660a95397859.png
IMG	Pokémon Celebrations: Red Version	Nintendo Game Boy	Box - Front	World	Pok_mon_Celebrations_Red_Version__Box_-_Front__World__f7027ac8-0676-4f28-b3da-d7755f8bf484.png
IMG	Pokémon Celebrations: Red Version	Nintendo Game Boy	Clear Logo	World	Pok_mon_Celebrations_Red_Version__Clear_Logo__World__r2_d8f085d3-cfc8-4c9c-a7b2-1cbe38e11d90.png
IMG	Pokémon Celebrations: Red Version	Nintendo Game Boy	Screenshot - Gameplay		Pok_mon_Celebrations_Red_Version__Screenshot_-_Gameplay____f43d11e8-5193-4c65-9dea-4a28036d5878.png
IMG	Pokémon Celebrations: Red Version	Nintendo Game Boy	Screenshot - Gameplay		Pok_mon_Celebrations_Red_Version__Screenshot_-_Gameplay____aab147c2-ee33-4237-bb42-39a2012efea3.png
IMG	Pokémon Celebrations: Red Version	Nintendo Game Boy	Screenshot - Gameplay		Pok_mon_Celebrations_Red_Version__Screenshot_-_Gameplay____f6149314-7b71-4221-b0f9-ab6aaaaee78f.png
IMG	Pokémon Celebrations: Red Version	Nintendo Game Boy	Screenshot - Gameplay		Pok_mon_Celebrations_Red_Version__Screenshot_-_Gameplay____4098eb45-0d76-42d5-bff7-d86ae5504bee.png
IMG	Pokémon Celebrations: Red Version	Nintendo Game Boy	Screenshot - Gameplay		Pok_mon_Celebrations_Red_Version__Screenshot_-_Gameplay____57807670-dd8f-4361-985a-2c0effa852c0.png
IMG	Pokémon Celebrations: Red Version	Nintendo Game Boy	Screenshot - Game Title		Pok_mon_Celebrations_Red_Version__Screenshot_-_Game_Title____18c2e305-25a0-4fc2-8d16-90723f477676.png
IMG	Pokémon Celebrations: Blue Version	Nintendo Game Boy	Box - Front	World	Pok_mon_Celebrations_Blue_Version__Box_-_Front__World__42adc7c9-ed22-42be-9b16-8f71bc5056c4.png
IMG	Pokémon Celebrations: Blue Version	Nintendo Game Boy	Clear Logo	World	Pok_mon_Celebrations_Blue_Version__Clear_Logo__World__r2_301a5758-9726-4715-8943-57530ab6776a.png
IMG	Pokémon Celebrations: Blue Version	Nintendo Game Boy	Screenshot - Gameplay		Pok_mon_Celebrations_Blue_Version__Screenshot_-_Gameplay____a888340a-abbb-4c99-915b-82c399821a4b.png
IMG	Pokémon Celebrations: Blue Version	Nintendo Game Boy	Screenshot - Gameplay		Pok_mon_Celebrations_Blue_Version__Screenshot_-_Gameplay____459f70ec-7ef1-4fa0-a5fe-f431ac7f3cce.png
IMG	Pokémon Celebrations: Blue Version	Nintendo Game Boy	Screenshot - Gameplay		Pok_mon_Celebrations_Blue_Version__Screenshot_-_Gameplay____9c6f19cd-eeaa-4250-83ad-cc10b1ee4383.png
IMG	Pokémon Celebrations: Blue Version	Nintendo Game Boy	Screenshot - Gameplay		Pok_mon_Celebrations_Blue_Version__Screenshot_-_Gameplay____308c92a1-7e1e-4481-9b44-869420fa2cb2.png
IMG	Pokémon Celebrations: Blue Version	Nintendo Game Boy	Screenshot - Gameplay		Pok_mon_Celebrations_Blue_Version__Screenshot_-_Gameplay____9688b1cd-8361-4624-968c-ff0d7c72c9d4.png
IMG	Pokémon Celebrations: Blue Version	Nintendo Game Boy	Screenshot - Game Title		Pok_mon_Celebrations_Blue_Version__Screenshot_-_Game_Title____314800b6-619b-409d-866f-344dc2680009.png
IMG	Pokémon Celebrations: Green Version	Nintendo Game Boy	Box - Front	World	Pok_mon_Celebrations_Green_Version__Box_-_Front__World__44b08d20-0593-4fe0-9133-70cfe36e7eb0.png
IMG	Pokémon Celebrations: Green Version	Nintendo Game Boy	Clear Logo	World	Pok_mon_Celebrations_Green_Version__Clear_Logo__World__r2_7238125a-1895-4db7-aab1-cc950b590540.png
IMG	Pokémon Celebrations: Green Version	Nintendo Game Boy	Screenshot - Gameplay		Pok_mon_Celebrations_Green_Version__Screenshot_-_Gameplay____896da58f-5c8b-462a-ab64-2d7171aea7f5.png
IMG	Pokémon Celebrations: Green Version	Nintendo Game Boy	Screenshot - Gameplay		Pok_mon_Celebrations_Green_Version__Screenshot_-_Gameplay____c3302439-fb2c-4aeb-a077-43562b00710d.png
IMG	Pokémon Celebrations: Green Version	Nintendo Game Boy	Screenshot - Gameplay		Pok_mon_Celebrations_Green_Version__Screenshot_-_Gameplay____43b036d1-b915-467f-a204-ad54f54b585b.png
IMG	Pokémon Celebrations: Green Version	Nintendo Game Boy	Screenshot - Gameplay		Pok_mon_Celebrations_Green_Version__Screenshot_-_Gameplay____0ed06002-66dd-4f30-8966-5da615f91b21.png
IMG	Pokémon Celebrations: Green Version	Nintendo Game Boy	Screenshot - Gameplay		Pok_mon_Celebrations_Green_Version__Screenshot_-_Gameplay____14a13786-f2e7-4096-91ee-62c38f8176a5.png
IMG	Pokémon Celebrations: Green Version	Nintendo Game Boy	Screenshot - Game Title		Pok_mon_Celebrations_Green_Version__Screenshot_-_Game_Title____a9d6ec6b-3943-4247-8492-4f1eda7aefdd.png
IMG	Pokémon Unova Red	Nintendo Game Boy	Box - Front	United States	Pok_mon_Unova_Red__Box_-_Front__United_States__28e438a0-2dca-4dd8-9d1c-3c7987ecd923.jpg
IMG	Pokémon Unova Red	Nintendo Game Boy	Clear Logo	United States	Pok_mon_Unova_Red__Clear_Logo__United_States__264b99ae-8181-44d4-bb7c-482350823ecd.png
IMG	Pokémon Unova Red	Nintendo Game Boy	Screenshot - Game Title		Pok_mon_Unova_Red__Screenshot_-_Game_Title____2345632b-62d3-4a5e-8a51-3c9532a28121.png
IMG	Pokémon Marron Merda	Nintendo Game Boy Advance	Box - Front - Reconstructed		Pok_mon_Marron_Merda__Box_-_Front_-_Reconstructed____44ecd968-9c84-481c-9f8a-86f4dcaed035.jpg
IMG	Pokémon Marron Merda	Nintendo Game Boy Advance	Screenshot - Gameplay		Pok_mon_Marron_Merda__Screenshot_-_Gameplay____95185eae-36b5-4c29-9f52-3ba6fa4eba98.jpg
IMG	Pokémon Marron Merda	Nintendo Game Boy Advance	Screenshot - Game Title		Pok_mon_Marron_Merda__Screenshot_-_Game_Title____ffa0f2b4-cec7-4efc-b12e-ecfc10431c18.jpg
IMG	Pokémon: Regulation Red	Nintendo Game Boy	Box - Front	World	Pok_mon_Regulation_Red__Box_-_Front__World__e2f48778-bcf5-4166-bdee-a58505fc3a8a.png
IMG	Pokémon: Regulation Blue	Nintendo Game Boy	Box - Front	World	Pok_mon_Regulation_Blue__Box_-_Front__World__e66b3cd4-93bb-46e2-a619-cc891b21e362.png
IMG	Pokémon Maxie's Island	Nintendo Game Boy Advance	Box - Front	North America	Pok_mon_Maxie_s_Island__Box_-_Front__North_America__r2_441f0d88-ef6f-4814-87b4-183a0bda79b5.png
IMG	Pokémon Pisces	Nintendo Game Boy Advance	Box - Front	World	Pok_mon_Pisces__Box_-_Front__World__r2_cbc8c556-df70-45db-9bd9-b85d91874564.png
IMG	Pokémon Pisces	Nintendo Game Boy Advance	Cart - Front	World	Pok_mon_Pisces__Cart_-_Front__World__r2_8877b443-3eeb-45ac-b89a-7cafcd769a9d.png
IMG	Pokémon Heart & Soul	Nintendo Game Boy Advance	Screenshot - Gameplay	World	Pok_mon_Heart_Soul__Screenshot_-_Gameplay__World__fa589d7e-82f1-49c6-9d9a-6140862adbef.png
IMG	Pokémon Heart & Soul	Nintendo Game Boy Advance	Screenshot - Game Title	World	Pok_mon_Heart_Soul__Screenshot_-_Game_Title__World__025468a6-199f-4424-93ad-273777a639f3.png
IMG	Pokémon Red & Blue G1S	Nintendo Game Boy Color	Screenshot - Gameplay		Pok_mon_Red_Blue_G1S__Screenshot_-_Gameplay____f65c2f3b-4906-47d7-8e99-419433c07eb2.png
IMG	Pokémon Faria Version	Nintendo Game Boy Advance	Screenshot - Gameplay		Pok_mon_Faria_Version__Screenshot_-_Gameplay____9b65fd96-d183-422f-91f2-b61b54c9fe5a.png
IMG	Pokémon Faria Version	Nintendo Game Boy Advance	Screenshot - Gameplay		Pok_mon_Faria_Version__Screenshot_-_Gameplay____ae0117c7-a0e5-4a6a-9cbb-0e0c39ce874b.png
IMG	Pokémon Faria Version	Nintendo Game Boy Advance	Screenshot - Gameplay		Pok_mon_Faria_Version__Screenshot_-_Gameplay____f78bdc6a-e97f-4e3e-93eb-fbeaeb5d9b79.png
IMG	Pokémon Faria Version	Nintendo Game Boy Advance	Screenshot - Gameplay		Pok_mon_Faria_Version__Screenshot_-_Gameplay____7881bc8a-015f-45a8-b799-646524883f61.png
IMG	Pokémon Faria Version	Nintendo Game Boy Advance	Screenshot - Game Title		Pok_mon_Faria_Version__Screenshot_-_Game_Title____16c203e0-a883-4a0f-b405-cbbf93802a7f.png
IMG	Pokémon Fire Red Legends	Nintendo Game Boy Advance	Screenshot - Gameplay		Pok_mon_Fire_Red_Legends__Screenshot_-_Gameplay____7db51a19-60e1-41c7-a85c-a4c029b954b3.png
IMG	Pokémon Fire Red Legends	Nintendo Game Boy Advance	Screenshot - Gameplay		Pok_mon_Fire_Red_Legends__Screenshot_-_Gameplay____98408ecb-f58a-41a2-96da-1e17f0abd819.png
IMG	Pokémon Fire Red Legends	Nintendo Game Boy Advance	Screenshot - Gameplay		Pok_mon_Fire_Red_Legends__Screenshot_-_Gameplay____1800e4b1-7a18-4bb0-a2bc-9115c0fba1c1.png
IMG	Pokémon Fire Red Legends	Nintendo Game Boy Advance	Screenshot - Gameplay		Pok_mon_Fire_Red_Legends__Screenshot_-_Gameplay____d7d39c4c-f779-47d6-83e7-fffc42874b5c.png
IMG	Pokémon FireRed Bill's Secret Garden	Nintendo Game Boy Advance	Poster	World	Pok_mon_FireRed_Bill_s_Secret_Garden__Poster__World__b0dceaca-370c-42c7-a27d-98e837015307.png
IMG	Pokémon FireRed Bill's Secret Garden	Nintendo Game Boy Advance	Screenshot - Gameplay		Pok_mon_FireRed_Bill_s_Secret_Garden__Screenshot_-_Gameplay____34de9f8b-5e68-4311-9251-3dd1794c8d8e.png
IMG	Pokémon FireRed Bill's Secret Garden	Nintendo Game Boy Advance	Screenshot - Gameplay		Pok_mon_FireRed_Bill_s_Secret_Garden__Screenshot_-_Gameplay____68bfdb6e-43b8-41a9-9654-c3616c4c2058.png
IMG	Pokémon FireRed Bill's Secret Garden	Nintendo Game Boy Advance	Screenshot - Gameplay		Pok_mon_FireRed_Bill_s_Secret_Garden__Screenshot_-_Gameplay____151b0ec2-053f-4505-a3ca-3b7d55498c18.png
IMG	Pokémon FireRed Bill's Secret Garden	Nintendo Game Boy Advance	Screenshot - Gameplay		Pok_mon_FireRed_Bill_s_Secret_Garden__Screenshot_-_Gameplay____9d334807-9419-4e75-86d5-b14b383876be.png
IMG	Pokémon FireRed Reignited	Nintendo Game Boy Advance	Fanart - Box - Front		Pok_mon_FireRed_Reignited__Fanart_-_Box_-_Front____38be528d-ae25-48ba-8a83-689eeead43fc.png
IMG	Pokémon FireRed Reignited	Nintendo Game Boy Advance	Screenshot - Gameplay		Pok_mon_FireRed_Reignited__Screenshot_-_Gameplay____2afe1458-0c3c-4f38-a0c7-92233e5736df.png
IMG	Pokémon LeafGreen Regrown	Nintendo Game Boy Advance	Fanart - Box - Front		Pok_mon_LeafGreen_Regrown__Fanart_-_Box_-_Front____7de79dd6-c15f-4165-941f-0941eee446e5.png
IMG	Pokémon LeafGreen Regrown	Nintendo Game Boy Advance	Screenshot - Gameplay		Pok_mon_LeafGreen_Regrown__Screenshot_-_Gameplay____d2e755a8-0ddb-4641-952b-e02ce03b75d2.png
IMG	Pokémon Mega Blue	Nintendo Game Boy Advance	Screenshot - Gameplay		Pok_mon_Mega_Blue__Screenshot_-_Gameplay____78bb002c-10c8-4bde-a1a1-0b8ffa9a5bed.png
IMG	Pokémon Mega Blue	Nintendo Game Boy Advance	Screenshot - Gameplay		Pok_mon_Mega_Blue__Screenshot_-_Gameplay____007b6f07-2269-49f0-8bc9-4a5b7ca9d6f2.png
IMG	Pokémon Mega Blue	Nintendo Game Boy Advance	Screenshot - Gameplay		Pok_mon_Mega_Blue__Screenshot_-_Gameplay____a6b95765-c936-46c5-9566-d029edfc5f69.png
IMG	Pokémon Mega Blue	Nintendo Game Boy Advance	Screenshot - Gameplay		Pok_mon_Mega_Blue__Screenshot_-_Gameplay____e3acd923-6485-4198-9550-a18b3c8d6b5e.png
IMG	Pokémon Mega Blue	Nintendo Game Boy Advance	Screenshot - Gameplay		Pok_mon_Mega_Blue__Screenshot_-_Gameplay____a3ae1ac6-f3c5-4750-bedc-48a8d67d5dc6.png
IMG	Pokémon Thief Ruby & Sapphire	Nintendo Game Boy Advance	Box - Front	World	Pok_mon_Thief_Ruby_Sapphire__Box_-_Front__World__ef736c0b-12aa-4e47-a93d-970bd00cec32.png
IMG	Pokémon Thief Ruby & Sapphire	Nintendo Game Boy Advance	Screenshot - Gameplay		Pok_mon_Thief_Ruby_Sapphire__Screenshot_-_Gameplay____2623c6bb-1c8c-4212-9ea6-f163c92f1b4b.png
IMG	Pokémon Thief Ruby & Sapphire	Nintendo Game Boy Advance	Screenshot - Game Title		Pok_mon_Thief_Ruby_Sapphire__Screenshot_-_Game_Title____282da5cf-08ee-4f02-bb70-df79302b82c8.png
IMG	Pokémon Crimson Red	Nintendo Game Boy Advance	Box - Front	World	Pok_mon_Crimson_Red__Box_-_Front__World__5afd3c6c-7580-41b1-82af-a4b6a4755f88.jpg
IMG	Pokémon: Emerald Legacy	Nintendo Game Boy Advance	Box - Front	World	Pok_mon_Emerald_Legacy__Box_-_Front__World__6edc66cf-bf88-4d42-a75f-eb9461dfd826.jpg
IMG	Pokémon: Emerald Legacy	Nintendo Game Boy Advance	Clear Logo	World	Pok_mon_Emerald_Legacy__Clear_Logo__World__997fb529-97e0-42ab-83be-60d2a5fca7f4.png
IMG	Pokémon: Emerald Legacy	Nintendo Game Boy Advance	Screenshot - Game Title	World	Pok_mon_Emerald_Legacy__Screenshot_-_Game_Title__World__8ee45f38-3aab-49c6-9533-f12cd151a563.jpg
IMG	Pokémon Evo-Yellow	Nintendo Game Boy	Poster		Pok_mon_Evo-Yellow__Poster____149998d3-f608-485d-9548-3ee718b985f7.png
IMG	Pokémon Evo-Yellow	Nintendo Game Boy	Screenshot - Gameplay		Pok_mon_Evo-Yellow__Screenshot_-_Gameplay____379daec3-cfc0-4d6a-bf31-7941ec44cb04.png
IMG	Pokémon Evo-Yellow	Nintendo Game Boy	Screenshot - Gameplay		Pok_mon_Evo-Yellow__Screenshot_-_Gameplay____86102830-d2ff-430d-a817-b875e83b17c2.png
IMG	Pokémon Forever Yellow	Nintendo Game Boy	Poster	World	Pok_mon_Forever_Yellow__Poster__World__4ef6c95b-fef1-4980-8831-02dcd20f1a3c.png
IMG	Pokémon Forever Yellow	Nintendo Game Boy	Screenshot - Game Title		Pok_mon_Forever_Yellow__Screenshot_-_Game_Title____11bf4e7f-9af4-49da-b117-17d0d9916a8c.png
IMG	Pokémon Lazarus	Nintendo Game Boy Advance	Box - Front	North America	Pok_mon_Lazarus__Box_-_Front__North_America__r2_6a4b6584-864e-450e-8d29-60a096bc4c79.png
IMG	Pokémon Lazarus	Nintendo Game Boy Advance	Box - Front - Reconstructed	World	Pok_mon_Lazarus__Box_-_Front_-_Reconstructed__World__764796b7-6d1e-4e2c-819a-eb16ce61d8c6.png
IMG	Pokémon Lazarus	Nintendo Game Boy Advance	Cart - Front	World	Pok_mon_Lazarus__Cart_-_Front__World__f45c3606-83b1-49c4-80f6-4e064e6560b5.png
IMG	Pokémon Lazarus	Nintendo Game Boy Advance	Cart - Front	World	Pok_mon_Lazarus__Cart_-_Front__World__r2_01b5dea2-f704-4634-b1c3-df46e2dc9ea3.png
IMG	Pokémon Lazarus	Nintendo Game Boy Advance	Clear Logo	World	Pok_mon_Lazarus__Clear_Logo__World__cb136778-514a-47b3-8070-813f4a8f539c.png
IMG	Pokémon Lazarus	Nintendo Game Boy Advance	Fanart - Background	World	Pok_mon_Lazarus__Fanart_-_Background__World__r2_d8508a72-04b0-44bb-9296-97dbbbcfa1e3.jpg
IMG	Pokémon Lazarus	Nintendo Game Boy Advance	Fanart - Box - Front	World	Pok_mon_Lazarus__Fanart_-_Box_-_Front__World__r2_42c6c9ed-7048-40f2-9c21-261579c1b42b.png
IMG	Pokémon Lazarus	Nintendo Game Boy Advance	Poster	World	Pok_mon_Lazarus__Poster__World__b87244dc-c81f-44e8-b341-d84fcc4d1130.png
IMG	Pokémon Lazarus	Nintendo Game Boy Advance	Screenshot - Game Title	World	Pok_mon_Lazarus__Screenshot_-_Game_Title__World__83f531f9-d2a5-4b71-977b-4fd61083828f.png
IMG	Pokémon: DX Violet	Nintendo Game Boy	Fanart - Box - Front	World	Pok_mon_DX_Violet__Fanart_-_Box_-_Front__World__0452e06e-d5d5-4fbf-ab25-f4e43f670be5.jpg
IMG	Pokémon: DX Violet	Nintendo Game Boy	Fanart - Box - Front	World	Pok_mon_DX_Violet__Fanart_-_Box_-_Front__World__55c74f4c-5824-42b5-acb7-6e2623f8a3b6.jpg
IMG	Pokémon: DX Violet	Nintendo Game Boy	Poster	World	Pok_mon_DX_Violet__Poster__World__8b668f0e-8a31-41df-97fa-7fe0d32f5ece.png
IMG	Pokémon: DX Violet	Nintendo Game Boy	Screenshot - Gameplay	World	Pok_mon_DX_Violet__Screenshot_-_Gameplay__World__54825e09-8da3-4e4a-b44e-421c123afa2e.png
IMG	Pokémon: DX Violet	Nintendo Game Boy	Screenshot - Gameplay	World	Pok_mon_DX_Violet__Screenshot_-_Gameplay__World__1d768245-baf9-4c2d-8199-5024a40a05bd.png
IMG	Pokémon: DX Violet	Nintendo Game Boy	Screenshot - Gameplay	World	Pok_mon_DX_Violet__Screenshot_-_Gameplay__World__9eba0086-cfaf-4db5-8031-d449b5f44143.png
IMG	Pokémon: DX Violet	Nintendo Game Boy	Screenshot - Gameplay	World	Pok_mon_DX_Violet__Screenshot_-_Gameplay__World__d2c020b6-1229-442b-b38c-cceaba2aec5a.png
IMG	Pokémon: DX Violet	Nintendo Game Boy	Screenshot - Game Title		Pok_mon_DX_Violet__Screenshot_-_Game_Title____c04a089e-fa39-4b67-984d-dc355ef0aa3e.png
IMG	Pokémon Intense Indigo	Nintendo Game Boy	Box - Front	World	Pok_mon_Intense_Indigo__Box_-_Front__World__24f01bd7-3da8-416b-9824-962df4122164.png
IMG	Pokémon Intense Indigo	Nintendo Game Boy	Screenshot - Gameplay	World	Pok_mon_Intense_Indigo__Screenshot_-_Gameplay__World__57af2f50-53ab-4ae5-93ad-1637cc6ef207.png
IMG	Pokémon Intense Indigo	Nintendo Game Boy	Screenshot - Gameplay	World	Pok_mon_Intense_Indigo__Screenshot_-_Gameplay__World__38a5d0f2-b423-4810-821b-76c8a0d3a970.png
IMG	Pokémon Intense Indigo	Nintendo Game Boy	Screenshot - Gameplay	World	Pok_mon_Intense_Indigo__Screenshot_-_Gameplay__World__90e2bd7a-9116-44c6-a883-f03530f1ed1a.png
IMG	Pokémon Intense Indigo	Nintendo Game Boy	Screenshot - Gameplay	World	Pok_mon_Intense_Indigo__Screenshot_-_Gameplay__World__408effe6-ccf0-4e31-bcc4-93d9fccf4735.png
IMG	Pokémon Intense Indigo	Nintendo Game Boy	Screenshot - Gameplay	World	Pok_mon_Intense_Indigo__Screenshot_-_Gameplay__World__24b6915d-0632-460c-9700-306370e0ddd6.png
IMG	Pokémon Play as Blue!	Nintendo Game Boy	Box - Front	World	Pok_mon_Play_as_Blue___Box_-_Front__World__438eee02-5296-404d-be14-9cfdd3d1d1b2.png
IMG	Pokémon Play as Blue!	Nintendo Game Boy	Screenshot - Gameplay	World	Pok_mon_Play_as_Blue___Screenshot_-_Gameplay__World__6878cf85-2dfc-4441-bf08-c4651b51e827.png
IMG	Pokémon Play as Blue!	Nintendo Game Boy	Screenshot - Gameplay	World	Pok_mon_Play_as_Blue___Screenshot_-_Gameplay__World__c6f01ee6-08cc-4e9d-9486-519f772f6e74.png
IMG	Pokémon Play as Blue!	Nintendo Game Boy	Screenshot - Gameplay		Pok_mon_Play_as_Blue___Screenshot_-_Gameplay____64e5d65f-b916-4428-bb4c-2a656dbc07a1.png
IMG	Pokémon Play as Blue!	Nintendo Game Boy	Screenshot - Gameplay	World	Pok_mon_Play_as_Blue___Screenshot_-_Gameplay__World__01277ef4-73d0-4ae0-89a0-a03dd5b8378e.png
IMG	Pokémon Play as Blue!	Nintendo Game Boy	Screenshot - Game Title	World	Pok_mon_Play_as_Blue___Screenshot_-_Game_Title__World__44c4bb5d-6e50-471d-8521-2a0bd4402f1e.png
IMG	Pokémon Red Rumor	Nintendo Game Boy	Box - Front	World	Pok_mon_Red_Rumor__Box_-_Front__World__a940ad12-c88a-4dff-bea9-46d8920ea035.png
IMG	Pokémon Red Rumor	Nintendo Game Boy	Poster	World	Pok_mon_Red_Rumor__Poster__World__00da4b67-2522-43d2-a0ad-087a400944c3.png
IMG	Pokémon Red Rumor	Nintendo Game Boy	Screenshot - Gameplay	World	Pok_mon_Red_Rumor__Screenshot_-_Gameplay__World__11e65dd8-4440-4a9a-9d95-ad5d8813f347.png
IMG	Pokémon Red Rumor	Nintendo Game Boy	Screenshot - Gameplay	World	Pok_mon_Red_Rumor__Screenshot_-_Gameplay__World__7e1a8cc3-1928-4b21-be7c-9c19af7d73f9.png
IMG	Pokémon Red Rumor	Nintendo Game Boy	Screenshot - Gameplay	World	Pok_mon_Red_Rumor__Screenshot_-_Gameplay__World__cd524c99-5992-4e77-8f8b-b7c609a44517.png
IMG	Pokémon Red Rumor	Nintendo Game Boy	Screenshot - Gameplay	World	Pok_mon_Red_Rumor__Screenshot_-_Gameplay__World__e8b5542e-79a1-4ab4-8db0-bd02e383c802.png
IMG	Pokémon Red Rumor	Nintendo Game Boy	Screenshot - Gameplay	World	Pok_mon_Red_Rumor__Screenshot_-_Gameplay__World__beff5971-2241-43cc-be8c-d9d8aad54871.png
IMG	Pokémon Red Rumor	Nintendo Game Boy	Screenshot - Game Title	World	Pok_mon_Red_Rumor__Screenshot_-_Game_Title__World__78144d12-6ddd-4e68-8a99-3771b655505a.png
IMG	Pokémon Team Rocket Jessie&James	Nintendo Game Boy Advance	Box - 3D	World	Pok_mon_Team_Rocket_Jessie_James__Box_-_3D__World__r2_08db4f77-a02d-4b37-bc54-aeba2764301f.png
IMG	Pokémon Roaming Red	Nintendo Game Boy	Poster	World	Pok_mon_Roaming_Red__Poster__World__0bd4ab6f-b745-4cbf-a7c6-c324098b0bb1.png
IMG	Pokémon Roaming Red	Nintendo Game Boy	Screenshot - Gameplay	World	Pok_mon_Roaming_Red__Screenshot_-_Gameplay__World__4e0f8c81-3fed-40df-92e9-f484b430b74c.png
IMG	Pokémon Roaming Red	Nintendo Game Boy	Screenshot - Gameplay	World	Pok_mon_Roaming_Red__Screenshot_-_Gameplay__World__a8fbadea-e636-472a-b5b5-c2b4e7470f87.png
IMG	Pokémon Roaming Red	Nintendo Game Boy	Screenshot - Gameplay	World	Pok_mon_Roaming_Red__Screenshot_-_Gameplay__World__674c9752-381e-4b41-9d97-6e26bd28ed6a.png
IMG	Freezai's Mountain	Nintendo Game Boy Advance	Fanart - Box - Front	World	Freezai_s_Mountain__Fanart_-_Box_-_Front__World__bcd0d34b-7125-42e6-bb6d-630869aff877.jpg
IMG	Pokémon Aesthetic Red	Nintendo Game Boy Advance	Box - 3D	North America	Pok_mon_Aesthetic_Red__Box_-_3D__North_America__24c611b1-d961-4ed4-9be2-9e3c3c16961b.png
IMG	Pokémon Aesthetic Red	Nintendo Game Boy Advance	Box - 3D	North America	Pok_mon_Aesthetic_Red__Box_-_3D__North_America__8967176d-48fe-4043-a8ff-88db61874226.png
IMG	Pokémon Aesthetic Red	Nintendo Game Boy Advance	Box - Front	North America	Pok_mon_Aesthetic_Red__Box_-_Front__North_America__a4316fba-0d1e-4249-b950-8fb25c71f3e0.jpg
IMG	Pokémon Aesthetic Red	Nintendo Game Boy Advance	Box - Front	North America	Pok_mon_Aesthetic_Red__Box_-_Front__North_America__5d8a0b8b-4602-48e1-ab94-399d29657c75.jpg
IMG	Pokémon Aesthetic Red	Nintendo Game Boy Advance	Clear Logo	North America	Pok_mon_Aesthetic_Red__Clear_Logo__North_America__d9ea93b9-344b-45a3-bb5e-7ec5ee735cfc.png
IMG	Pokémon Aesthetic Red	Nintendo Game Boy Advance	Screenshot - Gameplay		Pok_mon_Aesthetic_Red__Screenshot_-_Gameplay____f7f09ef0-96a5-497c-b2b4-b76b69f927aa.png
IMG	Pokémon Aesthetic Red	Nintendo Game Boy Advance	Screenshot - Gameplay		Pok_mon_Aesthetic_Red__Screenshot_-_Gameplay____b3b513ac-dd41-43e9-b691-2a6b0c893f00.png
IMG	Pokémon Aesthetic Red	Nintendo Game Boy Advance	Screenshot - Gameplay		Pok_mon_Aesthetic_Red__Screenshot_-_Gameplay____a346dc2c-9d4a-4b84-b8e8-16180eac9e7e.png
IMG	Pokémon Aesthetic Red	Nintendo Game Boy Advance	Screenshot - Gameplay		Pok_mon_Aesthetic_Red__Screenshot_-_Gameplay____9f1060d4-6d95-4edb-985d-9cd73207e3f7.png
IMG	Pokémon Aesthetic Red	Nintendo Game Boy Advance	Screenshot - Gameplay		Pok_mon_Aesthetic_Red__Screenshot_-_Gameplay____bf2909ba-ef90-40a7-9944-f3e17ea27330.png
IMG	Pokémon Aesthetic Red	Nintendo Game Boy Advance	Screenshot - Gameplay		Pok_mon_Aesthetic_Red__Screenshot_-_Gameplay____19a61ced-e403-4296-860a-30823f85ca64.png
IMG	Pokémon Aesthetic Red	Nintendo Game Boy Advance	Screenshot - Game Title		Pok_mon_Aesthetic_Red__Screenshot_-_Game_Title____952773bd-26d4-4372-be1e-95a3b011b745.png
IMG	Pokémon: My Ass Version	Nintendo Game Boy Advance	Box - Front	World	Pok_mon_My_Ass_Version__Box_-_Front__World__d85b41be-76ed-4f87-91c5-8b89127a2d5f.jpg
IMG	Pokémon: My Ass Version	Nintendo Game Boy Advance	Screenshot - Gameplay		Pok_mon_My_Ass_Version__Screenshot_-_Gameplay____02f4298f-660b-42f4-b01f-d60b8c35073c.png
IMG	Pokémon: My Ass Version	Nintendo Game Boy Advance	Screenshot - Gameplay		Pok_mon_My_Ass_Version__Screenshot_-_Gameplay____2b004535-b0b6-422f-bcc4-b2913639d39e.png
IMG	Pokémon: My Ass Version	Nintendo Game Boy Advance	Screenshot - Game Title		Pok_mon_My_Ass_Version__Screenshot_-_Game_Title____a619c32d-2890-4f50-9eba-c35394420e92.png
IMG	Pocket Monsters Diamond: Pocket Monsters Pearl: Manaphy Present Campaign Senyou Cartridge	Nintendo Game Boy Advance	Cart - Front	Japan	Pocket_Monsters_Diamond_Pocket_Monsters_Pearl_Manaphy_Present_Campaign_Senyou_Cartridge__Cart_-_Front__Japan__c3ce7927-f51a-4a17-a623-602ddc074a1a.png
IMG	Pocket Monsters Diamond: Tomodachi to Issho ni!: Present Campaign Senyou Cartridge	Nintendo Game Boy Advance	Cart - Front	Japan	Pocket_Monsters_Diamond_Tomodachi_to_Issho_ni_Present_Campaign_Senyou_Cartridge__Cart_-_Front__Japan__d6030e38-c6f1-4cdb-8bde-1f89f4ffa9f6.png
IMG	Pokémon Too Many Types	Nintendo Game Boy Advance	Box - Front	North America	Pok_mon_Too_Many_Types__Box_-_Front__North_America__79067210-d5d4-4a31-b277-01459efa8c51.png
IMG	Pokémon Too Many Types	Nintendo Game Boy Advance	Clear Logo	North America	Pok_mon_Too_Many_Types__Clear_Logo__North_America__09778768-fae9-4c62-b113-21cfafbaa7b6.png
IMG	Pokémon Too Many Types	Nintendo Game Boy Advance	Clear Logo	North America	Pok_mon_Too_Many_Types__Clear_Logo__North_America__3c7f84ab-2425-4d6d-a402-b26eaf138620.png
IMG	Pokémon Too Many Types	Nintendo Game Boy Advance	Fanart - Background	North America	Pok_mon_Too_Many_Types__Fanart_-_Background__North_America__1674d13f-c234-46be-a6bc-5250469c02d1.jpg
IMG	Pokémon Orb	Nintendo Game Boy Color	Box - Front	World	Pok_mon_Orb__Box_-_Front__World__03e79179-5e0b-4bc8-ba8a-a43fc05b2f6e.png
IMG	Pokémon Orb	Nintendo Game Boy Color	Screenshot - Gameplay	World	Pok_mon_Orb__Screenshot_-_Gameplay__World__cbe8902e-fd40-4b4e-83e7-2ae8031ee554.png
IMG	Pokémon Orb	Nintendo Game Boy Color	Screenshot - Game Title	World	Pok_mon_Orb__Screenshot_-_Game_Title__World__5b53e088-9f6d-46fa-8529-5c77f236ba37.png
IMG	Pokémon STRIKE! Yellow Version	Nintendo Game Boy	Box - Front	World	Pok_mon_STRIKE_Yellow_Version__Box_-_Front__World__900e5a91-7273-4f93-b5ae-26e248fe8f12.png
IMG	Pokémon STRIKE! Yellow Version	Nintendo Game Boy	Screenshot - Gameplay	World	Pok_mon_STRIKE_Yellow_Version__Screenshot_-_Gameplay__World__cf563def-1d6a-4bdc-bf1f-f4ca70e4d8d7.png
IMG	Pokémon STRIKE! Yellow Version	Nintendo Game Boy	Screenshot - Game Title	World	Pok_mon_STRIKE_Yellow_Version__Screenshot_-_Game_Title__World__3ee074e2-b8db-4fa9-af55-3d466d60a4ae.png
IMG	Twitch Plays Pokémon: Anniversary Red	Nintendo Game Boy	Box - Front	World	Twitch_Plays_Pok_mon_Anniversary_Red__Box_-_Front__World__b59d1fc1-a7a9-4bd3-8ef4-4f4f2725d8ed.png
IMG	Twitch Plays Pokémon: Anniversary Red	Nintendo Game Boy	Screenshot - Gameplay	World	Twitch_Plays_Pok_mon_Anniversary_Red__Screenshot_-_Gameplay__World__bdd9cbfe-41cc-4137-850f-189830c84788.png
IMG	Twitch Plays Pokémon: Anniversary Red	Nintendo Game Boy	Screenshot - Game Title	World	Twitch_Plays_Pok_mon_Anniversary_Red__Screenshot_-_Game_Title__World__88377069-36c9-4570-b273-b531e9b3fee4.png
IMG	Pokémon Velvet: Special Hatenna Edition	Nintendo Game Boy	Box - Front	World	Pok_mon_Velvet_Special_Hatenna_Edition__Box_-_Front__World__26e29cad-be8e-447f-a880-03bf96a9136a.png
IMG	Pokémon Velvet: Special Hatenna Edition	Nintendo Game Boy	Screenshot - Gameplay	World	Pok_mon_Velvet_Special_Hatenna_Edition__Screenshot_-_Gameplay__World__6da4fa26-1cb1-4067-9fbf-6163489fe7cf.png
IMG	Pokémon Velvet: Special Hatenna Edition	Nintendo Game Boy	Screenshot - Game Title	World	Pok_mon_Velvet_Special_Hatenna_Edition__Screenshot_-_Game_Title__World__f3265be3-0f54-4d84-a99b-e8803fe7c2b5.png
IMG	Pokémon FireRed: VR Missions	Nintendo Game Boy Advance	Fanart - Box - Front	World	Pok_mon_FireRed_VR_Missions__Fanart_-_Box_-_Front__World__3bd0f902-2e3a-4fc9-bff5-db3542cff37a.png
IMG	Pokémon FireRed: VR Missions	Nintendo Game Boy Advance	Screenshot - Gameplay	World	Pok_mon_FireRed_VR_Missions__Screenshot_-_Gameplay__World__5cd4e7ef-5407-42e9-b6e9-e9fbe0f25ed3.png
IMG	Pokémon: Pit of 100 Trials	Nintendo Game Boy Advance	Fanart - Box - Front	World	Pok_mon_Pit_of_100_Trials__Fanart_-_Box_-_Front__World__a62b4d09-01bb-4305-aa45-8aca1c5929b8.png
IMG	Pokémon: Pit of 100 Trials	Nintendo Game Boy Advance	Screenshot - Gameplay	World	Pok_mon_Pit_of_100_Trials__Screenshot_-_Gameplay__World__a0183517-9077-428c-8bf5-2c4e965ca8a8.png
IMG	Pokémon: Pit of 100 Trials	Nintendo Game Boy Advance	Screenshot - Gameplay	World	Pok_mon_Pit_of_100_Trials__Screenshot_-_Gameplay__World__fc5acf39-9fd4-4e8c-92d5-f252bd6fa455.png
IMG	Pokémon Sword and Shield Ultimate Plus	Nintendo Game Boy Advance	Fanart - Box - Front	World	Pok_mon_Sword_and_Shield_Ultimate_Plus__Fanart_-_Box_-_Front__World__4849b7b9-7e8a-47b5-a7e1-47fd1c16c02b.png
IMG	Pokémon Sword and Shield Ultimate Plus	Nintendo Game Boy Advance	Screenshot - Gameplay	World	Pok_mon_Sword_and_Shield_Ultimate_Plus__Screenshot_-_Gameplay__World__de936aed-b4bc-490c-ba8b-62792b4d8e1c.png
IMG	Pokémon Sword and Shield Ultimate Plus	Nintendo Game Boy Advance	Screenshot - Game Title	World	Pok_mon_Sword_and_Shield_Ultimate_Plus__Screenshot_-_Game_Title__World__241e02e9-f9e4-4d1b-81ad-38274abae7f7.png
IMG	Pokémon Grand Dad Version	Nintendo Game Boy Advance	Fanart - Box - Front	World	Pok_mon_Grand_Dad_Version__Fanart_-_Box_-_Front__World__be7b6baa-ff52-482b-8cee-69a10736b894.png
IMG	Pokémon Grand Dad Version	Nintendo Game Boy Advance	Screenshot - Gameplay	World	Pok_mon_Grand_Dad_Version__Screenshot_-_Gameplay__World__99791e04-73ac-4e8f-9d3d-6e9dec545b48.png
IMG	Pokémon Grand Dad Version	Nintendo Game Boy Advance	Screenshot - Game Title	World	Pok_mon_Grand_Dad_Version__Screenshot_-_Game_Title__World__337331fa-f467-4c05-93b9-ea409ab9df3b.png
IMG	Pokémon: Too Many Types 2	Nintendo Game Boy Advance	Screenshot - Gameplay	World	Pok_mon_Too_Many_Types_2__Screenshot_-_Gameplay__World__f4ce4cd4-a947-4645-af40-3e6c55ccee6b.png
IMG	Pokémon: Too Many Types 2	Nintendo Game Boy Advance	Screenshot - Game Title	World	Pok_mon_Too_Many_Types_2__Screenshot_-_Game_Title__World__e6d5817f-3322-40b6-960a-14c8b6b7a4a0.png
IMG	Pokémon: National History Museum	Nintendo Game Boy Advance	Screenshot - Gameplay	World	Pok_mon_National_History_Museum__Screenshot_-_Gameplay__World__e8f7ee06-60d5-49ab-832b-dd2a0587199b.png
IMG	Pokémon: National History Museum	Nintendo Game Boy Advance	Screenshot - Game Title	World	Pok_mon_National_History_Museum__Screenshot_-_Game_Title__World__09fe42b3-36fb-49e2-8c69-92f8793a2e57.png
IMG	Pokémon: Cave Escape	Nintendo Game Boy Advance	Screenshot - Gameplay	World	Pok_mon_Cave_Escape__Screenshot_-_Gameplay__World__bc97d0b9-4065-4c12-84ba-4feb6f940e33.png
IMG	Pokémon: Cave Escape	Nintendo Game Boy Advance	Screenshot - Game Title	World	Pok_mon_Cave_Escape__Screenshot_-_Game_Title__World__34575d18-ec0a-493d-9a5b-69253dfe8639.png
IMG	PokéEscape	Nintendo Game Boy Advance	Screenshot - Gameplay		Pok_Escape__Screenshot_-_Gameplay____9f8a76a0-790b-4bcd-b413-9d16cbdcba3e.png
IMG	PokéEscape	Nintendo Game Boy Advance	Screenshot - Gameplay		Pok_Escape__Screenshot_-_Gameplay____98ef76ca-9ce6-46a3-8375-976768b3669b.png
IMG	Pokémon Special Silver Quest	Nintendo Game Boy Color	Box - Front	World	Pok_mon_Special_Silver_Quest__Box_-_Front__World__r2_13322212-f663-4a26-8b7a-9e021939425a.png
IMG	Pokémon Special Silver Quest	Nintendo Game Boy Color	Clear Logo	World	Pok_mon_Special_Silver_Quest__Clear_Logo__World__r2_f487fd8f-a86c-43b8-bb61-9608365afccf.png
IMG	Pokémon Special Silver Quest	Nintendo Game Boy Color	Screenshot - Gameplay	World	Pok_mon_Special_Silver_Quest__Screenshot_-_Gameplay__World__r2_bfa3648a-138a-43f4-9d84-42a38a15f204.png
IMG	Pokémon Special Silver Quest	Nintendo Game Boy Color	Screenshot - Gameplay	World	Pok_mon_Special_Silver_Quest__Screenshot_-_Gameplay__World__r2_93f70250-769a-455c-9624-3eca6b5c41c7.png
IMG	Pokémon Special Silver Quest	Nintendo Game Boy Color	Screenshot - Gameplay	World	Pok_mon_Special_Silver_Quest__Screenshot_-_Gameplay__World__r2_648efa1c-5891-4cb7-a035-6c59ba96a420.png
IMG	Pokémon Special Silver Quest	Nintendo Game Boy Color	Screenshot - Gameplay	World	Pok_mon_Special_Silver_Quest__Screenshot_-_Gameplay__World__r2_5da40e8e-b54d-4cdb-8263-be050b4f2c45.png
IMG	Pokémon: Ruby Version	Nintendo Game Boy Advance	Box - Front	North America	Pok_mon_Ruby_Version__Box_-_Front__North_America__df8641a6-f69f-483e-8c91-5352a1d1d79a.jpg
IMG	Pokémon: Ruby Version	Nintendo Game Boy Advance	Screenshot - Game Title	United States	Pok_mon_Ruby_Version__Screenshot_-_Game_Title__United_States__r2_77f3854f-8f14-49a5-99c2-15a74c7e0c86.png
IMG	Pokémon Crossroads	Nintendo Game Boy Advance	Clear Logo		Pok_mon_Crossroads__Clear_Logo____ad47fec2-758f-4b89-9eb2-6f2d621d3674.png
IMG	Pokémon PureBlue	Nintendo Game Boy	Box - Front	World	Pok_mon_PureBlue__Box_-_Front__World__d08e4308-0e4b-4f52-ae9f-65ac065245ec.png
IMG	Pokémon PureBlue	Nintendo Game Boy	Box - Front	World	Pok_mon_PureBlue__Box_-_Front__World__r2_12cc7f45-ed94-4d28-8fa9-2ed17e13bc6b.jpg
IMG	Pokémon PureBlue	Nintendo Game Boy	Clear Logo	World	Pok_mon_PureBlue__Clear_Logo__World__r2_038ccc39-9eba-4476-aae4-11789955404f.png
IMG	Pokémon PureBlue	Nintendo Game Boy	Fanart - Background	World	Pok_mon_PureBlue__Fanart_-_Background__World__r2_40d62b9f-bafd-4be9-84bc-2a955597a6ca.jpg
IMG	Pokémon PureBlue	Nintendo Game Boy	Screenshot - Gameplay	World	Pok_mon_PureBlue__Screenshot_-_Gameplay__World__8dc27189-eb31-4fae-83c7-95d0facee347.png
IMG	Pokémon PureBlue	Nintendo Game Boy	Screenshot - Game Title	World	Pok_mon_PureBlue__Screenshot_-_Game_Title__World__8aab2168-52c9-4430-845d-8081fa52e310.png
IMG	Pokémon PureGreen	Nintendo Game Boy	Box - Front	World	Pok_mon_PureGreen__Box_-_Front__World__d5247b2c-1f33-4c05-a3c7-2e859288be0b.png
IMG	Pokémon PureGreen	Nintendo Game Boy	Box - Front	World	Pok_mon_PureGreen__Box_-_Front__World__r2_5f002847-a891-4530-83de-8f4d8d94c511.jpg
IMG	Pokémon PureGreen	Nintendo Game Boy	Clear Logo	World	Pok_mon_PureGreen__Clear_Logo__World__r2_126d348a-5b13-489e-9b65-0b24ffdaf411.png
IMG	Pokémon PureGreen	Nintendo Game Boy	Fanart - Background	World	Pok_mon_PureGreen__Fanart_-_Background__World__r2_8b0745e0-79ed-4d00-bbc2-35c923c55ba7.jpg
IMG	Pokémon PureGreen	Nintendo Game Boy	Screenshot - Gameplay	World	Pok_mon_PureGreen__Screenshot_-_Gameplay__World__7083dc06-91c5-4ab0-bbd2-f903989ace4b.png
IMG	Pokémon PureGreen	Nintendo Game Boy	Screenshot - Game Title	World	Pok_mon_PureGreen__Screenshot_-_Game_Title__World__2676120a-adba-4f1c-b334-f7ea5f00291d.png
IMG	Pokémon Star Twinkle	Nintendo Game Boy Advance	Box - Back	World	Pok_mon_Star_Twinkle__Box_-_Back__World__8a45d466-634b-4380-ab66-dc89b7b4396c.png
IMG	Pokémon Star Twinkle	Nintendo Game Boy Advance	Box - Front	World	Pok_mon_Star_Twinkle__Box_-_Front__World__065051b0-f775-4151-93ef-d202b2af3555.png
IMG	Pokémon Star Twinkle	Nintendo Game Boy Advance	Box - Spine	World	Pok_mon_Star_Twinkle__Box_-_Spine__World__3e9813f1-b7d4-4c0a-a3c6-db04bf95921f.png
IMG	Pokémon Star Twinkle	Nintendo Game Boy Advance	Clear Logo	World	Pok_mon_Star_Twinkle__Clear_Logo__World__2d4dd8bf-9ec2-41ce-bdbb-fbb83f5b868f.png
IMG	Pokémon Record Keepers	Nintendo Game Boy Advance	Box - Front	World	Pok_mon_Record_Keepers__Box_-_Front__World__r2_adb93879-8654-4073-a23c-6b288322e823.png
IMG	Pokémon Record Keepers	Nintendo Game Boy Advance	Clear Logo	World	Pok_mon_Record_Keepers__Clear_Logo__World__r2_50d71c9b-3b74-4860-9e9d-5942b5817f3b.png
IMG	Pokémon Emerald Imperium	Nintendo Game Boy Advance	Box - Front	World	Pok_mon_Emerald_Imperium__Box_-_Front__World__8220c026-3a62-4b38-80fa-ac4e6dc48fcc.jpg
IMG	Pokémon Emerald Imperium	Nintendo Game Boy Advance	Clear Logo	World	Pok_mon_Emerald_Imperium__Clear_Logo__World__fc6055a2-250b-4d5b-84ad-5eb27444e850.png
IMG	Pokémon Emerald 386	Nintendo Game Boy Advance	Box - Front	World	Pok_mon_Emerald_386__Box_-_Front__World__7e09a66e-390d-4fbb-874f-ff90b77804bb.png
IMG	Pokémon Emerald 386	Nintendo Game Boy Advance	Clear Logo	World	Pok_mon_Emerald_386__Clear_Logo__World__91f8e19d-bef8-46c7-8669-ddd9c6a5686d.png
IMG	Pokémon Emerald Version: Party Randomizer	Nintendo Game Boy Advance	Fanart - Box - Front	North America	Pok_mon_Emerald_Version_Party_Randomizer__Fanart_-_Box_-_Front__North_America__r2_d8fea237-fc05-46e8-b3b7-3846e96f4c53.png
IMG	Pokémon Emerald Version: Party Randomizer	Nintendo Game Boy Advance	Screenshot - Gameplay	North America	Pok_mon_Emerald_Version_Party_Randomizer__Screenshot_-_Gameplay__North_America__r2_f56f6bb7-d18d-4230-ab20-c687cc66ec5a.png
IMG	Pokémon Puffy Pink	Nintendo Game Boy Advance	Screenshot - Game Title		Pok_mon_Puffy_Pink__Screenshot_-_Game_Title____05e1bc5f-e81d-4bb5-93db-890bd3cc0772.png
IMG	Pokémon Quartz Minus	Nintendo Game Boy Advance	Screenshot - Gameplay		Pok_mon_Quartz_Minus__Screenshot_-_Gameplay____7b5d6024-1759-4d66-9467-eaeaf7a8bc25.png
IMG	Pokémon Quartz Minus	Nintendo Game Boy Advance	Screenshot - Gameplay		Pok_mon_Quartz_Minus__Screenshot_-_Gameplay____9755f6a5-0895-4bea-a040-9530369ecbba.png
IMG	Pokémon Quartz Minus	Nintendo Game Boy Advance	Screenshot - Gameplay		Pok_mon_Quartz_Minus__Screenshot_-_Gameplay____943b5fef-2ae6-4578-bbaa-58308f4c6592.png
IMG	Pokémon Quartz Minus	Nintendo Game Boy Advance	Screenshot - Game Title		Pok_mon_Quartz_Minus__Screenshot_-_Game_Title____9c651e92-9a5b-4e11-b40e-f61832bdb404.png
IMG	Pokémon Celadon Version	Nintendo Game Boy	Screenshot - Gameplay		Pok_mon_Celadon_Version__Screenshot_-_Gameplay____1ff51bba-8df2-4338-93f3-20c5e5daf606.png
IMG	Pokémon Celadon Version	Nintendo Game Boy	Screenshot - Gameplay		Pok_mon_Celadon_Version__Screenshot_-_Gameplay____e61ad8ab-b2e0-433b-be9d-cd521e70a01b.png
IMG	Pokémon TCG Generations	Nintendo Game Boy Color	Clear Logo		Pok_mon_TCG_Generations__Clear_Logo____bb2de34f-0834-4f82-bff4-aff6d26e26ce.png
IMG	Pokémon TCG Generations	Nintendo Game Boy Color	Fanart - Box - Front	World	Pok_mon_TCG_Generations__Fanart_-_Box_-_Front__World__r2_7e4225a8-1562-4092-a3d0-ef1d058257d9.png
IMG	Pokémon TCG Generations	Nintendo Game Boy Color	Fanart - Box - Front		Pok_mon_TCG_Generations__Fanart_-_Box_-_Front____3173add6-a46b-4070-96d5-fafc5ac0e049.png
IMG	Pokémon TCG Generations	Nintendo Game Boy Color	Fanart - Box - Front	World	Pok_mon_TCG_Generations__Fanart_-_Box_-_Front__World__r2_15919884-8906-480e-934a-828d833eda93.png
IMG	Pokémon TCG Generations	Nintendo Game Boy Color	Fanart - Box - Front	World	Pok_mon_TCG_Generations__Fanart_-_Box_-_Front__World__r2_34cb0645-6156-47c9-88d5-ae5fda601574.png
IMG	Pokémon TCG Generations	Nintendo Game Boy Color	Fanart - Box - Front	World	Pok_mon_TCG_Generations__Fanart_-_Box_-_Front__World__r2_9139badf-3c55-4db3-ac00-655d704457e7.png
IMG	Pokémon TCG Generations	Nintendo Game Boy Color	Fanart - Box - Front	World	Pok_mon_TCG_Generations__Fanart_-_Box_-_Front__World__r2_ab9d4161-d0de-4d98-80f1-eb328bf06d2c.png
IMG	Pokémon TCG Generations	Nintendo Game Boy Color	Screenshot - Gameplay		Pok_mon_TCG_Generations__Screenshot_-_Gameplay____63c4579b-12f3-4254-9778-4a31780423ad.png
IMG	Pokémon TCG Generations	Nintendo Game Boy Color	Screenshot - Gameplay		Pok_mon_TCG_Generations__Screenshot_-_Gameplay____7489e626-2966-4395-905e-949a67a438ae.png
IMG	Pokémon TCG Generations	Nintendo Game Boy Color	Screenshot - Game Title		Pok_mon_TCG_Generations__Screenshot_-_Game_Title____ac05f04d-dbcd-439d-993d-a5f93a061f09.png
IMG	Pokemon Heart & Soul	Nintendo Game Boy Advance	Box - Front	North America	Pokemon_Heart_Soul__Box_-_Front__North_America__aefca41d-2c1f-49ca-9ad1-f5e1e945cb12.jpg
IMG	Pokemon Heart & Soul	Nintendo Game Boy Advance	Cart - Front	World	Pokemon_Heart_Soul__Cart_-_Front__World__ce62bc4f-9f22-4dfb-873f-9eb483f72a3b.png
IMG	Pokemon Heart & Soul	Nintendo Game Boy Advance	Clear Logo	World	Pokemon_Heart_Soul__Clear_Logo__World__8d3344ee-9ec5-41d7-83be-e1b0058e15a9.png
IMG	Pokemon Heart & Soul	Nintendo Game Boy Advance	Fanart - Background	World	Pokemon_Heart_Soul__Fanart_-_Background__World__1d4aac2c-8b64-4925-8382-5c15b66127d8.png
IMG	Pokemon Heart & Soul	Nintendo Game Boy Advance	Screenshot - Gameplay	World	Pokemon_Heart_Soul__Screenshot_-_Gameplay__World__5cf97d55-a978-4ad8-a7bc-ced829ab7f61.png
IMG	Pokemon Heart & Soul	Nintendo Game Boy Advance	Screenshot - Gameplay	World	Pokemon_Heart_Soul__Screenshot_-_Gameplay__World__2b927d39-ef47-46d7-92a5-3e773db17d72.png
IMG	Pokemon Heart & Soul	Nintendo Game Boy Advance	Screenshot - Game Title	World	Pokemon_Heart_Soul__Screenshot_-_Game_Title__World__adbad441-03da-493e-95a0-eb6ffb08bb10.jpg
IMG	Pokémon Mystery Dungeon: Red Rescue Team EX	Nintendo Game Boy Advance	Fanart - Box - Front		Pok_mon_Mystery_Dungeon_Red_Rescue_Team_EX__Fanart_-_Box_-_Front____bc366d06-af2c-4abd-b8fc-f0f3c9e38e40.jpg
IMG	Pokémon Emerald Legacy Enhanced	Nintendo Game Boy Advance	Box - Front	World	Pok_mon_Emerald_Legacy_Enhanced__Box_-_Front__World__7aee2d9d-1606-4d5a-8cc9-b37624d1430d.png
IMG	Pokémon Emerald Legacy Enhanced	Nintendo Game Boy Advance	Screenshot - Gameplay		Pok_mon_Emerald_Legacy_Enhanced__Screenshot_-_Gameplay____d9f4582d-7a6c-4492-8b85-d85b748f4813.jpg
IMG	Pokémon Emerald Legacy Enhanced	Nintendo Game Boy Advance	Screenshot - Gameplay		Pok_mon_Emerald_Legacy_Enhanced__Screenshot_-_Gameplay____c428536b-fc1a-403c-9c27-0cd69d84ec7e.jpg
IMG	Pokémon Emerald Legacy Enhanced	Nintendo Game Boy Advance	Screenshot - Gameplay		Pok_mon_Emerald_Legacy_Enhanced__Screenshot_-_Gameplay____8f2c6c8f-75ab-470a-80bf-a3cc6b34fc45.jpg
IMG	Pokémon Emerald Legacy Enhanced	Nintendo Game Boy Advance	Screenshot - Game Title		Pok_mon_Emerald_Legacy_Enhanced__Screenshot_-_Game_Title____e5c3f1a2-31f3-46d1-b6c1-a70cae569142.jpg
IMG	Pokémon: Cubic Crystal	Nintendo Game Boy Color	Box - Front	World	Pok_mon_Cubic_Crystal__Box_-_Front__World__d2084403-657e-4993-9aee-40b5a0177f38.png
IMG	Pokémon: Cubic Crystal	Nintendo Game Boy Color	Poster	World	Pok_mon_Cubic_Crystal__Poster__World__ba6926c3-7569-46a5-9439-a5f0f78d09f8.png
IMG	Pokémon: Cubic Crystal	Nintendo Game Boy Color	Screenshot - Gameplay	World	Pok_mon_Cubic_Crystal__Screenshot_-_Gameplay__World__ada8ec5b-bb9c-4cf4-a4e2-d3782c065c3b.png
IMG	Pokémon: Cubic Crystal	Nintendo Game Boy Color	Screenshot - Gameplay	World	Pok_mon_Cubic_Crystal__Screenshot_-_Gameplay__World__bed7f364-c558-421b-a020-4422fc74e662.png
IMG	Pokémon: Cubic Crystal	Nintendo Game Boy Color	Screenshot - Gameplay	World	Pok_mon_Cubic_Crystal__Screenshot_-_Gameplay__World__344d0492-b7dc-4cc1-8364-7554a0315383.png
IMG	Pokémon: Cubic Crystal	Nintendo Game Boy Color	Screenshot - Gameplay	World	Pok_mon_Cubic_Crystal__Screenshot_-_Gameplay__World__9d4d3038-f946-48a7-9f50-d45f698a6359.png
IMG	Pokémon: Cubic Crystal	Nintendo Game Boy Color	Screenshot - Game Title	World	Pok_mon_Cubic_Crystal__Screenshot_-_Game_Title__World__e0c63b87-4942-4173-94b6-89dc1465ce9c.png
IMG	Pokémon: Crib Crystal	Nintendo Game Boy Color	Box - Front	World	Pok_mon_Crib_Crystal__Box_-_Front__World__fb9f0e95-efa4-4d7e-a596-2a8281eef869.png
IMG	Pokémon: Crib Crystal	Nintendo Game Boy Color	Poster	World	Pok_mon_Crib_Crystal__Poster__World__9af597a3-a122-497b-9a78-3817efaeaab9.png
IMG	Pokémon: Crib Crystal	Nintendo Game Boy Color	Screenshot - Gameplay	World	Pok_mon_Crib_Crystal__Screenshot_-_Gameplay__World__63629d0f-7e91-46d5-a80b-68402b368528.png
IMG	Pokémon: Crib Crystal	Nintendo Game Boy Color	Screenshot - Gameplay	World	Pok_mon_Crib_Crystal__Screenshot_-_Gameplay__World__3e9ebfb0-e53f-4134-92ab-ed1ce0833669.png
IMG	Pokémon: Crib Crystal	Nintendo Game Boy Color	Screenshot - Gameplay	World	Pok_mon_Crib_Crystal__Screenshot_-_Gameplay__World__db3f43cf-23b2-4c2f-b81e-48af4790d6e8.png
IMG	Pokémon: Crib Crystal	Nintendo Game Boy Color	Screenshot - Gameplay	World	Pok_mon_Crib_Crystal__Screenshot_-_Gameplay__World__cec625ce-0d2b-46d0-be05-59f20a76cf25.png
IMG	Pokémon: Crib Crystal	Nintendo Game Boy Color	Screenshot - Gameplay	World	Pok_mon_Crib_Crystal__Screenshot_-_Gameplay__World__176ce2f6-996a-4b29-b206-212ef8a41376.png
IMG	Pokémon Crystal Awakening	Nintendo Game Boy Color	Box - Front	World	Pok_mon_Crystal_Awakening__Box_-_Front__World__85962107-bc44-4c49-b520-65c9ca847eda.png
IMG	Pokémon Crystal Awakening	Nintendo Game Boy Color	Screenshot - Gameplay	World	Pok_mon_Crystal_Awakening__Screenshot_-_Gameplay__World__4e7f3367-94e0-4e6d-b329-eb9ca588dab6.png
IMG	Pokémon Crystal Awakening	Nintendo Game Boy Color	Screenshot - Gameplay	World	Pok_mon_Crystal_Awakening__Screenshot_-_Gameplay__World__3bfc99b7-7ae0-4121-918c-f748f182c9f0.png
IMG	Pokémon Crystal Awakening	Nintendo Game Boy Color	Screenshot - Gameplay	World	Pok_mon_Crystal_Awakening__Screenshot_-_Gameplay__World__7ba5986d-b037-4f75-9226-c2d697f27a42.png
IMG	Pokémon Crystal Awakening	Nintendo Game Boy Color	Screenshot - Gameplay	World	Pok_mon_Crystal_Awakening__Screenshot_-_Gameplay__World__0047db21-7f7e-4d39-8e2b-bb814b5e7445.png
IMG	Pokémon Crystal Awakening	Nintendo Game Boy Color	Screenshot - Game Title	World	Pok_mon_Crystal_Awakening__Screenshot_-_Game_Title__World__9531ec07-eb63-4f77-89e7-8ef0a3f614d0.png
IMG	Pokémon Crystal Inheritance	Nintendo Game Boy Color	Box - Front	World	Pok_mon_Crystal_Inheritance__Box_-_Front__World__eaa78057-b4d4-4c71-8424-344d8af13ceb.png
IMG	Pokémon Crystal Inheritance	Nintendo Game Boy Color	Screenshot - Gameplay	World	Pok_mon_Crystal_Inheritance__Screenshot_-_Gameplay__World__a7b44fc0-f993-40c4-88e0-300cb2c8ebb7.png
IMG	Pokémon Crystal Inheritance	Nintendo Game Boy Color	Screenshot - Gameplay	World	Pok_mon_Crystal_Inheritance__Screenshot_-_Gameplay__World__a509b602-de4f-42b6-b311-f6df8fca4959.png
IMG	Pokémon Crystal Inheritance	Nintendo Game Boy Color	Screenshot - Gameplay	World	Pok_mon_Crystal_Inheritance__Screenshot_-_Gameplay__World__4114c7f1-a116-438f-9cb7-57e5080452bc.png
IMG	Pokémon Crystal Inheritance	Nintendo Game Boy Color	Screenshot - Gameplay	World	Pok_mon_Crystal_Inheritance__Screenshot_-_Gameplay__World__046b49e9-2af4-404b-af0c-04e3d1272d57.png
IMG	Pokémon Crystal Inheritance	Nintendo Game Boy Color	Screenshot - Gameplay	World	Pok_mon_Crystal_Inheritance__Screenshot_-_Gameplay__World__19c70e42-f11b-4222-8aa0-52085137be3a.png
IMG	Pokémon Crystal Inheritance	Nintendo Game Boy Color	Screenshot - Game Select	World	Pok_mon_Crystal_Inheritance__Screenshot_-_Game_Select__World__d523ce98-4959-4b86-b01d-d7dc0ace118e.png
IMG	Pokemon Crystal Leaf	Nintendo Game Boy Color	Box - Front	World	Pokemon_Crystal_Leaf__Box_-_Front__World__7087cc7b-c54e-4fd2-8f38-dc83c34abb73.png
IMG	Pokemon Crystal Leaf	Nintendo Game Boy Color	Poster	World	Pokemon_Crystal_Leaf__Poster__World__86de396b-7719-400b-b637-223edf056007.png
IMG	Pokemon Crystal Leaf	Nintendo Game Boy Color	Screenshot - Gameplay	World	Pokemon_Crystal_Leaf__Screenshot_-_Gameplay__World__df251dec-026a-4ef4-be07-fab4c0df8559.png
IMG	Pokemon Crystal Leaf	Nintendo Game Boy Color	Screenshot - Gameplay	World	Pokemon_Crystal_Leaf__Screenshot_-_Gameplay__World__7aa732c5-b181-4403-a896-0dac5f99a538.png
IMG	Pokemon Crystal Leaf	Nintendo Game Boy Color	Screenshot - Gameplay	World	Pokemon_Crystal_Leaf__Screenshot_-_Gameplay__World__1cd350d8-b3c4-4f50-876a-6973999b65ac.png
IMG	Pokemon Crystal Leaf	Nintendo Game Boy Color	Screenshot - Gameplay	World	Pokemon_Crystal_Leaf__Screenshot_-_Gameplay__World__d94a5cf0-6b01-41ed-bfc5-c7952ce3d1bd.png
IMG	Pokémon Crystal Mirror	Nintendo Game Boy Color	Box - Front	World	Pok_mon_Crystal_Mirror__Box_-_Front__World__08c6cadb-9cfe-4203-8174-37e75e50c999.png
IMG	Pokémon Crystal Mirror	Nintendo Game Boy Color	Screenshot - Gameplay	World	Pok_mon_Crystal_Mirror__Screenshot_-_Gameplay__World__76c06617-fbe3-4d56-8da1-40bb527657cb.png
IMG	Pokémon Crystal Mirror	Nintendo Game Boy Color	Screenshot - Gameplay	World	Pok_mon_Crystal_Mirror__Screenshot_-_Gameplay__World__9a644358-18da-4830-b46a-fe0005483ea4.png
IMG	Pokémon Crystal Mirror	Nintendo Game Boy Color	Screenshot - Gameplay	World	Pok_mon_Crystal_Mirror__Screenshot_-_Gameplay__World__f4a57171-ab84-4242-9d37-04855ce8d9d1.png
IMG	Pokémon Crystal Mirror	Nintendo Game Boy Color	Screenshot - Gameplay	World	Pok_mon_Crystal_Mirror__Screenshot_-_Gameplay__World__e452de99-b388-4b56-8c51-af3f19fdd079.png
IMG	Pokémon Crystal Mirror	Nintendo Game Boy Color	Screenshot - Gameplay	World	Pok_mon_Crystal_Mirror__Screenshot_-_Gameplay__World__84909557-049c-4c65-b235-affd823d55de.png
IMG	Pokémon Crystal Mirror	Nintendo Game Boy Color	Screenshot - Gameplay	World	Pok_mon_Crystal_Mirror__Screenshot_-_Gameplay__World__dfb463c1-5e35-4589-a14a-a88e82d9f5db.png
IMG	Pokémon Crystal Mirror	Nintendo Game Boy Color	Screenshot - Game Title	World	Pok_mon_Crystal_Mirror__Screenshot_-_Game_Title__World__6c1748d7-8124-48b3-b725-346e4eb61033.png
IMG	Pokémon Gauntlet Gold	Nintendo Game Boy Color	Box - Front	World	Pok_mon_Gauntlet_Gold__Box_-_Front__World__43bb16fd-fc48-4fbd-b6b8-23937cee01eb.png
IMG	Pokémon Gauntlet Gold	Nintendo Game Boy Color	Cart - Front	World	Pok_mon_Gauntlet_Gold__Cart_-_Front__World__d06a1470-b6ef-4ceb-bd98-c82bf62be661.png
IMG	Pokémon Gauntlet Gold	Nintendo Game Boy Color	Screenshot - Gameplay	World	Pok_mon_Gauntlet_Gold__Screenshot_-_Gameplay__World__bf028e48-df77-4ddc-9800-67c0d827c96f.png
IMG	Pokémon Gauntlet Gold	Nintendo Game Boy Color	Screenshot - Gameplay	World	Pok_mon_Gauntlet_Gold__Screenshot_-_Gameplay__World__054f8233-fc89-4c84-a9ab-138226039002.png
IMG	Pokémon Crystal Prodigy	Nintendo Game Boy Color	Box - Front	World	Pok_mon_Crystal_Prodigy__Box_-_Front__World__b012cefc-ee42-4dc4-92b1-39912f03f30e.png
IMG	Pokémon Crystal Prodigy	Nintendo Game Boy Color	Screenshot - Gameplay	World	Pok_mon_Crystal_Prodigy__Screenshot_-_Gameplay__World__f6ae9b95-24b4-4f76-b02e-b360315fda37.png
IMG	Pokémon Crystal Prodigy	Nintendo Game Boy Color	Screenshot - Gameplay	World	Pok_mon_Crystal_Prodigy__Screenshot_-_Gameplay__World__bf0b4bed-b72a-4814-b70c-235f59d117c1.png
IMG	Pokémon Crystal Prodigy	Nintendo Game Boy Color	Screenshot - Gameplay	World	Pok_mon_Crystal_Prodigy__Screenshot_-_Gameplay__World__0245575d-9c5a-4941-987f-026f2042468c.png
IMG	Pokémon Crystal Prodigy	Nintendo Game Boy Color	Screenshot - Game Title	World	Pok_mon_Crystal_Prodigy__Screenshot_-_Game_Title__World__6704ad17-3133-4aab-a057-9828c5dd05e2.png
IMG	Pokémon Gold Sinnoh	Nintendo Game Boy Color	Box - Front	World	Pok_mon_Gold_Sinnoh__Box_-_Front__World__9f6b5c49-b787-4c2a-a62f-6d353627fb11.jpg
IMG	Pokémon Gold Sinnoh	Nintendo Game Boy Color	Screenshot - Gameplay	World	Pok_mon_Gold_Sinnoh__Screenshot_-_Gameplay__World__a3634f71-7a4d-420d-b75c-53dd07ff4de6.png
IMG	Pokémon Gold Sinnoh	Nintendo Game Boy Color	Screenshot - Gameplay	World	Pok_mon_Gold_Sinnoh__Screenshot_-_Gameplay__World__c5aa9258-9fe1-460b-8ffd-fd51651f3a9a.png
IMG	Pokémon Gold Sinnoh	Nintendo Game Boy Color	Screenshot - Gameplay	World	Pok_mon_Gold_Sinnoh__Screenshot_-_Gameplay__World__a1fb6328-c785-4345-8ddc-b47b55156cfe.png
IMG	Pokémon Gold Sinnoh	Nintendo Game Boy Color	Screenshot - Gameplay	World	Pok_mon_Gold_Sinnoh__Screenshot_-_Gameplay__World__ece8330e-c2a7-4dd3-b288-d8fcf202adef.png
IMG	Pokémon Gold Sinnoh	Nintendo Game Boy Color	Screenshot - Gameplay	World	Pok_mon_Gold_Sinnoh__Screenshot_-_Gameplay__World__7cd75e79-3a0f-4552-a267-337d4b22bc1b.png
IMG	Pokémon Gold Sinnoh	Nintendo Game Boy Color	Screenshot - Gameplay	World	Pok_mon_Gold_Sinnoh__Screenshot_-_Gameplay__World__5d759bd0-964f-4964-9ee6-9a4f098a226f.png
IMG	Pokémon Lunatic Crystal	Nintendo Game Boy Color	Box - Front	World	Pok_mon_Lunatic_Crystal__Box_-_Front__World__r2_137274ad-ba1f-40c0-96a3-620f96862855.png
IMG	Pokémon Lunatic Crystal	Nintendo Game Boy Color	Screenshot - Gameplay	World	Pok_mon_Lunatic_Crystal__Screenshot_-_Gameplay__World__601f1f8c-f2b3-4088-b7fd-46b989459211.png
IMG	Pokémon Lunatic Crystal	Nintendo Game Boy Color	Screenshot - Gameplay	World	Pok_mon_Lunatic_Crystal__Screenshot_-_Gameplay__World__40dd737a-2b12-4671-b315-103c3a0ccafb.png
IMG	Pokémon Lunatic Crystal	Nintendo Game Boy Color	Screenshot - Gameplay	World	Pok_mon_Lunatic_Crystal__Screenshot_-_Gameplay__World__bb14d49f-06b0-41ba-895f-d285db7088ba.png
IMG	Pokémon Lunatic Crystal	Nintendo Game Boy Color	Screenshot - Gameplay	World	Pok_mon_Lunatic_Crystal__Screenshot_-_Gameplay__World__e20953ee-9276-4777-b767-959830f22cfe.png
IMG	Pokémon Lunatic Crystal	Nintendo Game Boy Color	Screenshot - Gameplay	World	Pok_mon_Lunatic_Crystal__Screenshot_-_Gameplay__World__ef3eaa22-9cb1-4356-9bad-1891fbcc923e.png
IMG	Pokémon Lunatic Crystal	Nintendo Game Boy Color	Screenshot - Game Title	World	Pok_mon_Lunatic_Crystal__Screenshot_-_Game_Title__World__c5630856-8050-4564-a73e-d96f06cab34b.png
IMG	Pokémon Pure Silver	Nintendo Game Boy Color	Box - Front	World	Pok_mon_Pure_Silver__Box_-_Front__World__05362bc1-f909-4190-92be-4043d060f8e8.png
IMG	Pokémon Pure Silver	Nintendo Game Boy Color	Screenshot - Gameplay	World	Pok_mon_Pure_Silver__Screenshot_-_Gameplay__World__7d488d51-f338-4d36-ae3d-b60cc04f5b2d.png
IMG	Pokémon Pure Silver	Nintendo Game Boy Color	Screenshot - Gameplay	World	Pok_mon_Pure_Silver__Screenshot_-_Gameplay__World__86fc6e46-4f33-4216-8416-b62240a48535.png
IMG	Pokémon Pure Silver	Nintendo Game Boy Color	Screenshot - Gameplay	World	Pok_mon_Pure_Silver__Screenshot_-_Gameplay__World__15a1a15e-500e-48c0-8ebd-0be76cfe10db.png
IMG	Pokémon Pure Silver	Nintendo Game Boy Color	Screenshot - Gameplay	World	Pok_mon_Pure_Silver__Screenshot_-_Gameplay__World__6bad9424-1410-44b0-951e-d1dc820f440b.png
IMG	Pokémon Salt Crystal Version	Nintendo Game Boy Color	Box - Front	World	Pok_mon_Salt_Crystal_Version__Box_-_Front__World__79b1a82c-53af-4e87-84b3-33db7aac8089.png
IMG	Pokémon Salt Crystal Version	Nintendo Game Boy Color	Screenshot - Gameplay	World	Pok_mon_Salt_Crystal_Version__Screenshot_-_Gameplay__World__e09307ca-aa75-4c27-8651-b15bcde4bc80.png
IMG	Pokémon Salt Crystal Version	Nintendo Game Boy Color	Screenshot - Gameplay	World	Pok_mon_Salt_Crystal_Version__Screenshot_-_Gameplay__World__002630ea-befe-4c84-a4ab-44fb2586ff47.png
IMG	Pokémon Salt Crystal Version	Nintendo Game Boy Color	Screenshot - Gameplay	World	Pok_mon_Salt_Crystal_Version__Screenshot_-_Gameplay__World__189babe0-6810-435f-82ec-bac96d5a6758.png
IMG	Pokémon Salt Crystal Version	Nintendo Game Boy Color	Screenshot - Gameplay	World	Pok_mon_Salt_Crystal_Version__Screenshot_-_Gameplay__World__f40a8389-91bc-4ade-be9e-1605fb3b4fed.png
IMG	Pokémon Salt Crystal Version	Nintendo Game Boy Color	Screenshot - Gameplay	World	Pok_mon_Salt_Crystal_Version__Screenshot_-_Gameplay__World__e6a9788f-de29-4191-a2cc-03812d978133.png
IMG	Pokémon Small Crystal Cappuccino Deluxe Edition​	Nintendo Game Boy Color	Box - Front	World	Pok_mon_Small_Crystal_Cappuccino_Deluxe_Edition___Box_-_Front__World__f298511a-01b3-4178-9515-ad40e1730d6d.png
IMG	Pokémon Small Crystal Cappuccino Deluxe Edition​	Nintendo Game Boy Color	Screenshot - Gameplay	World	Pok_mon_Small_Crystal_Cappuccino_Deluxe_Edition___Screenshot_-_Gameplay__World__0b9531e0-2c20-458a-8447-4aca5c42369e.jpg
IMG	Pokémon Small Crystal Cappuccino Deluxe Edition​	Nintendo Game Boy Color	Screenshot - Gameplay	World	Pok_mon_Small_Crystal_Cappuccino_Deluxe_Edition___Screenshot_-_Gameplay__World__13cf6996-a4aa-47d1-b117-2626791cd5c5.jpg
IMG	Pokémon Small Crystal Cappuccino Deluxe Edition​	Nintendo Game Boy Color	Screenshot - Gameplay	World	Pok_mon_Small_Crystal_Cappuccino_Deluxe_Edition___Screenshot_-_Gameplay__World__40ea0da8-9c8d-41c3-a1e9-8718df219e4a.jpg
IMG	Pokémon Small Crystal Cappuccino Deluxe Edition​	Nintendo Game Boy Color	Screenshot - Gameplay	World	Pok_mon_Small_Crystal_Cappuccino_Deluxe_Edition___Screenshot_-_Gameplay__World__0d73d51c-ac83-4721-b59c-4ce2463f1c67.jpg
IMG	Pokémon Small Crystal Cappuccino Deluxe Edition​	Nintendo Game Boy Color	Screenshot - Game Title	World	Pok_mon_Small_Crystal_Cappuccino_Deluxe_Edition___Screenshot_-_Game_Title__World__d9e497a0-c314-41fe-a6e7-c0ee2fdd1f4e.png
IMG	Pokémon Gold Unova	Nintendo Game Boy Color	Box - Front	World	Pok_mon_Gold_Unova__Box_-_Front__World__baf5da20-960f-4dbb-bfae-d27385bffc75.png
IMG	Pokémon Gold Unova	Nintendo Game Boy Color	Screenshot - Gameplay	World	Pok_mon_Gold_Unova__Screenshot_-_Gameplay__World__e1cd5a9a-4e3c-4fba-a385-05a8d5eca894.png
IMG	Pokémon Gold Unova	Nintendo Game Boy Color	Screenshot - Gameplay	World	Pok_mon_Gold_Unova__Screenshot_-_Gameplay__World__3ae00d7b-3f93-4378-8ceb-54838ba6c937.png
IMG	Pokémon Gold Unova	Nintendo Game Boy Color	Screenshot - Gameplay	World	Pok_mon_Gold_Unova__Screenshot_-_Gameplay__World__2526f965-a97a-47f3-9be8-1ad8fdc8daa8.png
IMG	Pokémon Gold Unova	Nintendo Game Boy Color	Screenshot - Gameplay	World	Pok_mon_Gold_Unova__Screenshot_-_Gameplay__World__f77e03ba-0d30-460f-8e30-f34aca053b00.png
IMG	Pokémon Gold Unova	Nintendo Game Boy Color	Screenshot - Gameplay	World	Pok_mon_Gold_Unova__Screenshot_-_Gameplay__World__f8d070d3-05c3-4ae1-ae99-ebe84927c0e6.png
IMG	Pokémon Gold Unova	Nintendo Game Boy Color	Screenshot - Gameplay	World	Pok_mon_Gold_Unova__Screenshot_-_Gameplay__World__f662f951-f737-475d-bde0-26fb6c0f6f14.png
IMG	Pokémon Gold Unova	Nintendo Game Boy Color	Screenshot - Gameplay	World	Pok_mon_Gold_Unova__Screenshot_-_Gameplay__World__7e125692-dd9d-434c-8ba1-e8a79a938843.png
IMG	Pokemon Evergreen Version	Nintendo Game Boy Advance	Box - Front	North America	Pokemon_Evergreen_Version__Box_-_Front__North_America__0b705204-67ff-4e6a-ba7e-dd4d0fa756c6.png
IMG	Pokemon Evergreen Version	Nintendo Game Boy Advance	Cart - Front		Pokemon_Evergreen_Version__Cart_-_Front____36138fea-a537-41ea-b3ee-a2c937d3076e.png
IMG	Pokemon Evergreen Version	Nintendo Game Boy Advance	Screenshot - Game Title		Pokemon_Evergreen_Version__Screenshot_-_Game_Title____833036cb-c2c9-480b-8ecc-f9180e646087.png
IMG	Pokémon Red Version Full Color Hack	Nintendo Game Boy Color	Fanart - Box - Front		Pok_mon_Red_Version_Full_Color_Hack__Fanart_-_Box_-_Front____ffea8a92-5800-49e1-8b80-3c73722c750c.png
IMG	Pokémon Red Version Full Color Hack	Nintendo Game Boy Color	Screenshot - Gameplay		Pok_mon_Red_Version_Full_Color_Hack__Screenshot_-_Gameplay____61c96538-942a-4bb5-92a3-9c2b937f4cae.png
IMG	Pokémon SoulGold	Nintendo Game Boy Advance	Fanart - Box - Front	North America	Pok_mon_SoulGold__Fanart_-_Box_-_Front__North_America__179a9b2c-3d06-46ee-a579-3c97b6b6f35d.jpg
IMG	Pokémon SoulGold	Nintendo Game Boy Advance	Screenshot - Gameplay	North America	Pok_mon_SoulGold__Screenshot_-_Gameplay__North_America__ac340c3d-827d-46a4-9d76-d73d9107751c.jpg
IMG	Game Boy Advance Video: Pokemon: Volume 3	Nintendo Game Boy Advance	Box - Front	World	Game_Boy_Advance_Video_Pokemon_Volume_3__Box_-_Front__World__bd1b1b3f-03a0-4dab-a3b5-2cb09ffdcf8a.jpg
IMG	Game Boy Advance Video: Pokemon: Volume 3	Nintendo Game Boy Advance	Screenshot - Gameplay	World	Game_Boy_Advance_Video_Pokemon_Volume_3__Screenshot_-_Gameplay__World__317ffcd9-0882-4358-bbba-cddec99c0760.jpg
IMG	Game Boy Advance Video: Pokemon: Volume 3	Nintendo Game Boy Advance	Screenshot - Gameplay	World	Game_Boy_Advance_Video_Pokemon_Volume_3__Screenshot_-_Gameplay__World__99333887-20e1-4fd3-80cd-c5b29ca92069.jpg
IMG	Game Boy Advance Video: Pokemon: Volume 3	Nintendo Game Boy Advance	Screenshot - Game Select	World	Game_Boy_Advance_Video_Pokemon_Volume_3__Screenshot_-_Game_Select__World__2fb74ef1-aa1b-4fa3-8ebd-fad554d53a80.jpg
BULBA API FAILED	HTTP Error 403: Forbidden
BULBA PAGE	wayback	https://archives.bulbagarden.net/wiki/Category:Game_cartridges	16641 bytes
BULBA CDX FAILED	gave up on https://web.archive.org/cdx/search/cdx?url=archives.bulbagarden.net/media/upload/*&output=json&collapse=urlkey&filter=statuscode:200&filter=original:.*(?i)(cartridge|_cart|cart_|gamepak|game_pak).*
GAMETDB	ECLP_cover_US.jpg
GAMETDB	ECLP_cover_EN.jpg
GAMETDB	ECLP_cover_JA.jpg
GAMETDB	ECLP_cover_FR.jpg
GAMETDB	ECLP_cover_DE.jpg
GAMETDB	ECLP_cover_ES.jpg
GAMETDB	ECLP_cover_IT.jpg
GAMETDB	ECLP_cover_NL.jpg
GAMETDB	ECLP_coverHQ_US.jpg
GAMETDB	ECLP_coverHQ_EN.jpg
GAMETDB	ECLP_coverHQ_JA.jpg
GAMETDB	ECLP_coverHQ_FR.jpg
GAMETDB	ECLP_coverHQ_DE.jpg
GAMETDB	ECLP_coverHQ_NL.jpg
GAMETDB	ECLP_coverM_US.jpg
GAMETDB	ECLP_coverM_EN.jpg
GAMETDB	ECLP_coverM_JA.jpg
GAMETDB	ECLP_coverM_FR.jpg
GAMETDB	ECLP_coverM_DE.jpg
GAMETDB	ECLP_coverM_ES.jpg
GAMETDB	ECLP_coverM_IT.jpg
GAMETDB	ECLP_coverM_NL.jpg
GAMETDB	ECLP_coverfull_EN.jpg
GAMETDB	ECLP_coverfull_FR.jpg
GAMETDB	ECLP_coverfull_DE.jpg
GAMETDB	ECLP_coverfull_NL.jpg
GAMETDB	ECLP_coverfullHQ_EN.jpg
GAMETDB	ECLP_coverfullHQ_FR.jpg
GAMETDB	ECLP_coverfullHQ_DE.jpg
GAMETDB	ECLP_coverfullHQ_NL.jpg
GAMETDB	ECLP_box_US.png
GAMETDB	ECLP_box_EN.png
GAMETDB	ECLP_box_JA.png
GAMETDB	ECLP_box_FR.png
GAMETDB	ECLP_box_DE.png
GAMETDB	ECLP_box_ES.png
GAMETDB	ECLP_box_IT.png
GAMETDB	ECLP_box_NL.png
GAMETDB	ECLP_cart_EN.png
SPRITERS STATUS	ok	54740 bytes
SPRITERS	159753	HOME Menu Banners - HOME Menu - 3DS - The Spriters Resource	1 files
SPRITERS	149134	HOME Menu Icon - HOME Menu - 3DS - The Spriters Resource	1 files
SPRITERS	69838	Buttons - HOME Menu - 3DS - The Spriters Resource	1 files
SPRITERS	69837	Graph - HOME Menu - 3DS - The Spriters Resource	1 files
SPRITERS	159756	HOME Menu Banners - HOME Menu - 3DS - The Spriters Resource	1 files
SPRITERS	149125	HOME Menu Icon - HOME Menu - 3DS - The Spriters Resource	1 files
SPRITERS	69835	Stamps: UFO - HOME Menu - 3DS - The Spriters Resource	1 files
SPRITERS	69836	Timer - HOME Menu - 3DS - The Spriters Resource	1 files
SPRITERS	69444	Tip Parakeet - HOME Menu - 3DS - The Spriters Resource	1 files
SPRITERS	235274	Unused HOME Menu Banner (v1.0.0-0) - HOME Menu - 3DS - The Spriters Resource	1 files
SPRITERS	235277	Unused HOME Menu Icon (v1.0.0-0) - HOME Menu - 3DS - The Spriters Resource	1 files
SPRITERS	159758	HOME Menu Banners - HOME Menu - 3DS - The Spriters Resource	1 files
SPRITERS	149126	HOME Menu Icon - HOME Menu - 3DS - The Spriters Resource	1 files
SPRITERS	72838	Icons - HOME Menu - 3DS - The Spriters Resource	1 files
SPRITERS	72839	Player - HOME Menu - 3DS - The Spriters Resource	1 files
SPRITERS	72837	Tip Parakeet - HOME Menu - 3DS - The Spriters Resource	1 files
SPRITERS	235275	Unused HOME Menu Banner (v1.0.0-0) - HOME Menu - 3DS - The Spriters Resource	1 files
SPRITERS	235278	Unused HOME Menu Icon (v1.0.0-0) - HOME Menu - 3DS - The Spriters Resource	1 files
SPRITERS	114824	Usage Tip Dialog - HOME Menu - 3DS - The Spriters Resource	1 files
SPRITERS	149245	Gender Select Icons - HOME Menu - 3DS - The Spriters Resource	1 files
SPRITERS	158466	HOME Menu Banners - HOME Menu - 3DS - The Spriters Resource	1 files
SPRITERS	147729	HOME Menu Icon - HOME Menu - 3DS - The Spriters Resource	1 files
SPRITERS	149224	Loading Screen - HOME Menu - 3DS - The Spriters Resource	1 files
SPRITERS SKIP	151058	Mii Color Options
SPRITERS SKIP	149416	Mii Eye Options
SPRITERS SKIP	149415	Mii Eyebrow Options
SPRITERS SKIP	149395	Mii Hair Options
SPRITERS SKIP	149227	Mii Head Options
SPRITERS SKIP	149511	Mii Miscellaneous Options
SPRITERS SKIP	149512	Mii Mouth Options
SPRITERS SKIP	149510	Mii Nose Options
SPRITERS	167682	Boot - HOME Menu - 3DS - The Spriters Resource	1 files
SPRITERS	114645	Download Screen - HOME Menu - 3DS - The Spriters Resource	1 files
SPRITERS	159757	HOME Menu Banners - HOME Menu - 3DS - The Spriters Resource	1 files
SPRITERS	149123	HOME Menu Icon - HOME Menu - 3DS - The Spriters Resource	1 files
SPRITERS	159752	HOME Menu Banners - HOME Menu - 3DS - The Spriters Resource	1 files
SPRITERS	149133	HOME Menu Icon - HOME Menu - 3DS - The Spriters Resource	1 files
SPRITERS	158467	HOME Menu Banners - HOME Menu - 3DS - The Spriters Resource	1 files
SPRITERS	149128	HOME Menu Icon - HOME Menu - 3DS - The Spriters Resource	1 files
SPRITERS	159755	HOME Menu Banners - HOME Menu - 3DS - The Spriters Resource	1 files
SPRITERS	149135	HOME Menu Icon - HOME Menu - 3DS - The Spriters Resource	1 files
SPRITERS	149132	Save Data Icon - HOME Menu - 3DS - The Spriters Resource	1 files
SPRITERS	149131	Save Data Icon - HOME Menu - 3DS - The Spriters Resource	1 files
SPRITERS	149127	Save Data Icon - HOME Menu - 3DS - The Spriters Resource	1 files
SPRITERS	149130	Save Data Icon - HOME Menu - 3DS - The Spriters Resource	1 files
SPRITERS	562588	HOME Button Disabled Icon - HOME Menu - 3DS - The Spriters Resource	1 files
SPRITERS	217286	Startup Sequence - HOME Menu - 3DS - The Spriters Resource	1 files
